HBDNO,BULD_REGSTR_PK,TOTAL_REGSTR_PK,BULDGB,REGSTRKD,ARCODE,LEGCD,BUN,JI,RDCODE,RDLEGCD,UNDER_AT,BD_MAIN_BUN,BD_SUB_BUN,CRDE
BS0203117101110001730003000000001,102511024,10251106,2,3,11710,11100,0173,0003,117104169458,11101,0,00011,00000,20220813
BS0102117101110000880000000000002,102511036,10251110,1,2,11710,11100,0088,0000,117103123023,11104,0,00424,00000,20220813
BS0102117101110000880000000000003,102511039,10251110,1,2,11710,11100,0088,0000,117103123023,11104,0,00424,00000,20220813
BS0102117101110000880000000000004,102511040,10251110,1,2,11710,11100,0088,0000,117103123023,11104,0,00448,00000,20240619
BS0102117101110001390000000000005,102511048,10251113,1,2,11710,11100,0139,0000,117104169020,11101,0,00011,00000,20220813
BS0203117101110001540009000000006,102511058,10251117,2,3,11710,11100,0154,0009,117104169458,11101,0,00024,00020,20220813
BS0203117101110001710000000000007,102511061,10251118,2,3,11710,11100,0171,0000,117102123002,11101,0,00058,00000,20220813
BS0203117101110002170000000000008,102511065,10251119,2,3,11710,11100,0217,0000,117104169109,11101,0,00020,00000,20220813
BS0203117101110002170000000000009,102511068,10251119,2,3,11710,11100,0217,0000,117102000006,11102,0,01109,00000,20220813
BS0203117101110001270022000000010,102511177,10251156,2,3,11710,11100,0127,0022,117104169016,11101,0,00005,00008,20220813
BS0203117101110001970000000000011,102511337,10251218,2,3,11710,11100,0197,0000,117104169448,11101,0,00025,00000,20220813
BS0102117101110001670000000000012,102511440,10251232,1,2,11710,11100,0167,0000,117104169447,11101,0,00004,00000,20220813
BS0102117101110001670000000000013,102511441,10251232,1,2,11710,11100,0167,0000,117104169447,11101,0,00004,00000,20220813
BS0102117101110000530000000000014,102511469,10251240,1,2,11710,11100,0053,0000,117104169374,11101,0,00064,00000,20230621
BS0102117101110001410006000000015,102511480,10251245,1,2,11710,11100,0141,0006,117104169200,11101,0,00031,00000,20241106
BS0102117101110000880014000000016,102511486,10251248,1,2,11710,11100,0088,0014,117102123001,11102,0,00232,00000,20220813
BS0102117101110000880014000000017,102511491,10251248,1,2,11710,11100,0088,0014,117102123001,11102,0,00232,00000,20220813
BS0102117101110000880014000000018,102511494,10251248,1,2,11710,11100,0088,0014,117102123001,11102,0,00232,00000,20220813
BS0102117101110000880014000000019,102511500,10251248,1,2,11710,11100,0088,0014,117102123001,11102,0,00232,00000,20220813
BS0102117101110000880002000000020,102511981,10251347,1,2,11710,11100,0088,0002,117103123023,11104,0,00424,00000,20220813
BS0102117101110000880002000000021,102511984,10251347,1,2,11710,11100,0088,0002,117103123023,11104,0,00424,00000,20220813
BS0102117101110000880002000000022,102511986,10251347,1,2,11710,11100,0088,0002,117103123023,11104,0,00424,00000,20220813
BS0102117101110000880002000000023,102511987,10251347,1,2,11710,11100,0088,0002,117103123023,11104,0,00424,00000,20220813
BS0102117101110000880002000000024,102511988,10251347,1,2,11710,11100,0088,0002,117103123023,11104,0,00424,00000,20230329
BS0102117101110000880002000000025,102511990,10251347,1,2,11710,11100,0088,0002,117103123023,11104,0,00424,00000,20220813
BS0102117101110000880002000000026,102511991,10251347,1,2,11710,11100,0088,0002,117103123023,11104,0,00424,00000,20220813
BS0102117101110000880002000000027,102511993,10251347,1,2,11710,11100,0088,0002,117103123023,11104,0,00424,00000,20220813
BS0102117101110000880002000000028,102511999,10251347,1,2,11710,11100,0088,0002,117103123023,11104,0,00424,00000,20220813
BS0203117101110001940005000000029,102512033,10251362,2,3,11710,11100,0194,0005,117104169449,11101,0,00018,00000,20220813
BS0102117101110000880015000000030,102512276,10251425,1,2,11710,11100,0088,0015,117102000006,11102,0,01239,00000,20230331
BS0102117101110000880015000000031,102512281,10251425,1,2,11710,11100,0088,0015,117102000006,11102,0,01239,00000,20230331
BS0102117101110000880015000000032,102512282,10251425,1,2,11710,11100,0088,0015,117102000006,11102,0,01239,00000,20250403
BS0102117101110000880015000000033,102512285,10251425,1,2,11710,11100,0088,0015,117102000006,11102,0,01239,00000,20230331
BS0102117101110000890016000000034,102512307,10251434,1,2,11710,11100,0089,0016,117102000006,11102,0,01196,00000,20220813
BS0102117101110000890016000000035,102512308,10251434,1,2,11710,11100,0089,0016,117102000006,11102,0,01196,00000,20220813
BS0102117101110000880003000000036,102512771,10251527,1,2,11710,11100,0088,0003,117103123023,11104,0,00424,00000,20250912
BS0102117101110000880003000000037,102512772,10251527,1,2,11710,11100,0088,0003,117103123023,11104,0,00424,00000,20220813
BS0203117101110000890000000000038,102512796,10251534,2,3,11710,11100,0089,0000,117102000006,11102,0,01218,00000,20220813
BS0203117101110000890000000000039,102512798,10251534,2,3,11710,11100,0089,0000,117102000006,11102,0,01218,00000,20220813
BS0203117101110000890000000000040,102512799,10251534,2,3,11710,11100,0089,0000,117102000006,11102,0,01218,00000,20220813
BS0203117101110000890000000000041,102512801,10251534,2,3,11710,11100,0089,0000,117102000006,11102,0,01218,00000,20220813
BS0203117101110000890000000000042,102512804,10251534,2,3,11710,11100,0089,0000,117102000006,11102,0,01218,00000,20220813
BS0203117101110000890000000000043,102512805,10251534,2,3,11710,11100,0089,0000,117102000006,11102,0,01218,00000,20220813
BS0203117101110000890000000000044,102512806,10251534,2,3,11710,11100,0089,0000,117102000006,11102,0,01218,00000,20220813
BS0203117101110000890000000000045,102512808,10251534,2,3,11710,11100,0089,0000,117102000006,11102,0,01218,00000,20220813
BS0203117101110000890000000000046,102512811,10251534,2,3,11710,11100,0089,0000,117102000006,11102,0,01218,00000,20220813
BS0203117101110000890000000000047,102512812,10251534,2,3,11710,11100,0089,0000,117102000006,11102,0,01218,00000,20220813
BS0203117101110000890000000000048,102512813,10251534,2,3,11710,11100,0089,0000,117102000006,11102,0,01218,00000,20220813
BS0203117101110000890000000000049,102512814,10251534,2,3,11710,11100,0089,0000,117102000006,11102,0,01218,00000,20220813
BS0203117101110000890000000000050,102512815,10251534,2,3,11710,11100,0089,0000,117102000006,11102,0,01218,00000,20220813
BS0203117101110000890000000000051,102512816,10251534,2,3,11710,11100,0089,0000,117102000006,11102,0,01218,00000,20220813
BS0203117101110000890000000000052,102512818,10251534,2,3,11710,11100,0089,0000,117102000006,11102,0,01218,00000,20220813
BS0203117101110000890000000000053,102512820,10251534,2,3,11710,11100,0089,0000,117102000006,11102,0,01218,00000,20220813
BS0203117101110000890000000000054,102512823,10251534,2,3,11710,11100,0089,0000,117102000006,11102,0,01218,00000,20220813
BS0203117101110000890000000000055,102512825,10251534,2,3,11710,11100,0089,0000,117102000006,11102,0,01218,00000,20220813
BS0203117101110000890000000000056,102512828,10251534,2,3,11710,11100,0089,0000,117102000006,11102,0,01218,00000,20220813
BS0203117101110000890000000000057,102512833,10251534,2,3,11710,11100,0089,0000,117102000006,11102,0,01218,00000,20220813
BS0203117101110000890000000000058,102512841,10251534,2,3,11710,11100,0089,0000,117102000006,11102,0,01218,00000,20220813
BS0203117101110000890000000000059,102512843,10251534,2,3,11710,11100,0089,0000,117102000006,11102,0,01218,00000,20220813
BS0203117101110000890000000000060,102512847,10251534,2,3,11710,11100,0089,0000,117102000006,11102,0,01218,00000,20220813
BS0203117101110000890000000000061,102512848,10251534,2,3,11710,11100,0089,0000,117102000006,11102,0,01218,00000,20220813
BS0203117101110000890000000000062,102512849,10251534,2,3,11710,11100,0089,0000,117102000006,11102,0,01218,00000,20220813
BS0203117101110000890000000000063,102512850,10251534,2,3,11710,11100,0089,0000,117102000006,11102,0,01218,00000,20220813
BS0203117101110000890000000000064,102512851,10251534,2,3,11710,11100,0089,0000,117102000006,11102,0,01218,00000,20220813
BS0203117101110000890000000000065,102512852,10251534,2,3,11710,11100,0089,0000,117102000006,11102,0,01218,00000,20220813
BS0203117101110000890000000000066,102512853,10251534,2,3,11710,11100,0089,0000,117102000006,11102,0,01218,00000,20220813
BS0203117101110000890000000000067,102512854,10251534,2,3,11710,11100,0089,0000,117102000006,11102,0,01218,00000,20220813
BS0203117101110000890000000000068,102512859,10251534,2,3,11710,11100,0089,0000,117102000006,11102,0,01218,00000,20220813
BS0203117101110000890000000000069,102512860,10251534,2,3,11710,11100,0089,0000,117102000006,11102,0,01218,00000,20220813
BS0203117101110000890000000000070,102512862,10251534,2,3,11710,11100,0089,0000,117102000006,11102,0,01218,00000,20220813
BS0203117101110000890000000000071,102512865,10251534,2,3,11710,11100,0089,0000,117102000006,11102,0,01218,00000,20220813
BS0203117101110000890000000000072,102512867,10251534,2,3,11710,11100,0089,0000,117102000006,11102,0,01218,00000,20220813
BS0203117101110000890000000000073,102512870,10251534,2,3,11710,11100,0089,0000,117102000006,11102,0,01218,00000,20220813
BS0203117101110000890000000000074,102512874,10251534,2,3,11710,11100,0089,0000,117102000006,11102,0,01218,00000,20220813
BS0203117101110000890000000000075,102512877,10251534,2,3,11710,11100,0089,0000,117102000006,11102,0,01218,00000,20220813
BS0203117101110000890000000000076,102512880,10251534,2,3,11710,11100,0089,0000,117102000006,11102,0,01218,00000,20220813
BS0203117101110000890000000000077,102512885,10251534,2,3,11710,11100,0089,0000,117102000006,11102,0,01218,00000,20220813
BS0203117101110000890000000000078,102512888,10251534,2,3,11710,11100,0089,0000,117102000006,11102,0,01218,00000,20220813
BS0203117101110000890000000000079,102512890,10251534,2,3,11710,11100,0089,0000,117102000006,11102,0,01218,00000,20220813
BS0203117101110000890000000000080,102512896,10251534,2,3,11710,11100,0089,0000,117102000006,11102,0,01218,00000,20220813
BS0203117101110000890000000000081,102512898,10251534,2,3,11710,11100,0089,0000,117102000006,11102,0,01218,00000,20220813
BS0203117101110000890000000000082,102512900,10251534,2,3,11710,11100,0089,0000,117102000006,11102,0,01218,00000,20220813
BS0203117101110000890000000000083,102512903,10251534,2,3,11710,11100,0089,0000,117102000006,11102,0,01218,00000,20220813
BS0203117101110000890000000000084,102512906,10251534,2,3,11710,11100,0089,0000,117102000006,11102,0,01218,00000,20220813
BS0203117101110000890000000000085,102512908,10251534,2,3,11710,11100,0089,0000,117102000006,11102,0,01218,00000,20220813
BS0203117101110000890000000000086,102512909,10251534,2,3,11710,11100,0089,0000,117102000006,11102,0,01218,00000,20220813
BS0203117101110000890000000000087,102512912,10251534,2,3,11710,11100,0089,0000,117102000006,11102,0,01218,00000,20220813
BS0203117101110001660014000000088,102512923,10251538,2,3,11710,11100,0166,0014,117104169023,11101,0,00015,00029,20220813
BS0203117101110001720011000000089,102512928,10251540,2,3,11710,11100,0172,0011,117104169384,11101,0,00065,00000,20220813
BS0203117101110002250000000000090,102512933,10251542,2,3,11710,11100,0225,0000,117103123014,11104,0,00251,00000,20250227
BS0203117101110002270001000000091,102512936,10251543,2,3,11710,11100,0227,0001,117103123014,11104,0,00231,00000,20220813
BS0203117101110002270001000000092,102512937,10251543,2,3,11710,11100,0227,0001,117103123014,11104,0,00231,00000,20220813
BS0102117101110000370000000000093,102513153,10251595,1,2,11710,11100,0037,0000,117104169374,11101,0,00021,00020,20220813
BS0102117101110000890022000000094,102513161,10251600,1,2,11710,11100,0089,0022,117102000006,11102,0,01278,00000,20220813
BS0102117101110000890023000000095,102513162,10251601,1,2,11710,11100,0089,0023,117102000006,11102,0,01264,00000,20220813
BS0102117101110000890023000000096,102513163,10251601,1,2,11710,11100,0089,0023,117102000006,11102,0,01264,00000,20220813
BS0102117101110001100012000000097,102513168,10251603,1,2,11710,11100,0110,0012,117104169380,11101,0,00005,00000,20220813
BS0102117101110001280000000000098,102513169,10251604,1,2,11710,11100,0128,0000,117104169387,11101,0,00029,00000,20220813
BS0102117101110001280000000000099,102513170,10251604,1,2,11710,11100,0128,0000,117104169387,11101,0,00029,00000,20220813
BS0102117101110001280000000000100,102513171,10251604,1,2,11710,11100,0128,0000,117104169387,11101,0,00029,00000,20220813
BS0203117101110001940000000000101,102513181,10251609,2,3,11710,11100,0194,0000,117104169449,11101,0,00014,00000,20220813
BS0203117101110002120008000000102,102513182,10251610,2,3,11710,11100,0212,0008,117104169390,11101,0,00028,00000,20220813
BS0203117101110002120008000000103,102513185,10251610,2,3,11710,11100,0212,0008,117104169390,11101,0,00027,00000,20250418
BS0203117101110002120008000000104,102513186,10251610,2,3,11710,11100,0212,0008,117103123004,11101,0,00030,00000,20220813
BS0203117101110002120008000000105,102513188,10251610,2,3,11710,11100,0212,0008,117104169390,11101,0,00027,00000,20220813
BS0203117101110002120008000000106,102513189,10251610,2,3,11710,11100,0212,0008,117104169390,11101,0,00027,00000,20220813
BS0203117101110002120008000000107,102513190,10251610,2,3,11710,11100,0212,0008,117104169390,11101,0,00028,00000,20220813
BS0203117101110001270027000000108,102513464,,2,3,11710,11100,0127,0027,117104169016,11101,0,00007,00001,20220813
BS0203117101110001270012000000109,102513555,,2,3,11710,11100,0127,0012,117104169387,11101,0,00025,00021,20220813
BS0203117101110001850000000000110,102513560,,2,3,11710,11100,0185,0000,117104169372,11101,0,00002,00027,20250827
BS0102117101110002070001000000111,102513629,,1,2,11710,11100,0207,0001,117104169451,11101,0,00031,00014,20250822
BS0203117101110001030010000000112,102513662,,2,3,11710,11100,0103,0010,117104169378,11101,0,00025,00000,20220813
BS0203117101110001700007000000113,102513713,,2,3,11710,11100,0170,0007,117104169459,11101,0,00018,00000,20220813
BS0203117101110001310016000000114,102513740,,2,3,11710,11100,0131,0016,117104169017,11101,0,00015,00009,20220813
BS0102117101110001350005000000115,102513742,,1,2,11710,11100,0135,0005,117103123001,11103,0,00248,00000,20241107
BS0102117101110001920002000000116,102513758,,1,2,11710,11100,0192,0002,117104169450,11101,0,00004,00015,20220813
BS0203117101110001760010000000117,102513762,,2,3,11710,11100,0176,0010,117104169202,11101,0,00015,00013,20220813
BS0102117101110001300004000000118,102513906,,1,2,11710,11100,0130,0004,117104169387,11101,0,00041,00000,20240821
BS0102117101110001140015000000119,102513959,,1,2,11710,11100,0114,0015,117104169382,11101,0,00005,00033,20220813
BS0102117101110001220000000000120,102513990,,1,2,11710,11100,0122,0000,117104169200,11101,0,00036,00000,20220813
BS0102117101110002230004000000121,102514016,,1,2,11710,11100,0223,0004,117104169388,11101,0,00004,00000,20220813
BS0203117101110001150019000000122,102514030,,2,3,11710,11100,0115,0019,117104169015,11101,0,00027,00000,20220813
BS0203117101110001620017000000123,102514031,,2,3,11710,11100,0162,0017,117104169022,11101,0,00015,00007,20220813
BS0102117101110001190001000000124,102514062,,1,2,11710,11100,0119,0001,117104169200,11101,0,00026,00000,20250507
BS0102117101110001690004000000125,102514125,,1,2,11710,11100,0169,0004,117104169202,11101,0,00037,00000,20231010
BS0102117101110001960018000000126,102514150,,1,2,11710,11100,0196,0018,117104169448,11101,0,00007,00000,20220813
BS0203117101110001480014000000127,102514254,,2,3,11710,11100,0148,0014,117104169380,11101,0,00025,00000,20220813
BS0203117101110001620008000000128,102514306,,2,3,11710,11100,0162,0008,117104169447,11101,0,00027,00001,20220813
BS0102117101110000590005000000129,102514336,,1,2,11710,11100,0059,0005,117104169374,11101,0,00030,00008,20220813
BS0203117101110001530013000000130,102514408,,2,3,11710,11100,0153,0013,117104169458,11101,0,00024,00021,20220813
BS0102117101110002230007000000131,102514419,,1,2,11710,11100,0223,0007,117104169386,11101,0,00027,00000,20220813
BS0203117101110001450036000000132,102514432,,2,3,11710,11100,0145,0036,117104169200,11101,0,00011,00015,20220813
BS0102117101110002070002000000133,102514439,,1,2,11710,11100,0207,0002,117104169451,11101,0,00031,00012,20250827
BS0102117101110001010009000000134,102514511,,1,2,11710,11100,0101,0009,117104169456,11101,0,00055,00000,20220813
BS0102117101110001510008000000135,102514545,,1,2,11710,11100,0151,0008,117104169457,11101,0,00028,00000,20250604
BS0102117101110001490020000000136,102514566,,1,2,11710,11100,0149,0020,117104169200,11101,0,00003,00000,20220813
BS0102117101110001470003000000137,102514654,,1,2,11710,11100,0147,0003,117104169200,11101,0,00015,00000,20220813
BS0203117101110000390002000000138,102514673,,2,3,11710,11100,0039,0002,117104169374,11101,0,00033,00000,20250925
BS0203117101110000890008000000139,102514688,,2,3,11710,11100,0089,0008,117102000006,11102,0,01218,00000,20240112
BS0203117101110001930033000000140,102514703,,2,3,11710,11100,0193,0033,117104169449,11101,0,00017,00000,20220813
BS0102117101110001110009000000141,102514714,,1,2,11710,11100,0111,0009,117104169380,11101,0,00015,00000,20220813
BS0102117101110001510002000000142,102514744,,1,2,11710,11100,0151,0002,117104169199,11101,0,00028,00001,20220813
BS0102117101110001260004000000143,102514755,,1,2,11710,11100,0126,0004,117103123001,11103,0,00234,00000,20220813
BS0102117101110001930003000000144,102514769,,1,2,11710,11100,0193,0003,117104169372,11101,0,00028,00031,20220813
BS0102117101110000490002000000145,102514786,,1,2,11710,11100,0049,0002,117104169374,11101,0,00055,00016,20250122
BS0203117101110001560011000000146,102514817,,2,3,11710,11100,0156,0011,117104169384,11101,0,00051,00001,20220813
BS0102117101110002180031000000147,102514853,,1,2,11710,11100,0218,0031,117104169390,11101,0,00016,00007,20220813
BS0203117101110001270014000000148,102514877,,2,3,11710,11100,0127,0014,117104169387,11101,0,00025,00017,20220813
BS0102117101110001220011000000149,102514884,,1,2,11710,11100,0122,0011,117104169384,11101,0,00008,00003,20220813
BS0102117101110000990012000000150,102514965,,1,2,11710,11100,0099,0012,117104169429,11101,0,00039,00022,20220813
BS0102117101110001780004000000151,102515362,,1,2,11710,11100,0178,0004,117104169202,11101,0,00011,00000,20250529
BS0102117101110001560010000000152,102515379,,1,2,11710,11100,0156,0010,117104169384,11101,0,00053,00000,20250519
BS0203117101110001860014000000153,102515391,,2,3,11710,11100,0186,0014,117104169451,11101,0,00011,00000,20220813
BS0203117101110001590013000000154,102515401,,2,3,11710,11100,0159,0013,117104169202,11101,0,00042,00013,20220813
BS0102117101110001830004000000155,102515427,,1,2,11710,11100,0183,0004,117102123002,11101,0,00130,00000,20220813
BS0102117101110001490011000000156,102515436,,1,2,11710,11100,0149,0011,117103123006,11105,0,00494,00000,20220813
BS0102117101110001910008000000157,102515460,,1,2,11710,11100,0191,0008,117104169372,11101,0,00028,00000,20220813
BS0102117101110001260013000000158,102515478,,1,2,11710,11100,0126,0013,117104169017,11101,0,00006,00000,20220813
BS0102117101110002060008000000159,102515490,,1,2,11710,11100,0206,0008,117104169451,11101,0,00031,00007,20220830
BS0102117101110001460006000000160,102515515,,1,2,11710,11100,0146,0006,117104169200,11101,0,00023,00000,20250630
BS0102117101110001490029000000161,102515562,,1,2,11710,11100,0149,0029,117104169199,11101,0,00025,00000,20250604
BS0102117101110002120002000000162,102515575,,1,2,11710,11100,0212,0002,117103123004,11101,0,00018,00000,20221209
BS0102117101110002130002000000163,102515604,,1,2,11710,11100,0213,0002,117103123004,11101,0,00026,00000,20240605
BS0102117101110000590015000000164,102515665,,1,2,11710,11100,0059,0015,117104169374,11101,0,00030,00016,20220813
BS0102117101110001460008000000165,102515772,,1,2,11710,11100,0146,0008,117104169200,11101,0,00019,00000,20220813
BS0102117101110002120015000000166,102515843,,1,2,11710,11100,0212,0015,117104169390,11101,0,00039,00000,20220813
BS0102117101110001710004000000167,102515859,,1,2,11710,11100,0171,0004,117102123002,11101,0,00066,00000,20220813
BS0102117101110001160003000000168,102515921,,1,2,11710,11100,0116,0003,117104169382,11101,0,00010,00000,20220813
BS0203117101110001550021000000169,102515922,,2,3,11710,11100,0155,0021,117104169020,11101,0,00018,00000,20220813
BS0102117101110001490022000000170,102515980,,1,2,11710,11100,0149,0022,117104169199,11101,0,00017,00000,20250604
BS0102117101110001300005000000171,102515994,,1,2,11710,11100,0130,0005,117104169387,11101,0,00039,00000,20250604
BS0203117101110001050016000000172,102516015,,2,3,11710,11100,0105,0016,117104169429,11101,0,00058,00016,20241112
BS0102117101110002020012000000173,102516025,,1,2,11710,11100,0202,0012,117104169372,11101,0,00015,00000,20220813
BS0102117101110001750006000000174,102516032,,1,2,11710,11100,0175,0006,117104169202,11101,0,00017,00000,20220813
BS0102117101110000930007000000175,102516033,,1,2,11710,11100,0093,0007,117104169429,11101,0,00042,00006,20220813
BS0203117101110000590012000000176,102516088,,2,3,11710,11100,0059,0012,117104169429,11101,0,00019,00011,20220813
BS0203117101110001490045000000177,102516101,,2,3,11710,11100,0149,0045,117104169199,11101,0,00001,00000,20220813
BS0102117101110002060007000000178,102516117,,1,2,11710,11100,0206,0007,117104169451,11101,0,00031,00005,20230915
BS0102117101110001020020000000179,102516156,,1,2,11710,11100,0102,0020,117104169456,11101,0,00037,00000,20220813
BS0203117101110001110004000000180,102516165,,2,3,11710,11100,0111,0004,117104169200,11101,0,00004,00019,20220813
BS0102117101110001030013000000181,102516224,,1,2,11710,11100,0103,0013,117104169429,11101,0,00049,00004,20220813
BS0203117101110001550009000000182,102516263,,2,3,11710,11100,0155,0009,117104169458,11101,0,00031,00000,20220813
BS0203117101110001620016000000183,102516278,,2,3,11710,11100,0162,0016,117104169022,11101,0,00015,00009,20220813
BS0203117101110001320010000000184,102516293,,2,3,11710,11100,0132,0010,117104169022,11101,0,00014,00001,20220813
BS0102117101110001320008000000185,102516320,,1,2,11710,11100,0132,0008,117104169387,11101,0,00053,00000,20241126
BS0203117101110001140001000000186,102516322,,2,3,11710,11100,0114,0001,117104169382,11101,0,00005,00023,20220813
BS0102117101110000580023000000187,102516367,,1,2,11710,11100,0058,0023,117104169431,11101,0,00018,00000,20240624
BS0102117101110002100000000000188,102516380,,1,2,11710,11100,0210,0000,117103123004,11101,0,00013,00000,20241126
BS0102117101110002120000000000189,102516391,,1,2,11710,11100,0212,0000,117103123004,11101,0,00020,00000,20220813
BS0102117101110000630013000000190,102516507,,1,2,11710,11100,0063,0013,117104169429,11101,0,00022,00006,20250416
BS0203117101110001420012000000191,102516566,,2,3,11710,11100,0142,0012,117104169458,11101,0,00045,00000,20220813
BS0102117101110001420011000000192,102516572,,1,2,11710,11100,0142,0011,117104169458,11101,0,00047,00000,20250604
BS0203117101110001550010000000193,102516573,,2,3,11710,11100,0155,0010,117104169458,11101,0,00033,00000,20220813
BS0203117101110001170001000000194,102516598,,2,3,11710,11100,0117,0001,117104169384,11101,0,00009,00025,20220813
BS0203117101110001270002000000195,102516647,,2,3,11710,11100,0127,0002,117104169016,11101,0,00013,00001,20220813
BS0102117101110001000000000000196,102516668,,1,2,11710,11100,0100,0000,117104169429,11101,0,00044,00000,20250911
BS0102117101110000610003000000197,102516678,,1,2,11710,11100,0061,0003,117104169429,11101,0,00021,00016,20240809
BS0203117101110001450057000000198,102516708,,2,3,11710,11100,0145,0057,117104169200,11101,0,00011,00011,20220921
BS0203117101110001750004000000199,102516750,,2,3,11710,11100,0175,0004,117104169202,11101,0,00015,00014,20220813
BS0102117101110001060010000000200,102516772,,1,2,11710,11100,0106,0010,117104169378,11101,0,00026,00001,20220813
BS0102117101110000500013000000201,102516825,,1,2,11710,11100,0050,0013,117104169374,11101,0,00061,00022,20240517
BS0102117101110001050000000000202,102516868,,1,2,11710,11100,0105,0000,117104169429,11101,0,00056,00000,20220813
BS0102117101110002240000000000203,102517020,,1,2,11710,11100,0224,0000,117104169390,11101,0,00016,00000,20230307
BS0102117101110001620003000000204,102517067,,1,2,11710,11100,0162,0003,117104169447,11101,0,00029,00000,20220813
BS0102117101110001050004000000205,102517155,,1,2,11710,11100,0105,0004,117104169429,11101,0,00058,00000,20250317
BS0102117101110000680005000000206,102517180,,1,2,11710,11100,0068,0005,117104169376,11101,0,00007,00008,20220813
BS0203117101110002270015000000207,102517226,,2,3,11710,11100,0227,0015,117104169386,11101,0,00010,00000,20240919
BS0102117101110001240046000000208,102517284,,1,2,11710,11100,0124,0046,117104169200,11101,0,00042,00029,20250604
BS0102117101110000710014000000209,102517290,,1,2,11710,11100,0071,0014,117104169376,11101,0,00004,00000,20250311
BS0102117101110002230001000000210,102517334,,1,2,11710,11100,0223,0001,117104169388,11101,0,00008,00000,20220813
BS0102117101110001040001000000211,102517356,,1,2,11710,11100,0104,0001,117104169429,11101,0,00050,00017,20220813
BS0102117101110002080004000000212,102517431,,1,2,11710,11100,0208,0004,117103123004,11101,0,00031,00000,20220813
BS0203117101110000890004000000213,102517443,,2,3,11710,11100,0089,0004,117102000006,11102,0,01218,00000,20241101
BS0203117101110001690000000000214,102517452,,2,3,11710,11100,0169,0000,117104169459,11101,0,00005,00000,20240227
BS0203117101110001290008000000215,102517476,,2,3,11710,11100,0129,0008,117104169016,11101,0,00005,00018,20220813
BS0203117101110001070002000000216,102517496,,2,3,11710,11100,0107,0002,117104169429,11101,0,00057,00018,20220813
BS0102117101110001150004000000217,102517521,,1,2,11710,11100,0115,0004,117103123014,11104,0,00185,00000,20220813
BS0102117101110001490002000000218,102517538,,1,2,11710,11100,0149,0002,117103123006,11105,0,00468,00001,20220813
BS0203117101110001220009000000219,102517570,,2,3,11710,11100,0122,0009,117104169384,11101,0,00022,00000,20220813
BS0102117101110001830003000000220,102517601,,1,2,11710,11100,0183,0003,117102123002,11101,0,00128,00000,20220813
BS0203117101110001370013000000221,102517621,,2,3,11710,11100,0137,0013,117104169459,11101,0,00043,00000,20220813
BS0203117101110000400003000000222,102517644,,2,3,11710,11100,0040,0003,117103123023,11104,0,00374,00000,20250801
BS0203117101110001440014000000223,102517686,,2,3,11710,11100,0144,0014,117104169199,11101,0,00014,00009,20220813
BS0203117101110001320003000000224,102517697,,2,3,11710,11100,0132,0003,117104169019,11101,0,00013,00000,20220813
BS0102117101110002260012000000225,102517701,,1,2,11710,11100,0226,0012,117103123014,11104,0,00239,00000,20240405
BS0102117101110000700003000000226,102517808,,1,2,11710,11100,0070,0003,117104169375,11101,0,00024,00000,20250905
BS0102117101110000700002000000227,102517832,,1,2,11710,11100,0070,0002,117104169375,11101,0,00022,00000,20220813
BS0203117101110001620013000000228,102517835,,2,3,11710,11100,0162,0013,117104169447,11101,0,00033,00000,20220813
BS0102117101110002180024000000229,102517861,,1,2,11710,11100,0218,0024,117104169109,11101,0,00019,00000,20220813
BS0102117101110001400013000000230,102517906,,1,2,11710,11100,0140,0013,117104169459,11101,0,00042,00000,20220813
BS0102117101110002060004000000231,102517965,,1,2,11710,11100,0206,0004,117104169451,11101,0,00027,00004,20240920
BS0102117101110001840000000000232,102517991,,1,2,11710,11100,0184,0000,117102123002,11101,0,00136,00000,20220813
BS0102117101110001240000000000233,102517992,,1,2,11710,11100,0124,0000,117103123014,11104,0,00191,00000,20230119
BS0203117101110001130018000000234,102517996,,2,3,11710,11100,0113,0018,117104169382,11101,0,00019,00000,20220813
BS0102117101110001480003000000235,102518006,,1,2,11710,11100,0148,0003,117104169200,11101,0,00005,00000,20220813
BS0102117101110001920000000000236,102518027,,1,2,11710,11100,0192,0000,117104169450,11101,0,00004,00011,20250820
BS0203117101110001700025000000237,102518060,,2,3,11710,11100,0170,0025,117104169384,11101,0,00062,00000,20220813
BS0102117101110002070006000000238,102518069,,1,2,11710,11100,0207,0006,117103123004,11101,0,00035,00000,20241105
BS0102117101110000890006000000239,102518221,,1,2,11710,11100,0089,0006,117102000006,11102,0,01240,00000,20220813
BS0203117101110000220005000000240,102518258,,2,3,11710,11100,0022,0005,117103123014,11104,0,00087,00000,20250801
BS0203117101110001300019000000241,102518292,,2,3,11710,11100,0130,0019,117104169387,11101,0,00043,00000,20220813
BS0203117101110001620015000000242,102518312,,2,3,11710,11100,0162,0015,117104169022,11101,0,00011,00000,20220813
BS0203117101110001810000000000243,102518380,,2,3,11710,11100,0181,0000,117102123002,11101,0,00102,00000,20250822
BS0203117101110001530021000000244,102518396,,2,3,11710,11100,0153,0021,117104169458,11101,0,00024,00005,20220813
BS0102117101110000590006000000245,102518421,,1,2,11710,11100,0059,0006,117104169374,11101,0,00030,00010,20250218
BS0102117101110002130007000000246,102518428,,1,2,11710,11100,0213,0007,117104169390,11101,0,00042,00004,20220813
BS0102117101110001580017000000247,102518518,,1,2,11710,11100,0158,0017,117104169020,11101,0,00008,00000,20220813
BS0203117101110000930001000000248,102518561,,2,3,11710,11100,0093,0001,117104169429,11101,0,00036,00017,20220813
BS0203117101110001450043000000249,102518572,,2,3,11710,11100,0145,0043,117104169382,11101,0,00034,00000,20220813
BS0203117101110000890020000000250,102518602,,2,3,11710,11100,0089,0020,117102000006,11102,0,01178,00000,20240417
BS0102117101110002240004000000251,102518623,,1,2,11710,11100,0224,0004,117104169109,11101,0,00011,00001,20230411
BS0102117101110001180010000000252,102518670,,1,2,11710,11100,0118,0010,117104169201,11101,0,00003,00024,20250604
BS0102117101110001860002000000253,102518696,,1,2,11710,11100,0186,0002,117104169372,11101,0,00004,00023,20220813
BS0102117101110002080009000000254,102518702,,1,2,11710,11100,0208,0009,117104169451,11101,0,00030,00014,20250604
BS0203117101110001450005000000255,102518751,,2,3,11710,11100,0145,0005,117104169200,11101,0,00011,00026,20220813
BS0102117101110002660000000000256,102518765,,1,2,11710,11100,0266,0000,,,0,00000,00000,20220813
BS0102117101110002130003000000257,102518773,,1,2,11710,11100,0213,0003,117103123004,11101,0,00028,00000,20220813
BS0102117101110002230003000000258,102518780,,1,2,11710,11100,0223,0003,117104169388,11101,0,00004,00001,20230306
BS0102117101110002030004000000259,102518787,,1,2,11710,11100,0203,0004,117104169451,11101,0,00028,00000,20220813
BS0102117101110001590022000000260,102518791,,1,2,11710,11100,0159,0022,117103123001,11103,0,00263,00000,20220813
BS0203117101110000990015000000261,102518794,,2,3,11710,11100,0099,0015,117104169429,11101,0,00039,00016,20220813
BS0102117101110002070000000000262,102518826,,1,2,11710,11100,0207,0000,117104169451,11101,0,00031,00020,20220813
BS0203117101110000540009000000263,102518869,,2,3,11710,11100,0054,0009,117104169456,11101,0,00035,00025,20220813
BS0102117101110000680000000000264,102518930,,1,2,11710,11100,0068,0000,117104169375,11101,0,00010,00000,20240911
BS0203117101110001080003000000265,102518968,,2,3,11710,11100,0108,0003,117104169429,11101,0,00058,00019,20240216
BS0102117101110000630015000000266,102519066,,1,2,11710,11100,0063,0015,117104169429,11101,0,00022,00014,20250324
BS0102117101110001350014000000267,102519109,,1,2,11710,11100,0135,0014,117103123001,11103,0,00250,00000,20220813
BS0203117101110001450048000000268,102519118,,2,3,11710,11100,0145,0048,117104169199,11101,0,00014,00028,20220813
BS0102117101110001900008000000269,102519213,,1,2,11710,11100,0190,0008,117104169450,11101,0,00005,00000,20250813
BS0102117101110004370010000000270,102519230,,1,2,11710,11100,0437,0010,117103000034,11103,0,00424,00021,20220813
BS0102117101110000640011000000271,102519332,,1,2,11710,11100,0064,0011,117104169374,11101,0,00008,00000,20220813
BS0102117101110001670008000000272,102519436,,1,2,11710,11100,0167,0008,117104169023,11101,0,00005,00000,20250411
BS0102117101110001120002000000273,102519484,,1,2,11710,11100,0112,0002,117104169380,11101,0,00014,00001,20220813
BS0203117101110001300015000000274,102519508,,2,3,11710,11100,0130,0015,117104169017,11101,0,00015,00014,20241010
BS0102117101110001930032000000275,102519570,,1,2,11710,11100,0193,0032,117104169372,11101,0,00038,00000,20220813
BS0203117101110000580033000000276,102519611,,2,3,11710,11100,0058,0033,117104169374,11101,0,00030,00015,20220813
BS0203117101110001260009000000277,102519645,,2,3,11710,11100,0126,0009,117104169016,11101,0,00005,00013,20220813
BS0102117101110001240037000000278,102519655,,1,2,11710,11100,0124,0037,117104169200,11101,0,00042,00009,20250604
BS0203117101110000490008000000279,102519692,,2,3,11710,11100,0049,0008,117104169374,11101,0,00061,00011,20220813
BS0203117101110001540003000000280,102519697,,2,3,11710,11100,0154,0003,117104169202,11101,0,00020,00000,20220813
BS0102117101110000550005000000281,102519751,,1,2,11710,11100,0055,0005,117104169431,11101,0,00027,00006,20220813
BS0203117101110001740006000000282,102519792,,2,3,11710,11100,0174,0006,117104169202,11101,0,00025,00000,20220813
BS0203117101110001260021000000283,102519795,,2,3,11710,11100,0126,0021,117104169016,11101,0,00005,00005,20220813
BS0102117101110001020011000000284,102519833,,1,2,11710,11100,0102,0011,117104169456,11101,0,00035,00008,20220813
BS0102117101110001930025000000285,102519876,,1,2,11710,11100,0193,0025,117104169372,11101,0,00034,00000,20220813
BS0203117101110000580014000000286,102519880,,2,3,11710,11100,0058,0014,117104169431,11101,0,00026,00001,20220813
BS0102117101110001420004000000287,102519908,,1,2,11710,11100,0142,0004,117104169200,11101,0,00027,00000,20220813
BS0203117101110001330008000000288,102519922,,2,3,11710,11100,0133,0008,117104169019,11101,0,00005,00002,20231005
BS0203117101110001060012000000289,1025110121,,2,3,11710,11100,0106,0012,117104169378,11101,0,00022,00001,20220813
BS0102117101110001240048000000290,1025110166,,1,2,11710,11100,0124,0048,117104169015,11101,0,00012,00000,20250604
BS0203117101110001700019000000291,1025110199,,2,3,11710,11100,0170,0019,117104169459,11101,0,00008,00000,20220813
BS0203117101110001040010000000292,1025110263,,2,3,11710,11100,0104,0010,117104169378,11101,0,00009,00000,20220813
BS0102117101110000590014000000293,1025110310,,1,2,11710,11100,0059,0014,117104169429,11101,0,00019,00019,20220813
BS0102117101110000980002000000294,1025110353,,1,2,11710,11100,0098,0002,117104169429,11101,0,00037,00018,20220813
BS0203117101110001920007000000295,1025110372,,2,3,11710,11100,0192,0007,117104169449,11101,0,00007,00005,20220813
BS0102117101110002070011000000296,1025110390,,1,2,11710,11100,0207,0011,117103123004,11101,0,00043,00000,20220813
BS0102117101110001010007000000297,1025110440,,1,2,11710,11100,0101,0007,117104169429,11101,0,00050,00000,20250103
BS0102117101110001060002000000298,1025110452,,1,2,11710,11100,0106,0002,117104169378,11101,0,00020,00000,20220813
BS0203117101110000890017000000299,1025110550,,2,3,11710,11100,0089,0017,117102000006,11102,0,01218,00000,20230602
BS0203117101110000600012000000300,1025110558,,2,3,11710,11100,0060,0012,117104169429,11101,0,00019,00030,20220813
BS0102117101110001610002000000301,1025110585,,1,2,11710,11100,0161,0002,117104169447,11101,0,00032,00000,20250604
BS0102117101110001090025000000302,1025110587,,1,2,11710,11100,0109,0025,117104169378,11101,0,00005,00007,20220813
BS0203117101110001430004000000303,1025110717,,2,3,11710,11100,0143,0004,117104169020,11101,0,00017,00000,20220813
BS0203117101110001260010000000304,1025110752,,2,3,11710,11100,0126,0010,117104169016,11101,0,00005,00015,20220813
BS0203117101110001450027000000305,1025110766,,2,3,11710,11100,0145,0027,117104169382,11101,0,00024,00011,20220813
BS0203117101110001770002000000306,1025110821,,2,3,11710,11100,0177,0002,117102123002,11101,0,00046,00000,20220813
BS0203117101110001800015000000307,1025110917,,2,3,11710,11100,0180,0015,117104169202,11101,0,00007,00023,20220813
BS0203117101110001010006000000308,1025111015,,2,3,11710,11100,0101,0006,117104169429,11101,0,00050,00010,20220813
BS0203117101110001190010000000309,1025111094,,2,3,11710,11100,0119,0010,117104169201,11101,0,00003,00013,20220813
BS0203117101110001160004000000310,1025111107,,2,3,11710,11100,0116,0004,117104169201,11101,0,00012,00001,20220813
BS0102117101110001870006000000311,1025111109,,1,2,11710,11100,0187,0006,117104169451,11101,0,00014,00001,20220813
BS0102117101110001480018000000312,1025111190,,1,2,11710,11100,0148,0018,117104169200,11101,0,00007,00000,20241031
BS0102117101110001490018000000313,1025111192,,1,2,11710,11100,0149,0018,117104169199,11101,0,00009,00000,20220813
BS0203117101110001540004000000314,1025111256,,2,3,11710,11100,0154,0004,117104169458,11101,0,00024,00000,20241125
BS0102117101110000510001000000315,1025111261,,1,2,11710,11100,0051,0001,117103123006,11105,0,00503,00000,20220813
BS0102117101110002060006000000316,1025111290,,1,2,11710,11100,0206,0006,117104169451,11101,0,00031,00000,20241126
BS0102117101110001670004000000317,1025111307,,1,2,11710,11100,0167,0004,117104169023,11101,0,00007,00000,20220813
BS0203117101110001480013000000318,1025111358,,2,3,11710,11100,0148,0013,117104169199,11101,0,00006,00000,20220813
BS0203117101110001780001000000319,1025111428,,2,3,11710,11100,0178,0001,117104169457,11101,0,00015,00000,20220813
BS0203117101110000580028000000320,1025111480,,2,3,11710,11100,0058,0028,117104169374,11101,0,00030,00019,20220813
BS0102117101110000360006000000321,1025111481,,1,2,11710,11100,0036,0006,117104169374,11101,0,00021,00019,20240509
BS0203117101110001990009000000322,1025111487,,2,3,11710,11100,0199,0009,117104169372,11101,0,00027,00022,20220813
BS0102117101110001550000000000323,1025111509,,1,2,11710,11100,0155,0000,117104169202,11101,0,00028,00000,20220813
BS0203117101110001610001000000324,1025111512,,2,3,11710,11100,0161,0001,117104169022,11101,0,00007,00000,20220813
BS0102117101110001130004000000325,1025111554,,1,2,11710,11100,0113,0004,117104169200,11101,0,00016,00000,20220813
BS0102117101110001800004000000326,1025111589,,1,2,11710,11100,0180,0004,117103123006,11105,0,00508,00000,20221201
BS0102117101110001440010000000327,1025111590,,1,2,11710,11100,0144,0010,117104169458,11101,0,00040,00000,20220813
BS0203117101110001700001000000328,1025111678,,2,3,11710,11100,0170,0001,117104169384,11101,0,00066,00000,20220813
BS0102117101110001130007000000329,1025111692,,1,2,11710,11100,0113,0007,117104169200,11101,0,00012,00017,20220813
BS0102117101110001670005000000330,1025111723,,1,2,11710,11100,0167,0005,117104169447,11101,0,00018,00000,20220813
BS0102117101110002220005000000331,1025111744,,1,2,11710,11100,0222,0005,117104169387,11101,0,00006,00000,20220813
BS0102117101110002190006000000332,1025111769,,1,2,11710,11100,0219,0006,117104169390,11101,0,00019,00000,20220813
BS0102117101110000610014000000333,1025111780,,1,2,11710,11100,0061,0014,117104169375,11101,0,00021,00000,20220813
BS0102117101110002010008000000334,1025111788,,1,2,11710,11100,0201,0008,117104169372,11101,0,00019,00008,20230531
BS0102117101110001590015000000335,1025111792,,1,2,11710,11100,0159,0015,117103123001,11103,0,00273,00000,20220813
BS0203117101110001030001000000336,1025111842,,2,3,11710,11100,0103,0001,117104169429,11101,0,00049,00018,20220813
BS0203117101110000990014000000337,1025111863,,2,3,11710,11100,0099,0014,117104169429,11101,0,00039,00018,20220813
BS0203117101110001330012000000338,1025111971,,2,3,11710,11100,0133,0012,117104169022,11101,0,00006,00000,20220813
BS0102117101110001850007000000339,1025112000,,1,2,11710,11100,0185,0007,117104169372,11101,0,00002,00007,20241011
BS0102117101110002240002000000340,1025112081,,1,2,11710,11100,0224,0002,117104169390,11101,0,00016,00008,20220813
BS0203117101110001180006000000341,1025112156,,2,3,11710,11100,0118,0006,117104169201,11101,0,00003,00008,20220813
BS0102117101110002060003000000342,1025112202,,1,2,11710,11100,0206,0003,117104169451,11101,0,00027,00006,20220813
BS0102117101110001440024000000343,1025112204,,1,2,11710,11100,0144,0024,117104169199,11101,0,00014,00035,20250604
BS0102117101110000380000000000344,1025112211,,1,2,11710,11100,0038,0000,,,0,00000,00000,20220813
BS0102117101110001240043000000345,1025112258,,1,2,11710,11100,0124,0043,117104169200,11101,0,00042,00023,20250604
BS0203117101110001260018000000346,1025112316,,2,3,11710,11100,0126,0018,117104169016,11101,0,00005,00017,20220813
BS0203117101110000580008000000347,1025112319,,2,3,11710,11100,0058,0008,117104169374,11101,0,00030,00009,20220813
BS0203117101110001220017000000348,1025112344,,2,3,11710,11100,0122,0017,117104169459,11101,0,00058,00000,20220813
BS0102117101110001220010000000349,1025112393,,1,2,11710,11100,0122,0010,117104169384,11101,0,00010,00000,20250604
BS0102117101110002180033000000350,1025112424,,1,2,11710,11100,0218,0033,117104169390,11101,0,00016,00003,20220813
BS0203117101110001530006000000351,1025112490,,2,3,11710,11100,0153,0006,117104169458,11101,0,00030,00000,20220813
BS0102117101110002080000000000352,1025112497,,1,2,11710,11100,0208,0000,117103123004,11101,0,00023,00000,20220813
BS0203117101110000980011000000353,1025112514,,2,3,11710,11100,0098,0011,117104169429,11101,0,00039,00015,20220813
BS0102117101110002110013000000354,1025112540,,1,2,11710,11100,0211,0013,117104169387,11101,0,00050,00019,20250604
BS0102117101110001630010000000355,1025112547,,1,2,11710,11100,0163,0010,117104169448,11101,0,00036,00000,20240920
BS0102117101110001750010000000356,1025112593,,1,2,11710,11100,0175,0010,117104169202,11101,0,00019,00015,20220813
BS0102117101110001890000000000357,1025112605,,1,2,11710,11100,0189,0000,117104169372,11101,0,00020,00010,20240809
BS0203117101110000710006000000358,1025112608,,2,3,11710,11100,0071,0006,117104169429,11101,0,00036,00022,20230905
BS0102117101110002080006000000359,1025112637,,1,2,11710,11100,0208,0006,117104169451,11101,0,00032,00000,20250715
BS0203117101110001170026000000360,1025112643,,2,3,11710,11100,0117,0026,117104169384,11101,0,00009,00022,20220813
BS0102117101110001450002000000361,1025112717,,1,2,11710,11100,0145,0002,117104169200,11101,0,00011,00000,20240926
BS0102117101110000460003000000362,1025112748,,1,2,11710,11100,0046,0003,117104169374,11101,0,00047,00000,20220813
BS0203117101110001330004000000363,1025112773,,2,3,11710,11100,0133,0004,117104169022,11101,0,00008,00001,20220813
BS0102117101110001190003000000364,1025112784,,1,2,11710,11100,0119,0003,117104169200,11101,0,00032,00000,20220813
BS0203117101110001080000000000365,1025112810,,2,3,11710,11100,0108,0000,117103123006,11105,0,00463,00000,20221207
BS0102117101110000380006000000366,1025112817,,1,2,11710,11100,0038,0006,117104169374,11101,0,00023,00016,20220813
BS0102117101110001240024000000367,1025112895,,1,2,11710,11100,0124,0024,117103123001,11103,0,00233,00000,20220813
BS0102117101110001240021000000368,1025112906,,1,2,11710,11100,0124,0021,117103123001,11103,0,00241,00000,20220813
BS0203117101110001800006000000369,1025112944,,2,3,11710,11100,0180,0006,117103123006,11105,0,00512,00000,20221028
BS0102117101110001680005000000370,1025112954,,1,2,11710,11100,0168,0005,117103123001,11103,0,00283,00000,20230727
BS0203117101110001510007000000371,1025112975,,2,3,11710,11100,0151,0007,117104169457,11101,0,00030,00000,20241101
BS0203117101110001510003000000372,1025112984,,2,3,11710,11100,0151,0003,117104169199,11101,0,00024,00000,20220813
BS0203117101110000580012000000373,1025113037,,2,3,11710,11100,0058,0012,117104169431,11101,0,00024,00001,20220813
BS0102117101110000710011000000374,1025113070,,1,2,11710,11100,0071,0011,117104169376,11101,0,00012,00000,20220813
BS0102117101110002240020000000375,1025113104,,1,2,11710,11100,0224,0020,117104169109,11101,0,00005,00000,20220813
BS0102117101110001710006000000376,1025113208,,1,2,11710,11100,0171,0006,117104169459,11101,0,00004,00000,20220813
BS0102117101110000480012000000377,1025113210,,1,2,11710,11100,0048,0012,117104169374,11101,0,00055,00015,20230711
BS0102117101110001130010000000378,1025113213,,1,2,11710,11100,0113,0010,117104169200,11101,0,00012,00025,20220813
BS0102117101110002060000000000379,1025113331,,1,2,11710,11100,0206,0000,117104169372,11101,0,00001,00018,20220813
BS0102117101110001510005000000380,1025113361,,1,2,11710,11100,0151,0005,117104169199,11101,0,00020,00000,20220813
BS0102117101110001770003000000381,1025113384,,1,2,11710,11100,0177,0003,117102123002,11101,0,00048,00000,20220813
BS0102117101110001300006000000382,1025113386,,1,2,11710,11100,0130,0006,117104169387,11101,0,00037,00000,20220813
BS0203117101110001340005000000383,1025113392,,2,3,11710,11100,0134,0005,117104169019,11101,0,00010,00000,20220813
BS0203117101110001690001000000384,1025113472,,2,3,11710,11100,0169,0001,117104169459,11101,0,00011,00000,20220813
BS0102117101110000890019000000385,1025113482,,1,2,11710,11100,0089,0019,117102000006,11102,0,01218,00000,20220813
BS0102117101110001720003000000386,1025113494,,1,2,11710,11100,0172,0003,117104169202,11101,0,00029,00012,20220813
BS0203117101110001060017000000387,1025113554,,2,3,11710,11100,0106,0017,117104169429,11101,0,00057,00015,20220813
BS0203117101110001310014000000388,1025113574,,2,3,11710,11100,0131,0014,117104169017,11101,0,00015,00013,20220813
BS0203117101110001520025000000389,1025113634,,2,3,11710,11100,0152,0025,117104169458,11101,0,00030,00025,20220813
BS0102117101110000710003000000390,1025113700,,1,2,11710,11100,0071,0003,117104169376,11101,0,00008,00000,20220813
BS0203117101110000610010000000391,1025113830,,2,3,11710,11100,0061,0010,117104169429,11101,0,00037,00019,20220813
BS0203117101110001400009000000392,1025113935,,2,3,11710,11100,0140,0009,117104169384,11101,0,00028,00000,20220813
BS0102117101110001090011000000393,1025113982,,1,2,11710,11100,0109,0011,117103123014,11104,0,00125,00000,20250610
BS0102117101110001560001000000394,1025114000,,1,2,11710,11100,0156,0001,117104169202,11101,0,00030,00009,20220813
BS0203117101110001530001000000395,1025114026,,2,3,11710,11100,0153,0001,117104169458,11101,0,00024,00019,20220813
BS0102117101110001060001000000396,1025114062,,1,2,11710,11100,0106,0001,117104169378,11101,0,00026,00000,20220813
BS0102117101110001080011000000397,1025114070,,1,2,11710,11100,0108,0011,117103123006,11105,0,00457,00000,20241015
BS0203117101110001000020000000398,1025114118,,2,3,11710,11100,0100,0020,117104169429,11101,0,00042,00005,20220813
BS0102117101110000230000000000399,1025114139,,1,2,11710,11100,0023,0000,117103123023,11104,0,00340,00000,20220813
BS0102117101110001850015000000400,1025114142,,1,2,11710,11100,0185,0015,117104169372,11101,0,00004,00018,20220813
BS0203117101110000990003000000401,1025114177,,2,3,11710,11100,0099,0003,117104169456,11101,0,00038,00000,20241007
BS0203117101110001450020000000402,1025114216,,2,3,11710,11100,0145,0020,117104169199,11101,0,00014,00052,20220813
BS0203117101110001470000000000403,1025114227,,2,3,11710,11100,0147,0000,117104169200,11101,0,00011,00014,20220813
BS0203117101110001090019000000404,1025114253,,2,3,11710,11100,0109,0019,117104169378,11101,0,00005,00015,20230405
BS0102117101110000930004000000405,1025114372,,1,2,11710,11100,0093,0004,117104169429,11101,0,00042,00026,20220813
BS0102117101110001100013000000406,1025114408,,1,2,11710,11100,0110,0013,117103123014,11104,0,00165,00000,20231027
BS0203117101110000610009000000407,1025114440,,2,3,11710,11100,0061,0009,117104169429,11101,0,00021,00014,20220813
BS0203117101110001270029000000408,1025114460,,2,3,11710,11100,0127,0029,117104169387,11101,0,00025,00003,20220813
BS0102117101110001800007000000409,1025114536,,1,2,11710,11100,0180,0007,117102123002,11101,0,00034,00000,20220816
BS0102117101110001930004000000410,1025114546,,1,2,11710,11100,0193,0004,117104169372,11101,0,00034,00019,20250604
BS0203117101110000980009000000411,1025114625,,2,3,11710,11100,0098,0009,117104169429,11101,0,00039,00027,20240126
BS0203117101110001340022000000412,1025114672,,2,3,11710,11100,0134,0022,117104169017,11101,0,00009,00021,20220813
BS0102117101110001100005000000413,1025114696,,1,2,11710,11100,0110,0005,117103123006,11105,0,00464,00000,20220813
BS0203117101110001660011000000414,1025114755,,2,3,11710,11100,0166,0011,117104169023,11101,0,00015,00017,20220813
BS0102117101110001900007000000415,1025114758,,1,2,11710,11100,0190,0007,117104169372,11101,0,00020,00029,20221013
BS0203117101110000580015000000416,1025114763,,2,3,11710,11100,0058,0015,117104169431,11101,0,00028,00000,20220813
BS0102117101110000930009000000417,1025114779,,1,2,11710,11100,0093,0009,117104169429,11101,0,00042,00012,20220813
BS0203117101110000600018000000418,1025114870,,2,3,11710,11100,0060,0018,117104169429,11101,0,00021,00015,20220813
BS0102117101110001040002000000419,1025114888,,1,2,11710,11100,0104,0002,117104169429,11101,0,00050,00021,20220813
BS0203117101110001020021000000420,1025114914,,2,3,11710,11100,0102,0021,117104169456,11101,0,00039,00000,20220813
BS0102117101110002110005000000421,1025114970,,1,2,11710,11100,0211,0005,117103123004,11101,0,00004,00000,20220813
BS0203117101110000580004000000422,1025114983,,2,3,11710,11100,0058,0004,117104169429,11101,0,00019,00041,20220813
BS0102117101110001140005000000423,1025114988,,1,2,11710,11100,0114,0005,117103123014,11104,0,00169,00000,20240924
BS0203117101110001240016000000424,1025114990,,2,3,11710,11100,0124,0016,117104169384,11101,0,00008,00008,20220813
BS0203117101110001610011000000425,1025115013,,2,3,11710,11100,0161,0011,117104169022,11101,0,00003,00014,20220813
BS0203117101110001620011000000426,1025115022,,2,3,11710,11100,0162,0011,117104169447,11101,0,00031,00000,20220813
BS0102117101110001590005000000427,1025115034,,1,2,11710,11100,0159,0005,117103123001,11103,0,00267,00000,20220813
BS0203117101110001560009000000428,1025115035,,2,3,11710,11100,0156,0009,117104169202,11101,0,00030,00007,20220813
BS0203117101110001450023000000429,1025115046,,2,3,11710,11100,0145,0023,117104169458,11101,0,00046,00000,20220813
BS0203117101110001060021000000430,1025115061,,2,3,11710,11100,0106,0021,117104169429,11101,0,00057,00011,20220813
BS0203117101110001080006000000431,1025115065,,2,3,11710,11100,0108,0006,117104169378,11101,0,00004,00000,20230421
BS0102117101110000710004000000432,1025115101,,1,2,11710,11100,0071,0004,117104169378,11101,0,00005,00040,20220813
BS0102117101110001490019000000433,1025115110,,1,2,11710,11100,0149,0019,117104169199,11101,0,00003,00000,20250102
BS0102117101110001490009000000434,1025115129,,1,2,11710,11100,0149,0009,117103123006,11105,0,00490,00000,20220813
BS0102117101110001490013000000435,1025115152,,1,2,11710,11100,0149,0013,117104169202,11101,0,00004,00000,20220813
BS0203117101110001170011000000436,1025115161,,2,3,11710,11100,0117,0011,117104169015,11101,0,00022,00000,20220813
BS0203117101110001930029000000437,1025115215,,2,3,11710,11100,0193,0029,117104169372,11101,0,00034,00007,20220813
BS0102117101110001350026000000438,1025115235,,1,2,11710,11100,0135,0026,117104169017,11101,0,00003,00000,20220813
BS0102117101110001800018000000439,1025115240,,1,2,11710,11100,0180,0018,117104169202,11101,0,00007,00007,20220813
BS0102117101110001930009000000440,1025115246,,1,2,11710,11100,0193,0009,117104169449,11101,0,00007,00018,20250604
BS0203117101110000580026000000441,1025115293,,2,3,11710,11100,0058,0026,117104169456,11101,0,00034,00000,20220813
BS0102117101110001640001000000442,1025115379,,1,2,11710,11100,0164,0001,117104169448,11101,0,00004,00005,20220813
BS0203117101110001030008000000443,1025115389,,2,3,11710,11100,0103,0008,117104169378,11101,0,00029,00001,20220813
BS0203117101110001600013000000444,1025115396,,2,3,11710,11100,0160,0013,117104169022,11101,0,00003,00021,20220813
BS0203117101110001790010000000445,1025115407,,2,3,11710,11100,0179,0010,117104169457,11101,0,00006,00000,20220813
BS0203117101110001450022000000446,1025115413,,2,3,11710,11100,0145,0022,117104169199,11101,0,00014,00056,20220813
BS0203117101110001300010000000447,1025115436,,2,3,11710,11100,0130,0010,117104169017,11101,0,00015,00006,20220813
BS0203117101110000350002000000448,1025115440,,2,3,11710,11100,0035,0002,117103123023,11104,0,00350,00000,20220813
BS0203117101110001240014000000449,1025115446,,2,3,11710,11100,0124,0014,117104169384,11101,0,00008,00001,20220813
BS0203117101110002120003000000450,1025115496,,2,3,11710,11100,0212,0003,117103123004,11101,0,00016,00000,20220813
BS0102117101110001190002000000451,1025115522,,1,2,11710,11100,0119,0002,117104169200,11101,0,00028,00000,20220813
BS0102117101110002130000000000452,1025115568,,1,2,11710,11100,0213,0000,117103123004,11101,0,00022,00000,20241022
BS0102117101110001560004000000453,1025115582,,1,2,11710,11100,0156,0004,117104169384,11101,0,00043,00000,20220813
BS0203117101110001140016000000454,1025115665,,2,3,11710,11100,0114,0016,117104169382,11101,0,00005,00031,20220813
BS0203117101110001300016000000455,1025115769,,2,3,11710,11100,0130,0016,117104169387,11101,0,00049,00000,20220813
BS0102117101110002110004000000456,1025115831,,1,2,11710,11100,0211,0004,117103123004,11101,0,00006,00000,20250311
BS0102117101110002110003000000457,1025115872,,1,2,11710,11100,0211,0003,117103123004,11101,0,00008,00000,20220813
BS0102117101110001510010000000458,1025115880,,1,2,11710,11100,0151,0010,117104169202,11101,0,00008,00000,20220813
BS0102117101110001750013000000459,1025115939,,1,2,11710,11100,0175,0013,117104169202,11101,0,00015,00006,20250604
BS0102117101110001260014000000460,1025115970,,1,2,11710,11100,0126,0014,117103123001,11103,0,00238,00000,20240718
BS0102117101110000980006000000461,1025115978,,1,2,11710,11100,0098,0006,117104169429,11101,0,00037,00004,20230717
BS0102117101110002110015000000462,1025116004,,1,2,11710,11100,0211,0015,117104169387,11101,0,00050,00023,20220813
BS0203117101110001270025000000463,1025116008,,2,3,11710,11100,0127,0025,117104169016,11101,0,00019,00000,20220813
BS0102117101110001930017000000464,1025116024,,1,2,11710,11100,0193,0017,117104169372,11101,0,00030,00001,20220813
BS0203117101110001200000000000465,1025116144,,2,3,11710,11100,0120,0000,117104169201,11101,0,00007,00013,20250523
BS0102117101110001870000000000466,1025116208,,1,2,11710,11100,0187,0000,117104169451,11101,0,00004,00000,20240603
BS0203117101110000930000000000467,1025116209,,2,3,11710,11100,0093,0000,117104169429,11101,0,00038,00000,20241015
BS0102117101110000350009000000468,1025116235,,1,2,11710,11100,0035,0009,117103123023,11104,0,00362,00000,20250616
BS0203117101110001050018000000469,1025116309,,2,3,11710,11100,0105,0018,117104169429,11101,0,00058,00020,20220813
BS0203117101110002050006000000470,1025116360,,2,3,11710,11100,0205,0006,117104169372,11101,0,00001,00010,20220813
BS0203117101110000610016000000471,1025116372,,2,3,11710,11100,0061,0016,117104169375,11101,0,00023,00000,20220813
BS0102117101110000980007000000472,1025116381,,1,2,11710,11100,0098,0007,117104169429,11101,0,00037,00000,20250325
BS0203117101110001960003000000473,1025116397,,2,3,11710,11100,0196,0003,117104169372,11101,0,00042,00019,20220813
BS0102117101110001860007000000474,1025116458,,1,2,11710,11100,0186,0007,117104169372,11101,0,00004,00007,20240521
BS0102117101110000340003000000475,1025116460,,1,2,11710,11100,0034,0003,117104169429,11101,0,00006,00000,20220813
BS0203117101110001140011000000476,1025116505,,2,3,11710,11100,0114,0011,117104169382,11101,0,00005,00000,20220813
BS0102117101110001050011000000477,1025116514,,1,2,11710,11100,0105,0011,117104169378,11101,0,00014,00000,20220813
BS0203117101110001380001000000478,1025116519,,2,3,11710,11100,0138,0001,117104169018,11101,0,00006,00000,20220813
BS0102117101110001930018000000479,1025116590,,1,2,11710,11100,0193,0018,117104169372,11101,0,00030,00006,20250604
BS0203117101110001100009000000480,1025116607,,2,3,11710,11100,0110,0009,117104169200,11101,0,00004,00012,20220813
BS0102117101110002040007000000481,1025116734,,1,2,11710,11100,0204,0007,117104169372,11101,0,00005,00008,20220813
BS0102117101110000590013000000482,1025116753,,1,2,11710,11100,0059,0013,117104169429,11101,0,00019,00015,20250318
BS0102117101110001480002000000483,1025116865,,1,2,11710,11100,0148,0002,117104169199,11101,0,00004,00000,20220813
BS0102117101110002110002000000484,1025116877,,1,2,11710,11100,0211,0002,117103123004,11101,0,00010,00000,20220813
BS0203117101110001490040000000485,1025116980,,2,3,11710,11100,0149,0040,117104169199,11101,0,00029,00000,20220813
BS0203117101110001300014000000486,1025116983,,2,3,11710,11100,0130,0014,117104169017,11101,0,00015,00016,20220813
BS0102117101110002040004000000487,1025116984,,1,2,11710,11100,0204,0004,117104169451,11101,0,00027,00000,20240223
BS0102117101110000680007000000488,1025117080,,1,2,11710,11100,0068,0007,117104169376,11101,0,00009,00005,20250604
BS0203117101110001730000000000489,1025117085,,2,3,11710,11100,0173,0000,117104169458,11101,0,00005,00000,20220813
BS0102117101110001190021000000490,1025117236,,1,2,11710,11100,0119,0021,117104169200,11101,0,00026,00001,20220813
BS0203117101110001530025000000491,1025117261,,2,3,11710,11100,0153,0025,117104169458,11101,0,00024,00003,20220813
BS0203117101110001730002000000492,1025117288,,2,3,11710,11100,0173,0002,117104169458,11101,0,00009,00000,20220813
BS0102117101110001590011000000493,1025117301,,1,2,11710,11100,0159,0011,117104169202,11101,0,00042,00009,20220813
BS0102117101110001150003000000494,1025117321,,1,2,11710,11100,0115,0003,117103123014,11104,0,00189,00000,20220813
BS0102117101110001860016000000495,1025117348,,1,2,11710,11100,0186,0016,117104169451,11101,0,00009,00000,20220813
BS0203117101110001310015000000496,1025117382,,2,3,11710,11100,0131,0015,117104169017,11101,0,00015,00011,20241022
BS0102117101110001530012000000497,1025117434,,1,2,11710,11100,0153,0012,117104169458,11101,0,00024,00023,20220813
BS0203117101110001580007000000498,1025117442,,2,3,11710,11100,0158,0007,117104169202,11101,0,00042,00012,20220813
BS0102117101110002180026000000499,1025117452,,1,2,11710,11100,0218,0026,117104169109,11101,0,00015,00000,20240920
BS0102117101110000540001000000500,1025117502,,1,2,11710,11100,0054,0001,117104169456,11101,0,00035,00013,20220813
BS0102117101110000980000000000501,1025117512,,1,2,11710,11100,0098,0000,117104169429,11101,0,00019,00036,20250715
BS0203117101110001310006000000502,1025117524,,2,3,11710,11100,0131,0006,117104169017,11101,0,00009,00018,20220813
BS0102117101110001260008000000503,1025117544,,1,2,11710,11100,0126,0008,117104169016,11101,0,00005,00009,20250604
BS0203117101110001110016000000504,1025117564,,2,3,11710,11100,0111,0016,117104169200,11101,0,00004,00011,20220813
BS0203117101110000540002000000505,1025117609,,2,3,11710,11100,0054,0002,117104169456,11101,0,00035,00007,20220813
BS0102117101110001540000000000506,1025117619,,1,2,11710,11100,0154,0000,117104169202,11101,0,00012,00000,20220813
BS0102117101110000470000000000507,1025117623,,1,2,11710,11100,0047,0000,,,0,00000,00000,20220813
BS0203117101110001270017000000508,1025117645,,2,3,11710,11100,0127,0017,117104169387,11101,0,00025,00015,20220813
BS0203117101110000610015000000509,1025117658,,2,3,11710,11100,0061,0015,117104169375,11101,0,00021,00001,20220813
BS0203117101110001170020000000510,1025117670,,2,3,11710,11100,0117,0020,117104169201,11101,0,00007,00014,20220813
BS0102117101110001780003000000511,1025117743,,1,2,11710,11100,0178,0003,117104169202,11101,0,00009,00000,20220813
BS0102117101110000550010000000512,1025117760,,1,2,11710,11100,0055,0010,117104169456,11101,0,00026,00000,20241119
BS0102117101110000880021000000513,1025117792,10251100226955,1,2,11710,11100,0088,0021,117103123023,11104,0,00424,00000,20240605
BS0102117101110002070004000000514,1025117807,,1,2,11710,11100,0207,0004,117104169451,11101,0,00031,00004,20250604
BS0102117101110001120004000000515,1025117816,,1,2,11710,11100,0112,0004,117104169380,11101,0,00010,00000,20220813
BS0102117101110002230006000000516,1025117853,,1,2,11710,11100,0223,0006,117104169386,11101,0,00025,00000,20220813
BS0203117101110000580003000000517,1025117880,,2,3,11710,11100,0058,0003,117104169429,11101,0,00019,00045,20220813
BS0102117101110001930024000000518,1025117921,,1,2,11710,11100,0193,0024,117104169372,11101,0,00032,00000,20220813
BS0102117101110001710005000000519,1025117951,,1,2,11710,11100,0171,0005,117102123002,11101,0,00068,00000,20220813
BS0102117101110001160007000000520,1025117977,,1,2,11710,11100,0116,0007,117104169382,11101,0,00020,00000,20230322
BS0102117101110001020016000000521,1025117999,,1,2,11710,11100,0102,0016,117104169429,11101,0,00047,00000,20220813
BS0102117101110001420017000000522,1025118011,,1,2,11710,11100,0142,0017,117104169200,11101,0,00029,00013,20220813
BS0102117101110000370007000000523,1025118024,,1,2,11710,11100,0037,0007,117104169374,11101,0,00023,00009,20220813
BS0102117101110001960011000000524,1025118029,,1,2,11710,11100,0196,0011,117104169448,11101,0,00017,00000,20250918
BS0102117101110001930000000000525,1025118055,,1,2,11710,11100,0193,0000,117104169449,11101,0,00007,00038,20250221
BS0203117101110001380009000000526,1025118148,,2,3,11710,11100,0138,0009,117104169018,11101,0,00008,00000,20220813
BS0102117101110000240007000000527,1025118166,,1,2,11710,11100,0024,0007,117104169428,11101,0,00010,00000,20220813
BS0203117101110001900001000000528,1025118168,,2,3,11710,11100,0190,0001,117104169450,11101,0,00015,00000,20220813
BS0203117101110001400010000000529,1025118199,,2,3,11710,11100,0140,0010,117104169384,11101,0,00026,00000,20220813
BS0203117101110001430002000000530,1025118212,,2,3,11710,11100,0143,0002,117104169020,11101,0,00019,00000,20220813
BS0102117101110000360008000000531,1025118247,,1,2,11710,11100,0036,0008,117104169429,11101,0,00013,00000,20240911
BS0102117101110001130009000000532,1025118281,,1,2,11710,11100,0113,0009,117104169200,11101,0,00012,00021,20220813
BS0102117101110000650006000000533,1025118334,,1,2,11710,11100,0065,0006,117103123014,11104,0,00095,00000,20241219
BS0102117101110001150014000000534,1025118367,,1,2,11710,11100,0115,0014,117103123014,11104,0,00187,00000,20220813
BS0102117101110001070007000000535,1025118378,,1,2,11710,11100,0107,0007,117103123006,11105,0,00471,00000,20241101
BS0203117101110000580030000000536,1025118379,,2,3,11710,11100,0058,0030,117104169429,11101,0,00019,00025,20220813
BS0102117101110001240010000000537,1025118381,,1,2,11710,11100,0124,0010,117103123014,11104,0,00199,00000,20220813
BS0203117101110001130006000000538,1025118409,,2,3,11710,11100,0113,0006,117104169200,11101,0,00012,00015,20220813
BS0102117101110000340007000000539,1025118453,,1,2,11710,11100,0034,0007,117104169429,11101,0,00010,00001,20220813
BS0102117101110001020017000000540,1025118471,,1,2,11710,11100,0102,0017,117104169456,11101,0,00041,00001,20250604
BS0203117101110001310005000000541,1025118556,,2,3,11710,11100,0131,0005,117104169019,11101,0,00016,00000,20220813
BS0102117101110001190013000000542,1025118573,,1,2,11710,11100,0119,0013,117104169200,11101,0,00024,00000,20220813
BS0102117101110001320009000000543,1025118689,,1,2,11710,11100,0132,0009,117104169022,11101,0,00014,00000,20250604
BS0102117101110000490001000000544,1025118701,,1,2,11710,11100,0049,0001,117104169374,11101,0,00055,00018,20220813
BS0102117101110000500009000000545,1025118754,,1,2,11710,11100,0050,0009,117104169374,11101,0,00063,00011,20240312
BS0102117101110001650004000000546,1025118756,,1,2,11710,11100,0165,0004,117102123002,11101,0,00092,00000,20220813
BS0203117101110001270019000000547,1025118828,,2,3,11710,11100,0127,0019,117104169387,11101,0,00025,00025,20220813
BS0203117101110001860012000000548,1025118842,,2,3,11710,11100,0186,0012,117104169451,11101,0,00015,00000,20220813
BS0203117101110001740007000000549,1025118847,,2,3,11710,11100,0174,0007,117104169202,11101,0,00019,00026,20220813
BS0203117101110001440035000000550,1025118948,,2,3,11710,11100,0144,0035,117104169020,11101,0,00031,00001,20220813
BS0203117101110000980014000000551,1025118952,,2,3,11710,11100,0098,0014,117104169429,11101,0,00039,00009,20220813
BS0203117101110000510002000000552,1025118978,,2,3,11710,11100,0051,0002,117103123006,11105,0,00501,00000,20240105
BS0203117101110002110014000000553,1025118995,,2,3,11710,11100,0211,0014,117104169387,11101,0,00050,00021,20231206
BS0203117101110001370000000000554,1025119000,,2,3,11710,11100,0137,0000,117104169018,11101,0,00007,00000,20220813
BS0203117101110000670009000000555,1025119002,,2,3,11710,11100,0067,0009,117104169376,11101,0,00007,00005,20220813
BS0203117101110001060020000000556,1025119013,,2,3,11710,11100,0106,0020,117104169429,11101,0,00057,00007,20220813
BS0102117101110001220008000000557,1025119068,,1,2,11710,11100,0122,0008,117104169384,11101,0,00024,00000,20220813
BS0203117101110001550008000000558,1025119228,,2,3,11710,11100,0155,0008,117104169458,11101,0,00029,00001,20220813
BS0102117101110001450029000000559,1025119260,,1,2,11710,11100,0145,0029,117104169380,11101,0,00030,00000,20220813
BS0102117101110000670000000000560,1025119263,,1,2,11710,11100,0067,0000,117104169375,11101,0,00006,00000,20241007
BS0203117101110001110002000000561,1025119276,,2,3,11710,11100,0111,0002,117104169200,11101,0,00004,00009,20220813
BS0102117101110000890015000000562,1025119313,,1,2,11710,11100,0089,0015,117102000006,11102,0,01218,00000,20220813
BS0203117101110001660001000000563,1025119317,,2,3,11710,11100,0166,0001,117104169447,11101,0,00011,00000,20220813
BS0102117101110001680017000000564,1025119341,,1,2,11710,11100,0168,0017,117104169202,11101,0,00043,00000,20220813
BS0203117101110001060011000000565,1025119394,,2,3,11710,11100,0106,0011,117104169378,11101,0,00024,00000,20220813
BS0203117101110001350008000000566,1025119422,,2,3,11710,11100,0135,0008,117104169017,11101,0,00005,00023,20220813
BS0102117101110000590008000000567,1025119436,,1,2,11710,11100,0059,0008,117104169429,11101,0,00019,00007,20220813
BS0102117101110002010007000000568,1025119524,,1,2,11710,11100,0201,0007,117104169372,11101,0,00019,00010,20220813
BS0203117101110001220018000000569,1025119641,,2,3,11710,11100,0122,0018,117104169459,11101,0,00058,00001,20220813
BS0102117101110001240031000000570,1025119752,,1,2,11710,11100,0124,0031,117104169384,11101,0,00008,00000,20220813
BS0203117101110001060016000000571,1025119776,,2,3,11710,11100,0106,0016,117104169429,11101,0,00057,00017,20220813
BS0102117101110000550003000000572,1025119779,,1,2,11710,11100,0055,0003,117104169374,11101,0,00054,00000,20241106
BS0102117101110001970003000000573,1025119798,,1,2,11710,11100,0197,0003,117104169448,11101,0,00031,00000,20220813
BS0102117101110002110012000000574,1025119838,,1,2,11710,11100,0211,0012,117104169387,11101,0,00050,00017,20250604
BS0102117101110000610000000000575,1025119849,,1,2,11710,11100,0061,0000,117104169429,11101,0,00023,00000,20250825
BS0102117101110000650001000000576,1025119850,,1,2,11710,11100,0065,0001,117103123014,11104,0,00097,00000,20220813
BS0102117101110001080005000000577,1025119857,,1,2,11710,11100,0108,0005,117104169378,11101,0,00004,00006,20220813
BS0203117101110001080018000000578,1025119865,,2,3,11710,11100,0108,0018,117104169429,11101,0,00058,00023,20220813
BS0203117101110000450002000000579,1025119882,,2,3,11710,11100,0045,0002,117102123002,11101,0,00018,00000,20231211
BS0102117101110001370018000000580,1025119885,,1,2,11710,11100,0137,0018,117104169200,11101,0,00041,00011,20220813
BS0203117101110001410000000000581,1025119918,,2,3,11710,11100,0141,0000,117104169018,11101,0,00015,00000,20220813
BS0203117101110001240040000000582,1025119955,,2,3,11710,11100,0124,0040,117104169200,11101,0,00042,00017,20220813
BS0102117101110000710008000000583,1025120017,,1,2,11710,11100,0071,0008,117104169429,11101,0,00036,00014,20250604
BS0102117101110001960001000000584,1025120186,,1,2,11710,11100,0196,0001,117104169372,11101,0,00042,00027,20220813
BS0102117101110002110000000000585,1025120226,,1,2,11710,11100,0211,0000,117103123004,11101,0,00014,00000,20250210
BS0102117101110001960009000000586,1025120259,,1,2,11710,11100,0196,0009,117104169372,11101,0,00042,00000,20220813
BS0102117101110000620005000000587,1025120287,,1,2,11710,11100,0062,0005,117104169375,11101,0,00011,00000,20241119
BS0102117101110001240019000000588,1025120326,,1,2,11710,11100,0124,0019,117104169200,11101,0,00044,00000,20220813
BS0102117101110001010008000000589,1025120328,,1,2,11710,11100,0101,0008,117104169456,11101,0,00053,00000,20220813
BS0203117101110001010001000000590,1025120367,,2,3,11710,11100,0101,0001,117104169456,11101,0,00055,00001,20220813
BS0203117101110001590009000000591,1025120382,,2,3,11710,11100,0159,0009,117104169202,11101,0,00042,00005,20220813
BS0102117101110000660000000000592,1025120388,,1,2,11710,11100,0066,0000,117103123014,11104,0,00105,00000,20241230
BS0203117101110001310010000000593,1025120413,,2,3,11710,11100,0131,0010,117104169017,11101,0,00009,00008,20240318
BS0102117101110002220001000000594,1025120441,,1,2,11710,11100,0222,0001,117104169387,11101,0,00014,00000,20220813
BS0102117101110001520003000000595,1025120482,,1,2,11710,11100,0152,0003,117104169020,11101,0,00034,00000,20220813
BS0102117101110001510022000000596,1025120495,,1,2,11710,11100,0151,0022,117104169020,11101,0,00040,00000,20220813
BS0203117101110001450042000000597,1025120539,,2,3,11710,11100,0145,0042,117104169382,11101,0,00036,00000,20221205
BS0203117101110001230018000000598,1025120544,,2,3,11710,11100,0123,0018,117104169200,11101,0,00042,00026,20220813
BS0203117101110001580010000000599,1025120573,,2,3,11710,11100,0158,0010,117104169202,11101,0,00042,00018,20220813
BS0203117101110001040004000000600,1025120657,,2,3,11710,11100,0104,0004,117104169378,11101,0,00013,00000,20220813
BS0102117101110001810003000000601,1025120690,,1,2,11710,11100,0181,0003,117102123002,11101,0,00106,00000,20220813
BS0203117101110001700000000000602,1025120744,,2,3,11710,11100,0170,0000,117104169384,11101,0,00070,00000,20220813
BS0102117101110001480004000000603,1025120783,,1,2,11710,11100,0148,0004,117104169380,11101,0,00021,00000,20220813
BS0102117101110001780006000000604,1025120788,,1,2,11710,11100,0178,0006,117104169202,11101,0,00011,00007,20250604
BS0102117101110001190026000000605,1025120816,,1,2,11710,11100,0119,0026,117104169200,11101,0,00032,00001,20250604
BS0203117101110000550019000000606,1025120818,,2,3,11710,11100,0055,0019,117104169456,11101,0,00030,00000,20220813
BS0102117101110002240001000000607,1025120844,,1,2,11710,11100,0224,0001,117104169390,11101,0,00016,00006,20240625
BS0102117101110001030014000000608,1025120885,,1,2,11710,11100,0103,0014,117104169429,11101,0,00051,00000,20220813
BS0203117101110001450003000000609,1025120910,,2,3,11710,11100,0145,0003,117104169200,11101,0,00011,00013,20220813
BS0203117101110001450026000000610,1025120944,,2,3,11710,11100,0145,0026,117104169382,11101,0,00024,00009,20220813
BS0203117101110001170012000000611,1025120962,,2,3,11710,11100,0117,0012,117104169015,11101,0,00020,00000,20220813
BS0203117101110001600016000000612,1025120987,,2,3,11710,11100,0160,0016,117104169022,11101,0,00001,00000,20220813
BS0102117101110000690009000000613,1025120991,,1,2,11710,11100,0069,0009,117104169375,11101,0,00014,00000,20241025
BS0203117101110001620021000000614,1025121021,,2,3,11710,11100,0162,0021,117104169447,11101,0,00027,00000,20220813
BS0203117101110001330001000000615,1025121031,,2,3,11710,11100,0133,0001,117104169022,11101,0,00002,00000,20220813
BS0102117101110001860013000000616,1025121129,,1,2,11710,11100,0186,0013,117104169451,11101,0,00013,00000,20220813
BS0203117101110001610013000000617,1025121135,,2,3,11710,11100,0161,0013,117104169447,11101,0,00024,00000,20220813
BS0102117101110001220013000000618,1025121145,,1,2,11710,11100,0122,0013,117104169384,11101,0,00008,00005,20220813
BS0203117101110001340014000000619,1025121240,,2,3,11710,11100,0134,0014,117104169017,11101,0,00009,00015,20221215
BS0102117101110002270013000000620,1025121254,,1,2,11710,11100,0227,0013,117103123014,11104,0,00227,00000,20230331
BS0102117101110001810005000000621,1025121284,,1,2,11710,11100,0181,0005,117102123002,11101,0,00108,00000,20220813
BS0102117101110001600004000000622,1025121341,,1,2,11710,11100,0160,0004,117103123001,11103,0,00266,00000,20220813
BS0102117101110002010002000000623,1025121391,,1,2,11710,11100,0201,0002,117104169450,11101,0,00025,00000,20250807
BS0203117101110001240029000000624,1025121407,,2,3,11710,11100,0124,0029,117104169015,11101,0,00006,00001,20220813
BS0102117101110001430000000000625,1025121472,,1,2,11710,11100,0143,0000,117104169020,11101,0,00021,00000,20220813
BS0102117101110000570000000000626,1025121514,,1,2,11710,11100,0057,0000,117104169431,11101,0,00027,00023,20220813
BS0203117101110000580007000000627,1025121515,,2,3,11710,11100,0058,0007,117104169431,11101,0,00022,00000,20220813
BS0102117101110002200004000000628,1025121528,10251100230748,1,2,11710,11100,0220,0004,117104169387,11101,0,00042,00000,20220813
BS0203117101110001880001000000629,1025121673,,2,3,11710,11100,0188,0001,117104169372,11101,0,00016,00023,20220813
BS0102117101110001120008000000630,1025121733,,1,2,11710,11100,0112,0008,117104169200,11101,0,00012,00000,20220813
BS0203117101110001060004000000631,1025121784,,2,3,11710,11100,0106,0004,117104169429,11101,0,00057,00009,20220813
BS0102117101110001340006000000632,1025121910,,1,2,11710,11100,0134,0006,117104169017,11101,0,00007,00000,20220813
BS0102117101110002270014000000633,1025121957,,1,2,11710,11100,0227,0014,117104169386,11101,0,00008,00000,20220813
BS0203117101110000710010000000634,1025121994,,2,3,11710,11100,0071,0010,117104169429,11101,0,00036,00008,20220813
BS0203117101110001560017000000635,1025122064,,2,3,11710,11100,0156,0017,117104169202,11101,0,00030,00013,20220813
BS0203117101110000510011000000636,1025122095,,2,3,11710,11100,0051,0011,117103123006,11105,0,00509,00000,20220813
BS0102117101110000240002000000637,1025122134,,1,2,11710,11100,0024,0002,117104169374,11101,0,00007,00010,20220813
BS0102117101110001230019000000638,1025122137,,1,2,11710,11100,0123,0019,117104169384,11101,0,00008,00013,20250604
BS0203117101110001530002000000639,1025122140,,2,3,11710,11100,0153,0002,117104169458,11101,0,00024,00015,20220813
BS0102117101110001320001000000640,1025122216,,1,2,11710,11100,0132,0001,117104169448,11101,0,00038,00000,20221212
BS0203117101110001400022000000641,1025122227,,2,3,11710,11100,0140,0022,117104169384,11101,0,00030,00001,20220813
BS0102117101110001600014000000642,1025122240,,1,2,11710,11100,0160,0014,117103123001,11103,0,00264,00001,20220813
BS0203117101110000400006000000643,1025122244,,2,3,11710,11100,0040,0006,117103123023,11104,0,00378,00000,20230407
BS0102117101110002260005000000644,1025122262,,1,2,11710,11100,0226,0005,117104169390,11101,0,00003,00000,20220901
BS0102117101110001010000000000645,1025122280,,1,2,11710,11100,0101,0000,117104169429,11101,0,00048,00000,20220813
BS0203117101110001630013000000646,1025122298,,2,3,11710,11100,0163,0013,117104169022,11101,0,00015,00012,20220813
BS0203117101110001410013000000647,1025122313,,2,3,11710,11100,0141,0013,117104169200,11101,0,00029,00016,20220813
BS0102117101110001960010000000648,1025122364,,1,2,11710,11100,0196,0010,117104169448,11101,0,00019,00000,20250709
BS0102117101110001490003000000649,1025122411,,1,2,11710,11100,0149,0003,117103123006,11105,0,00474,00000,20220813
BS0102117101110002070008000000650,1025122438,,1,2,11710,11100,0207,0008,117103123004,11101,0,00039,00000,20220813
BS0203117101110001330014000000651,1025122501,,2,3,11710,11100,0133,0014,117104169019,11101,0,00011,00000,20220813
BS0203117101110001720017000000652,1025122515,,2,3,11710,11100,0172,0017,117104169384,11101,0,00073,00000,20220813
BS0102117101110000590004000000653,1025122577,,1,2,11710,11100,0059,0004,117104169374,11101,0,00030,00006,20220813
BS0203117101110001530009000000654,1025122605,,2,3,11710,11100,0153,0009,117104169457,11101,0,00027,00000,20220813
BS0102117101110000370001000000655,1025122682,,1,2,11710,11100,0037,0001,117104169374,11101,0,00021,00012,20220813
BS0102117101110001870011000000656,1025122730,,1,2,11710,11100,0187,0011,117104169372,11101,0,00016,00008,20250604
BS0203117101110000550007000000657,1025122786,,2,3,11710,11100,0055,0007,117104169431,11101,0,00029,00000,20250425
BS0102117101110001830000000000658,1025122842,10251100499543,1,2,11710,11100,0183,0000,117102123002,11101,0,00126,00000,20220813
BS0102117101110001190008000000659,1025122860,,1,2,11710,11100,0119,0008,117104169201,11101,0,00003,00019,20220813
BS0102117101110000470011000000660,1025122867,,1,2,11710,11100,0047,0011,117104169374,11101,0,00051,00000,20220813
BS0203117101110001860005000000661,1025122903,,2,3,11710,11100,0186,0005,117104169372,11101,0,00004,00013,20220813
BS0102117101110001540014000000662,1025122916,,1,2,11710,11100,0154,0014,117104169202,11101,0,00026,00000,20220813
BS0102117101110001440019000000663,1025122923,,1,2,11710,11100,0144,0019,117104169020,11101,0,00027,00000,20220813
BS0203117101110001030021000000664,1025122926,,2,3,11710,11100,0103,0021,117104169429,11101,0,00049,00020,20220813
BS0203117101110001430001000000665,1025122932,,2,3,11710,11100,0143,0001,117104169458,11101,0,00037,00000,20220813
BS0203117101110001090017000000666,1025122955,,2,3,11710,11100,0109,0017,117104169378,11101,0,00005,00019,20250625
BS0102117101110001540002000000667,1025122960,,1,2,11710,11100,0154,0002,117104169202,11101,0,00016,00000,20220813
BS0102117101110002060001000000668,1025122970,,1,2,11710,11100,0206,0001,117104169451,11101,0,00027,00010,20220813
BS0203117101110002220000000000669,1025122976,,2,3,11710,11100,0222,0000,117104169387,11101,0,00016,00000,20220813
BS0102117101110001600002000000670,1025123040,,1,2,11710,11100,0160,0002,117103123001,11103,0,00272,00000,20240722
BS0102117101110002080016000000671,1025123064,,1,2,11710,11100,0208,0016,117104169451,11101,0,00028,00007,20220813
BS0102117101110001640018000000672,1025123105,,1,2,11710,11100,0164,0018,117104169023,11101,0,00017,00000,20240920
BS0102117101110001060009000000673,1025123173,,1,2,11710,11100,0106,0009,117104169378,11101,0,00028,00000,20220813
BS0203117101110001030006000000674,1025123226,,2,3,11710,11100,0103,0006,117104169378,11101,0,00021,00000,20220813
BS0102117101110000360015000000675,1025123231,,1,2,11710,11100,0036,0015,117104169374,11101,0,00021,00013,20220813
BS0102117101110000350008000000676,1025123279,,1,2,11710,11100,0035,0008,117103123023,11104,0,00360,00000,20220813
BS0102117101110001860018000000677,1025123284,,1,2,11710,11100,0186,0018,117104169451,11101,0,00005,00000,20240521
BS0102117101110001150009000000678,1025123303,,1,2,11710,11100,0115,0009,117104169015,11101,0,00025,00001,20240926
BS0203117101110001000007000000679,1025123329,,2,3,11710,11100,0100,0007,117104169456,11101,0,00056,00000,20220813
BS0102117101110001510021000000680,1025123379,,1,2,11710,11100,0151,0021,117104169020,11101,0,00042,00000,20220813
BS0203117101110001530019000000681,1025123418,,2,3,11710,11100,0153,0019,117104169458,11101,0,00030,00012,20220813
BS0203117101110001560008000000682,1025123428,,2,3,11710,11100,0156,0008,117104169202,11101,0,00034,00000,20220813
BS0102117101110001240001000000683,1025123467,,1,2,11710,11100,0124,0001,117104169015,11101,0,00011,00000,20220813
BS0203117101110001510013000000684,1025123479,,2,3,11710,11100,0151,0013,117104169199,11101,0,00026,00000,20220813
BS0102117101110001740000000000685,1025123514,,1,2,11710,11100,0174,0000,117104169202,11101,0,00019,00028,20220813
BS0203117101110000990000000000686,1025123515,,2,3,11710,11100,0099,0000,117104169429,11101,0,00019,00044,20220813
BS0203117101110001760001000000687,1025123552,,2,3,11710,11100,0176,0001,117104169202,11101,0,00011,00020,20220813
BS0102117101110002020009000000688,1025123596,,1,2,11710,11100,0202,0009,117104169372,11101,0,00013,00010,20220813
BS0102117101110001000001000000689,1025123643,,1,2,11710,11100,0100,0001,117104169429,11101,0,00042,00019,20220813
BS0203117101110001620002000000690,1025123665,,2,3,11710,11100,0162,0002,117104169447,11101,0,00025,00000,20220813
BS0203117101110001600012000000691,1025123673,,2,3,11710,11100,0160,0012,117103123001,11103,0,00268,00000,20230914
BS0102117101110000660003000000692,1025123747,,1,2,11710,11100,0066,0003,117103123014,11104,0,00113,00000,20240913
BS0102117101110001970002000000693,1025123808,,1,2,11710,11100,0197,0002,117104169448,11101,0,00029,00000,20250120
BS0102117101110000630014000000694,1025123829,,1,2,11710,11100,0063,0014,117104169429,11101,0,00022,00000,20220813
BS0203117101110001310000000000695,1025123915,,2,3,11710,11100,0131,0000,117104169019,11101,0,00014,00000,20220813
BS0203117101110001850005000000696,1025123941,,2,3,11710,11100,0185,0005,117104169372,11101,0,00002,00011,20220813
BS0203117101110001580013000000697,1025123947,,2,3,11710,11100,0158,0013,117104169202,11101,0,00042,00022,20220813
BS0102117101110002240010000000698,1025123961,,1,2,11710,11100,0224,0010,117104169390,11101,0,00012,00000,20220813
BS0102117101110002120019000000699,1025124026,,1,2,11710,11100,0212,0019,117104169390,11101,0,00041,00000,20221025
BS0102117101110001240047000000700,1025124099,,1,2,11710,11100,0124,0047,117103123001,11103,0,00235,00000,20220813
BS0102117101110002200000000000701,1025124363,10251100451837,1,2,11710,11100,0220,0000,117104169388,11101,0,00031,00000,20220813
BS0203117101110001350016000000702,1025124367,,2,3,11710,11100,0135,0016,117104169017,11101,0,00005,00021,20220813
BS0203117101110001190006000000703,1025124430,,2,3,11710,11100,0119,0006,117104169201,11101,0,00003,00025,20220813
BS0102117101110001240011000000704,1025124459,,1,2,11710,11100,0124,0011,117103123014,11104,0,00197,00000,20221207
BS0102117101110000640000000000705,1025124469,,1,2,11710,11100,0064,0000,117104169374,11101,0,00006,00000,20220813
BS0102117101110000340009000000706,1025124572,,1,2,11710,11100,0034,0009,117104169429,11101,0,00014,00000,20220813
BS0102117101110002090001000000707,1025124647,,1,2,11710,11100,0209,0001,117103123004,11101,0,00017,00000,20250801
BS0203117101110001120007000000708,1025124662,,2,3,11710,11100,0112,0007,117104169200,11101,0,00012,00014,20220813
BS0203117101110001520001000000709,1025124695,,2,3,11710,11100,0152,0001,117104169457,11101,0,00033,00000,20220813
BS0102117101110001590004000000710,1025124725,,1,2,11710,11100,0159,0004,117104169020,11101,0,00004,00000,20220813
BS0203117101110001050017000000711,1025124768,,2,3,11710,11100,0105,0017,117104169429,11101,0,00058,00018,20241024
BS0102117101110000580024000000712,1025124819,,1,2,11710,11100,0058,0024,117104169431,11101,0,00020,00000,20241015
BS0102117101110001240025000000713,1025124844,,1,2,11710,11100,0124,0025,117103123001,11103,0,00231,00000,20220813
BS0203117101110000580019000000714,1025124883,,2,3,11710,11100,0058,0019,117104169429,11101,0,00019,00039,20220813
BS0102117101110001490014000000715,1025124932,,1,2,11710,11100,0149,0014,117104169199,11101,0,00025,00001,20250604
BS0102117101110000890005000000716,1025125016,,1,2,11710,11100,0089,0005,117102123001,11102,0,00320,00000,20220813
BS0102117101110001010019000000717,1025125033,,1,2,11710,11100,0101,0019,117104169429,11101,0,00050,00020,20220813
BS0102117101110000360003000000718,1025125057,,1,2,11710,11100,0036,0003,117104169429,11101,0,00009,00000,20220813
BS0203117101110001440036000000719,1025125062,,2,3,11710,11100,0144,0036,117104169020,11101,0,00029,00001,20220813
BS0203117101110001460000000000720,1025125076,,2,3,11710,11100,0146,0000,117104169382,11101,0,00024,00000,20220813
BS0203117101110001270030000000721,1025125150,,2,3,11710,11100,0127,0030,117104169387,11101,0,00025,00005,20220813
BS0203117101110000630001000000722,1025125174,,2,3,11710,11100,0063,0001,117104169429,11101,0,00018,00011,20241025
BS0102117101110001100014000000723,1025125205,,1,2,11710,11100,0110,0014,117103123014,11104,0,00161,00000,20220813
BS0102117101110001520023000000724,1025125265,,1,2,11710,11100,0152,0023,117104169020,11101,0,00022,00000,20220813
BS0102117101110000630007000000725,1025125268,,1,2,11710,11100,0063,0007,117104169429,11101,0,00018,00017,20241015
BS0102117101110001170005000000726,1025125308,,1,2,11710,11100,0117,0005,117104169015,11101,0,00016,00000,20220813
BS0102117101110000880014000000727,10251100174702,10251248,1,2,11710,11100,0088,0014,117102123001,11102,0,00232,00000,20220813
BS0203117101110000990020000000728,10251100174737,,2,3,11710,11100,0099,0020,117104169456,11101,0,00040,00000,20241008
BS0102117101110002040001000000729,10251100178163,,1,2,11710,11100,0204,0001,117104169451,11101,0,00021,00000,20220813
BS0102117101110000650007000000730,10251100178303,,1,2,11710,11100,0065,0007,117104169375,11101,0,00003,00011,20220813
BS0203117101110001130014000000731,10251100178570,,2,3,11710,11100,0113,0014,117104169382,11101,0,00011,00000,20220813
BS0203117101110001000015000000732,10251100178679,10251100178678,2,3,11710,11100,0100,0015,117104169429,11101,0,00042,00009,20220813
BS0203117101110001180000000000733,10251100187541,,2,3,11710,11100,0118,0000,117104169201,11101,0,00005,00000,20220813
BS0203117101110001380000000000734,10251100188845,,2,3,11710,11100,0138,0000,117104169018,11101,0,00010,00000,20220813
BS0203117101110001520010000000735,10251100193204,,2,3,11710,11100,0152,0010,117104169020,11101,0,00030,00001,20220813
BS0203117101110001730006000000736,10251100225193,,2,3,11710,11100,0173,0006,117104169202,11101,0,00029,00015,20220813
BS0203117101110001530011000000737,10251100225293,,2,3,11710,11100,0153,0011,117104169458,11101,0,00024,00025,20220813
BS0203117101110001480009000000738,10251100225313,,2,3,11710,11100,0148,0009,117104169199,11101,0,00012,00000,20220813
BS0203117101110001160008000000739,10251100226713,,2,3,11710,11100,0116,0008,117104169382,11101,0,00018,00000,20220813
BS0203117101110001480008000000740,10251100227201,,2,3,11710,11100,0148,0008,117104169199,11101,0,00012,00001,20220813
BS0203117101110001480015000000741,10251100227913,,2,3,11710,11100,0148,0015,117104169380,11101,0,00027,00000,20220813
BS0102117101110000890007000000742,10251100228075,10251100228074,1,2,11710,11100,0089,0007,117102000006,11102,0,01242,00000,20220813
BS0203117101110001140007000000743,10251100228593,,2,3,11710,11100,0114,0007,117104169382,11101,0,00005,00015,20220813
BS0203117101110001400019000000744,10251100228742,,2,3,11710,11100,0140,0019,117104169459,11101,0,00050,00000,20220813
BS0203117101110001180003000000745,10251100229073,,2,3,11710,11100,0118,0003,117104169201,11101,0,00003,00012,20220813
BS0203117101110001880002000000746,10251100229448,,2,3,11710,11100,0188,0002,117104169372,11101,0,00016,00019,20220813
BS0203117101110001730012000000747,10251100229513,,2,3,11710,11100,0173,0012,117104169202,11101,0,00029,00013,20220813
BS0203117101110001880006000000748,10251100229782,,2,3,11710,11100,0188,0006,117104169372,11101,0,00020,00012,20220813
BS0102117101110002020011000000749,10251100230104,,1,2,11710,11100,0202,0011,117104169372,11101,0,00013,00004,20220813
BS0203117101110001230007000000750,10251100230517,,2,3,11710,11100,0123,0007,117104169200,11101,0,00042,00010,20220813
BS0102117101110002200004000000751,10251100230747,10251100230748,1,2,11710,11100,0220,0004,117104169387,11101,0,00042,00000,20220813
BS0102117101110002200004000000752,10251100230757,10251100230748,1,2,11710,11100,0220,0004,117104169387,11101,0,00042,00000,20220813
BS0102117101110001360007000000753,10251100231057,,1,2,11710,11100,0136,0007,117103123001,11103,0,00251,00000,20220813
BS0203117101110001930020000000754,10251100231317,,2,3,11710,11100,0193,0020,117104169372,11101,0,00030,00011,20220813
BS0102117101110001350003000000755,10251100231987,,1,2,11710,11100,0135,0003,117103123001,11103,0,00254,00001,20250827
BS0203117101110001520013000000756,10251100231988,,2,3,11710,11100,0152,0013,117104169020,11101,0,00028,00000,20220813
BS0102117101110000880020000000757,10251100232317,,1,2,11710,11100,0088,0020,117102123002,11101,0,00071,00000,20230331
BS0203117101110001270004000000758,10251100232477,,2,3,11710,11100,0127,0004,117104169016,11101,0,00021,00000,20220813
BS0203117101110001440008000000759,10251100235597,,2,3,11710,11100,0144,0008,117104169458,11101,0,00036,00001,20220813
BS0203117101110001240038000000760,10251100235617,,2,3,11710,11100,0124,0038,117104169200,11101,0,00042,00011,20220813
BS0203117101110001350019000000761,10251100236437,,2,3,11710,11100,0135,0019,117104169017,11101,0,00005,00013,20220813
BS0203117101110001350007000000762,10251100236735,,2,3,11710,11100,0135,0007,117104169017,11101,0,00005,00015,20220926
BS0203117101110001550015000000763,10251100236977,,2,3,11710,11100,0155,0015,117104169202,11101,0,00030,00014,20240814
BS0203117101110001000006000000764,10251100237097,,2,3,11710,11100,0100,0006,117104169456,11101,0,00054,00000,20220813
BS0203117101110001030012000000765,10251100237432,,2,3,11710,11100,0103,0012,117104169378,11101,0,00025,00001,20220813
BS0102117101110000440005000000766,10251100237817,,1,2,11710,11100,0044,0005,117102123002,11101,0,00010,00000,20250801
BS0203117101110001260007000000767,10251100237991,,2,3,11710,11100,0126,0007,117104169016,11101,0,00005,00003,20220813
BS0102117101110000670005000000768,10251100238627,,1,2,11710,11100,0067,0005,117104169376,11101,0,00007,00013,20240913
BS0203117101110001520012000000769,10251100238866,,2,3,11710,11100,0152,0012,117104169020,11101,0,00028,00001,20220813
BS0203117101110001400002000000770,10251100238946,,2,3,11710,11100,0140,0002,117104169384,11101,0,00030,00000,20220813
BS0102117101110000890022000000771,10251100239146,10251600,1,2,11710,11100,0089,0022,117102000006,11102,0,01278,00000,20220813
BS0102117101110001630008000000772,10251100239386,,1,2,11710,11100,0163,0008,117104169448,11101,0,00032,00001,20220813
BS0203117101110001790013000000773,10251100239456,,2,3,11710,11100,0179,0013,117104169457,11101,0,00016,00000,20220813
BS0203117101110001230002000000774,10251100239587,10251100239586,2,3,11710,11100,0123,0002,117104169459,11101,0,00061,00000,20220813
BS0203117101110001230002000000775,10251100239596,10251100239586,2,3,11710,11100,0123,0002,117104169459,11101,0,00061,00000,20220813
BS0203117101110001060000000000776,10251100239746,,2,3,11710,11100,0106,0000,117104169378,11101,0,00034,00000,20220813
BS0102117101110000880020000000777,10251100240203,,1,2,11710,11100,0088,0020,117102123002,11101,0,00071,00000,20220813
BS0102117101110000880020000000778,10251100240204,,1,2,11710,11100,0088,0020,117102123002,11101,0,00071,00000,20220813
BS0203117101110001480006000000779,10251100240407,,2,3,11710,11100,0148,0006,117104169380,11101,0,00031,00000,20220813
BS0102117101110001870017000000780,10251100240518,,1,2,11710,11100,0187,0017,117104169372,11101,0,00016,00028,20220813
BS0102117101110000880014000000781,10251100241846,10251248,1,2,11710,11100,0088,0014,117102123001,11102,0,00232,00000,20220813
BS0203117101110001880005000000782,10251100241986,,2,3,11710,11100,0188,0005,117104169372,11101,0,00016,00011,20220813
BS0203117101110001660000000000783,10251100242148,,2,3,11710,11100,0166,0000,117104169447,11101,0,00005,00000,20220813
BS0102117101110001550016000000784,10251100242670,,1,2,11710,11100,0155,0016,117104169202,11101,0,00030,00016,20250604
BS0203117101110001170018000000785,10251100242786,,2,3,11710,11100,0117,0018,117104169384,11101,0,00009,00018,20220813
BS0203117101110001550014000000786,10251100242806,,2,3,11710,11100,0155,0014,117104169202,11101,0,00030,00010,20220813
BS0203117101110001450053000000787,10251100243123,,2,3,11710,11100,0145,0053,117104169380,11101,0,00032,00000,20220813
BS0203117101110000450004000000788,10251100243246,,2,3,11710,11100,0045,0004,117102123002,11101,0,00028,00000,20231221
BS0203117101110001190018000000789,10251100243249,,2,3,11710,11100,0119,0018,117104169384,11101,0,00015,00000,20220813
BS0203117101110001300001000000790,10251100243341,,2,3,11710,11100,0130,0001,117104169017,11101,0,00015,00008,20220813
BS0203117101110001010021000000791,10251100243486,,2,3,11710,11100,0101,0021,117104169378,11101,0,00005,00012,20220813
BS0102117101110001440009000000792,10251100244381,,1,2,11710,11100,0144,0009,117104169458,11101,0,00038,00000,20220813
BS0203117101110001480012000000793,10251100244382,,2,3,11710,11100,0148,0012,117104169199,11101,0,00006,00001,20220813
BS0203117101110000550011000000794,10251100244527,,2,3,11710,11100,0055,0011,117104169456,11101,0,00026,00001,20250519
BS0203117101110001480011000000795,10251100244626,,2,3,11710,11100,0148,0011,117104169199,11101,0,00008,00000,20220813
BS0203117101110001180012000000796,10251100244666,,2,3,11710,11100,0118,0012,117104169201,11101,0,00003,00018,20220813
BS0203117101110000580005000000797,10251100244676,,2,3,11710,11100,0058,0005,117104169429,11101,0,00019,00031,20220813
BS0203117101110001520005000000798,10251100244986,,2,3,11710,11100,0152,0005,117104169020,11101,0,00024,00001,20220813
BS0203117101110001160009000000799,10251100245226,,2,3,11710,11100,0116,0009,117104169382,11101,0,00016,00002,20220813
BS0102117101110000880002000000800,10251100246672,10251347,1,2,11710,11100,0088,0002,117103123023,11104,0,00424,00000,20220813
BS0203117101110001790016000000801,10251100447126,,2,3,11710,11100,0179,0016,117104169202,11101,0,00007,00024,20220813
BS0203117101110001440018000000802,10251100449869,,2,3,11710,11100,0144,0018,117104169199,11101,0,00014,00027,20220813
BS0203117101110001130020000000803,10251100449946,,2,3,11710,11100,0113,0020,117104169382,11101,0,00015,00001,20220813
BS0203117101110000980004000000804,10251100450054,,2,3,11710,11100,0098,0004,117104169429,11101,0,00037,00012,20220813
BS0203117101110001130019000000805,10251100450334,,2,3,11710,11100,0113,0019,117104169382,11101,0,00017,00000,20220813
BS0203117101110001330013000000806,10251100450359,,2,3,11710,11100,0133,0013,117104169019,11101,0,00005,00001,20220813
BS0203117101110001410020000000807,10251100451767,,2,3,11710,11100,0141,0020,117104169384,11101,0,00029,00000,20220813
BS0203117101110001510014000000808,10251100451918,,2,3,11710,11100,0151,0014,117104169457,11101,0,00026,00000,20220813
BS0102117101110001490021000000809,10251100453347,,1,2,11710,11100,0149,0021,117103123006,11105,0,00470,00000,20240925
BS0203117101110000380004000000810,10251100453447,,2,3,11710,11100,0038,0004,117104169374,11101,0,00029,00011,20220813
BS0203117101110001190016000000811,10251100453579,,2,3,11710,11100,0119,0016,117104169384,11101,0,00017,00000,20221212
BS0203117101110001490027000000812,10251100454066,,2,3,11710,11100,0149,0027,117104169199,11101,0,00005,00000,20250102
BS0203117101110001190029000000813,10251100454729,,2,3,11710,11100,0119,0029,117104169201,11101,0,00003,00031,20230509
BS0203117101110001720014000000814,10251100458826,,2,3,11710,11100,0172,0014,117104169384,11101,0,00069,00000,20220813
BS0203117101110001550004000000815,10251100459026,,2,3,11710,11100,0155,0004,117104169458,11101,0,00025,00000,20220813
BS0203117101110001440007000000816,10251100460046,,2,3,11710,11100,0144,0007,117104169458,11101,0,00036,00000,20220813
BS0203117101110001190023000000817,10251100460066,,2,3,11710,11100,0119,0023,117104169201,11101,0,00003,00011,20220813
BS0203117101110001020022000000818,10251100460686,,2,3,11710,11100,0102,0022,117104169429,11101,0,00049,00019,20220813
BS0203117101110001420015000000819,10251100462124,,2,3,11710,11100,0142,0015,117104169200,11101,0,00029,00017,20220813
BS0203117101110001580011000000820,10251100462236,,2,3,11710,11100,0158,0011,117104169202,11101,0,00042,00014,20220813
BS0203117101110002240008000000821,10251100462262,,2,3,11710,11100,0224,0008,117104169109,11101,0,00001,00005,20220813
BS0203117101110001030022000000822,10251100462702,,2,3,11710,11100,0103,0022,117104169378,11101,0,00029,00000,20230905
BS0203117101110001550012000000823,10251100462935,,2,3,11710,11100,0155,0012,117104169202,11101,0,00030,00006,20220813
BS0203117101110001760011000000824,10251100463202,,2,3,11710,11100,0176,0011,117104169202,11101,0,00015,00009,20220813
BS0203117101110002220009000000825,10251100463282,,2,3,11710,11100,0222,0009,117104169388,11101,0,00005,00000,20220813
BS0203117101110001410022000000826,10251100463500,,2,3,11710,11100,0141,0022,117104169200,11101,0,00029,00010,20220813
BS0203117101110000680006000000827,10251100463745,,2,3,11710,11100,0068,0006,117104169376,11101,0,00007,00001,20240913
BS0203117101110001070000000000828,10251100463782,,2,3,11710,11100,0107,0000,117104169429,11101,0,00057,00034,20220813
BS0203117101110001530017000000829,10251100464530,,2,3,11710,11100,0153,0017,117104169458,11101,0,00030,00024,20220813
BS0203117101110001930039000000830,10251100464622,,2,3,11710,11100,0193,0039,117104169372,11101,0,00028,00009,20220813
BS0203117101110001170025000000831,10251100465091,,2,3,11710,11100,0117,0025,117104169201,11101,0,00011,00001,20220813
BS0203117101110001090002000000832,10251100467502,,2,3,11710,11100,0109,0002,117104169378,11101,0,00005,00035,20220813
BS0203117101110002240014000000833,10251100467642,,2,3,11710,11100,0224,0014,117104169109,11101,0,00001,00008,20220813
BS0203117101110001360010000000834,10251100468154,,2,3,11710,11100,0136,0010,117104169200,11101,0,00041,00022,20220813
BS0203117101110001360001000000835,10251100468163,,2,3,11710,11100,0136,0001,117104169200,11101,0,00041,00024,20220813
BS0203117101110001170019000000836,10251100469322,,2,3,11710,11100,0117,0019,117104169201,11101,0,00007,00022,20220813
BS0203117101110001120011000000837,10251100471302,,2,3,11710,11100,0112,0011,117104169200,11101,0,00012,00020,20220813
BS0203117101110001420018000000838,10251100471602,,2,3,11710,11100,0142,0018,117104169200,11101,0,00029,00011,20220813
BS0102117101110000690001000000839,10251100472558,,1,2,11710,11100,0069,0001,117104169376,11101,0,00011,00000,20220813
BS0102117101110001900006000000840,10251100472622,,1,2,11710,11100,0190,0006,117104169450,11101,0,00007,00000,20240701
BS0203117101110001330009000000841,10251100473084,,2,3,11710,11100,0133,0009,117104169019,11101,0,00005,00000,20220813
BS0203117101110001030009000000842,10251100473303,,2,3,11710,11100,0103,0009,117104169378,11101,0,00027,00001,20220813
BS0203117101110001110005000000843,10251100474162,,2,3,11710,11100,0111,0005,117104169200,11101,0,00004,00025,20220813
BS0203117101110001610010000000844,10251100475382,,2,3,11710,11100,0161,0010,117104169022,11101,0,00003,00016,20220813
BS0203117101110001790004000000845,10251100475802,,2,3,11710,11100,0179,0004,117104169202,11101,0,00007,00008,20220813
BS0203117101110001260011000000846,10251100476043,,2,3,11710,11100,0126,0011,117104169016,11101,0,00005,00021,20220813
BS0203117101110001410017000000847,10251100476422,,2,3,11710,11100,0141,0017,117104169384,11101,0,00033,00001,20220813
BS0203117101110001580016000000848,10251100478422,,2,3,11710,11100,0158,0016,117104169459,11101,0,00033,00000,20220813
BS0203117101110002120004000000849,10251100479602,,2,3,11710,11100,0212,0004,117104169387,11101,0,00050,00029,20231219
BS0203117101110002020003000000850,10251100479742,,2,3,11710,11100,0202,0003,117104169372,11101,0,00019,00011,20240131
BS0203117101110001700006000000851,10251100479983,,2,3,11710,11100,0170,0006,117104169459,11101,0,00016,00000,20220813
BS0203117101110000550012000000852,10251100481223,,2,3,11710,11100,0055,0012,117104169456,11101,0,00028,00000,20220813
BS0203117101110001930014000000853,10251100482051,,2,3,11710,11100,0193,0014,117104169372,11101,0,00028,00013,20220813
BS0102117101110002260010000000854,10251100483423,,1,2,11710,11100,0226,0010,117103123014,11104,0,00241,00000,20220813
BS0203117101110001520000000000855,10251100483723,,2,3,11710,11100,0152,0000,117104169457,11101,0,00031,00000,20220813
BS0203117101110001610003000000856,10251100485709,,2,3,11710,11100,0161,0003,117104169023,11101,0,00012,00000,20220813
BS0203117101110001170008000000857,10251100485851,,2,3,11710,11100,0117,0008,117104169201,11101,0,00007,00008,20220813
BS0203117101110002100001000000858,10251100493883,10251100494014,2,3,11710,11100,0210,0001,117103123004,11101,0,00001,00000,20220813
BS0203117101110002100001000000859,10251100493894,10251100494014,2,3,11710,11100,0210,0001,117103123004,11101,0,00001,00000,20220813
BS0203117101110002100001000000860,10251100493960,10251100494014,2,3,11710,11100,0210,0001,117103123004,11101,0,00001,00000,20220813
BS0203117101110002100001000000861,10251100494002,10251100494014,2,3,11710,11100,0210,0001,117103123004,11101,0,00001,00000,20220813
BS0203117101110002080007000000862,10251100494143,,2,3,11710,11100,0208,0007,117104169451,11101,0,00030,00005,20220813
BS0203117101110001450044000000863,10251100494239,,2,3,11710,11100,0145,0044,117104169382,11101,0,00032,00001,20220813
BS0203117101110001300009000000864,10251100497063,,2,3,11710,11100,0130,0009,117104169387,11101,0,00041,00001,20220813
BS0102117101110001100003000000865,10251100497523,,1,2,11710,11100,0110,0003,117103123006,11105,0,00460,00000,20220813
BS0203117101110001930035000000866,10251100497583,,2,3,11710,11100,0193,0035,117104169449,11101,0,00013,00000,20220813
BS0203117101110001620012000000867,10251100499283,,2,3,11710,11100,0162,0012,117104169447,11101,0,00031,00001,20220813
BS0102117101110001830000000000868,10251100499446,10251100499543,1,2,11710,11100,0183,0000,117102123002,11101,0,00124,00000,20220813
BS0203117101110001540019000000869,10251100499683,,2,3,11710,11100,0154,0019,117104169458,11101,0,00024,00006,20220813
BS0203117101110000470000000000870,10251100501443,,2,3,11710,11100,0047,0000,117104169456,11101,0,00008,00000,20231005
BS0203117101110001130017000000871,10251100502001,,2,3,11710,11100,0113,0017,117104169382,11101,0,00007,00000,20220813
BS0203117101110000570006000000872,10251100503181,,2,3,11710,11100,0057,0006,117104169431,11101,0,00017,00012,20220813
BS0203117101110000430000000000873,10251100503250,,2,3,11710,11100,0043,0000,117104169374,11101,0,00037,00000,20220813
BS0203117101110001660020000000874,10251100503979,,2,3,11710,11100,0166,0020,117104169023,11101,0,00015,00003,20220813
BS0203117101110000930002000000875,10251100504670,,2,3,11710,11100,0093,0002,117104169429,11101,0,00036,00023,20220813
BS0203117101110001270018000000876,10251100504761,,2,3,11710,11100,0127,0018,117104169016,11101,0,00011,00000,20220813
BS0203117101110001410015000000877,10251100504881,,2,3,11710,11100,0141,0015,117104169384,11101,0,00037,00000,20220813
BS0102117101110001290009000000878,10251100504921,,1,2,11710,11100,0129,0009,117104169017,11101,0,00010,00004,20230310
BS0102117101110001860008000000879,10251100504981,,1,2,11710,11100,0186,0008,117104169372,11101,0,00008,00000,20230801
BS0203117101110001420008000000880,10251100505641,,2,3,11710,11100,0142,0008,117104169200,11101,0,00029,00019,20220813
BS0102117101110001460007000000881,10251100505681,,1,2,11710,11100,0146,0007,117104169200,11101,0,00021,00000,20220813
BS0203117101110001490039000000882,10251100506067,,2,3,11710,11100,0149,0039,117104169199,11101,0,00011,00000,20220813
BS0203117101110001440013000000883,10251100506081,,2,3,11710,11100,0144,0013,117104169199,11101,0,00014,00021,20220813
BS0203117101110001230003000000884,10251100506194,,2,3,11710,11100,0123,0003,117104169459,11101,0,00063,00000,20220813
BS0203117101110001220016000000885,10251100508712,,2,3,11710,11100,0122,0016,117104169459,11101,0,00064,00001,20220813
BS0203117101110001550003000000886,10251100512363,,2,3,11710,11100,0155,0003,117104169458,11101,0,00023,00000,20220813
BS0203117101110001170003000000887,10251100516801,,2,3,11710,11100,0117,0003,117104169384,11101,0,00009,00007,20220813
BS0203117101110001560003000000888,10251100517162,,2,3,11710,11100,0156,0003,117104169202,11101,0,00030,00023,20220813
BS0203117101110001160021000000889,10251100518061,,2,3,11710,11100,0116,0021,117104169201,11101,0,00004,00000,20221219
BS0203117101110001320002000000890,10251100518101,,2,3,11710,11100,0132,0002,117104169022,11101,0,00012,00000,20220813
BS0203117101110001720015000000891,10251100519201,,2,3,11710,11100,0172,0015,117104169384,11101,0,00069,00001,20220813
BS0203117101110000550002000000892,10251100520201,,2,3,11710,11100,0055,0002,117104169456,11101,0,00020,00000,20220813
BS0102117101110001920009000000893,10251100520392,,1,2,11710,11100,0192,0009,117104169449,11101,0,00007,00011,20220813
BS0203117101110001680015000000894,10251100520431,10251100520421,2,3,11710,11100,0168,0015,117104169202,11101,0,00041,00008,20220813
BS0203117101110001930026000000895,10251100520481,,2,3,11710,11100,0193,0026,117104169372,11101,0,00034,00006,20220813
BS0203117101110000490004000000896,10251100521501,,2,3,11710,11100,0049,0004,117104169374,11101,0,00055,00008,20250801
BS0203117101110001360011000000897,10251100522483,10251100522482,2,3,11710,11100,0136,0011,117104169200,11101,0,00041,00020,20220813
BS0102117101110001410008000000898,10251100523899,,1,2,11710,11100,0141,0008,117104169384,11101,0,00027,00000,20220813
BS0203117101110001240030000000899,10251100524208,,2,3,11710,11100,0124,0030,117104169015,11101,0,00010,00000,20220813
BS0102117101110000640012000000900,10251100524522,,1,2,11710,11100,0064,0012,117104169374,11101,0,00012,00000,20250827
BS0203117101110001320000000000901,10251100524642,,2,3,11710,11100,0132,0000,117104169019,11101,0,00011,00001,20220813
BS0203117101110001580002000000902,10251100525815,10251100525814,2,3,11710,11100,0158,0002,117104169459,11101,0,00025,00000,20220813
BS0203117101110001580002000000903,10251100525826,10251100525814,2,3,11710,11100,0158,0002,117104169459,11101,0,00025,00000,20220813
BS0203117101110001880010000000904,10251100527062,,2,3,11710,11100,0188,0010,117104169372,11101,0,00020,00024,20220813
BS0203117101110001960013000000905,10251100527682,,2,3,11710,11100,0196,0013,117104169448,11101,0,00015,00000,20220813
BS0102117101110001070008000000906,10251100528002,,1,2,11710,11100,0107,0008,117103123006,11105,0,00475,00000,20220813
BS0203117101110001270010000000907,10251100528682,,2,3,11710,11100,0127,0010,117104169016,11101,0,00013,00000,20220813
BS0203117101110002220003000000908,10251100528982,,2,3,11710,11100,0222,0003,117104169387,11101,0,00010,00000,20220813
BS0102117101110000620006000000909,10251100529722,,1,2,11710,11100,0062,0006,117104169375,11101,0,00013,00000,20220813
BS0203117101110001560013000000910,10251100530062,,2,3,11710,11100,0156,0013,117104169384,11101,0,00047,00000,20220813
BS0203117101110000280002000000911,10251100530502,,2,3,11710,11100,0028,0002,117104169428,11101,0,00009,00000,20220813
BS0203117101110000430002000000912,10251100530872,,2,3,11710,11100,0043,0002,117104169374,11101,0,00043,00000,20220813
BS0203117101110001690015000000913,10251100531203,10251100531202,2,3,11710,11100,0169,0015,117104169202,11101,0,00041,00027,20220813
BS0203117101110001690015000000914,10251100531214,10251100531202,2,3,11710,11100,0169,0015,117104169202,11101,0,00041,00027,20220813
BS0102117101110000360016000000915,10251100531282,,1,2,11710,11100,0036,0016,117104169429,11101,0,00007,00000,20230511
BS0203117101110001370011000000916,10251100531450,10251100531442,2,3,11710,11100,0137,0011,117104169459,11101,0,00041,00000,20220813
BS0203117101110001070012000000917,10251100531522,,2,3,11710,11100,0107,0012,117104169429,11101,0,00057,00022,20220813
BS0102117101110001870007000000918,10251100532157,,1,2,11710,11100,0187,0007,117104169451,11101,0,00016,00000,20230526
BS0203117101110000490011000000919,10251100532162,,2,3,11710,11100,0049,0011,117104169203,11101,0,00009,00000,20220813
BS0203117101110000460001000000920,10251100534382,,2,3,11710,11100,0046,0001,117104169374,11101,0,00043,00016,20220813
BS0102117101110000610001000000921,10251100534762,,1,2,11710,11100,0061,0001,117104169429,11101,0,00021,00006,20220813
BS0203117101110001370005000000922,10251100536422,,2,3,11710,11100,0137,0005,117104169200,11101,0,00041,00019,20220813
BS0203117101110001510000000000923,10251100536602,,2,3,11710,11100,0151,0000,117104169202,11101,0,00006,00000,20250710
BS0203117101110000690006000000924,10251100536882,,2,3,11710,11100,0069,0006,117104169376,11101,0,00013,00000,20241203
BS0102117101110001820007000000925,10251100537257,,1,2,11710,11100,0182,0007,117104169450,11101,0,00004,00008,20220813
BS0203117101110001000016000000926,10251100538062,,2,3,11710,11100,0100,0016,117104169429,11101,0,00042,00013,20220813
BS0203117101110001760008000000927,10251100538082,,2,3,11710,11100,0176,0008,117104169202,11101,0,00015,00019,20220813
BS0203117101110001300017000000928,10251100538222,,2,3,11710,11100,0130,0017,117104169387,11101,0,00047,00000,20220813
BS0203117101110001010002000000929,10251100538263,,2,3,11710,11100,0101,0002,117104169456,11101,0,00057,00000,20220813
BS0102117101110000890016000000930,10251100538342,10251434,1,2,11710,11100,0089,0016,117102000006,11102,0,01196,00000,20220813
BS0203117101110000510010000000931,10251100538822,,2,3,11710,11100,0051,0010,117103123006,11105,0,00507,00000,20220813
BS0203117101110001430012000000932,10251100539162,,2,3,11710,11100,0143,0012,117104169018,11101,0,00014,00000,20220813
BS0102117101110000530000000000933,10251100540063,10251240,1,2,11710,11100,0053,0000,117104169374,11101,0,00064,00000,20220813
BS0203117101110001590000000000934,10251100552702,,2,3,11710,11100,0159,0000,117104169202,11101,0,00044,00000,20220813
BS0203117101110001110003000000935,10251100553602,,2,3,11710,11100,0111,0003,117104169200,11101,0,00004,00013,20220813
BS0203117101110000990005000000936,10251100553662,,2,3,11710,11100,0099,0005,117104169456,11101,0,00042,00000,20220813
BS0203117101110000480002000000937,10251100554482,,2,3,11710,11100,0048,0002,117104169456,11101,0,00011,00000,20220813
BS0203117101110001440001000000938,10251100554872,,2,3,11710,11100,0144,0001,117104169020,11101,0,00033,00000,20220813
BS0203117101110001600011000000939,10251100555922,,2,3,11710,11100,0160,0011,117104169022,11101,0,00003,00011,20220813
BS0203117101110004540000000000940,10251100556042,,2,3,11710,11100,0454,0000,117104169020,11101,0,00005,00000,20220813
BS0203117101110001550022000000941,10251100560242,,2,3,11710,11100,0155,0022,117104169202,11101,0,00030,00004,20220813
BS0203117101110001370010000000942,10251100566042,,2,3,11710,11100,0137,0010,117104169200,11101,0,00041,00015,20220813
BS0203117101110001630000000000943,10251100566222,,2,3,11710,11100,0163,0000,117104169022,11101,0,00017,00000,20220813
BS0203117101110000480001000000944,10251100566242,,2,3,11710,11100,0048,0001,117104169456,11101,0,00007,00000,20240718
BS0102117101110001440025000000945,10251100566982,,1,2,11710,11100,0144,0025,117104169020,11101,0,00023,00008,20220813
BS0102117101110001790005000000946,10251100567182,,1,2,11710,11100,0179,0005,117104169202,11101,0,00007,00000,20220813
BS0203117101110001720021000000947,1000000000000000061844,,2,3,11710,11100,0172,0021,117104169202,11101,0,00033,00000,20220829
BS0203117101110001600001000000948,1000000000000000085012,1000000000000000085011,2,3,11710,11100,0160,0001,117103123001,11103,0,00274,00000,20250828
BS0203117101110001560000000000949,1000000000000001064441,,2,3,11710,11100,0156,0000,117104169202,11101,0,00032,00000,20230112
BS0102117101110001080007000000950,1000000000000001071732,,1,2,11710,11100,0108,0007,117103123014,11104,0,00147,00000,20240924
BS0203117101110004550000000000951,1000000000000001211241,,2,3,11710,11100,0455,0000,117104169458,11101,0,00030,00011,20230130
BS0203117101110000340000000000952,1000000000000001255912,,2,3,11710,11100,0034,0000,117104169428,11101,0,00001,00012,20230210
BS0102117101110001100025000000953,1000000000000001791169,,1,2,11710,11100,0110,0025,117103123006,11105,0,00456,00000,20250428
BS0203117101110001580006000000954,1000000000000001802331,,2,3,11710,11100,0158,0006,117104169202,11101,0,00042,00016,20250616
BS0203117101110001720022000000955,1000000000000001832833,,2,3,11710,11100,0172,0022,117104169202,11101,0,00029,00010,20250901
BS0203117101110000410012000000956,1000000000000001917524,,2,3,11710,11100,0041,0012,117104169431,11101,0,00003,00030,20240323
BS0203117101110000500003000000957,1000000000000002110717,,2,3,11710,11100,0050,0003,117104169374,11101,0,00065,00000,20250703
BS0102117101110000610005000000958,1000000000000002223377,,1,2,11710,11100,0061,0005,117104169375,11101,0,00025,00000,20240323
BS0102117101110001120021000000959,1000000000000002378249,,1,2,11710,11100,0112,0021,117104169382,11101,0,00005,00010,20230920
BS0203117101110000490015000000960,1000000000000002506859,,2,3,11710,11100,0049,0015,117104169374,11101,0,00061,00017,20240323
BS0102117101110001810004000000961,1000000000000002509662,,1,2,11710,11100,0181,0004,117102123002,11101,0,00106,00001,20240323
BS0203117101110001380002000000962,1000000000000002522161,1000000000000002522149,2,3,11710,11100,0138,0002,117103123001,11103,0,00261,00000,20240708
BS0102117101110001140006000000963,1000000000000002746242,,1,2,11710,11100,0114,0006,117103123014,11104,0,00167,00000,20240323
BS0203117101110000280003000000964,1000000000000002930969,,2,3,11710,11100,0028,0003,117104169374,11101,0,00011,00001,20250828
BS0203117101110000280004000000965,1000000000000002931707,,2,3,11710,11100,0028,0004,117104169374,11101,0,00011,00011,20240323
BS0203117101110000380003000000966,1000000000000003092689,,2,3,11710,11100,0038,0003,117104169374,11101,0,00029,00000,20250715
BS0102117101110000930005000000967,1000000000000004097743,,1,2,11710,11100,0093,0005,117104169429,11101,0,00042,00016,20250901
BS0102117101110001930006000000968,1000000000000004136814,,1,2,11710,11100,0193,0006,117104169449,11101,0,00007,00032,20240805
BS0203117101110000410002000000969,1000000000000004669455,,2,3,11710,11100,0041,0002,117104169431,11101,0,00003,00036,20241115
BS0203117101110000340001000000970,1000000000000005480697,,2,3,11710,11100,0034,0001,117104169374,11101,0,00011,00016,20250408
BS0102117101110001060019000000971,1000000000000005495708,,1,2,11710,11100,0106,0019,117104169429,11101,0,00057,00001,20250409
BS0102117101110004370004000000972,1000000000000006492878,1000000000000006492877,1,2,11710,11100,0437,0004,117103000034,11103,0,00434,00000,20250918
BS0102117101110004370033000000973,1000000000000006492910,,1,2,11710,11100,0437,0033,117103000034,11103,0,00432,00000,20250918
BS0102117101110000880000000000974,102511041,10251110,1,2,11710,11100,0088,0000,117103123023,11104,0,00424,00000,20220813
BS0203117101110000890000000000975,102512840,10251534,2,3,11710,11100,0089,0000,117102000006,11102,0,01218,00000,20220813
BS0203117101110000890000000000976,102512878,10251534,2,3,11710,11100,0089,0000,117102000006,11102,0,01218,00000,20220813
BS0203117101110000890000000000977,102512901,10251534,2,3,11710,11100,0089,0000,117102000006,11102,0,01218,00000,20220813
BS0203117101110000890000000000978,102512902,10251534,2,3,11710,11100,0089,0000,117102000006,11102,0,01218,00000,20220813
BS0203117101110000890000000000979,102512913,10251534,2,3,11710,11100,0089,0000,117102000006,11102,0,01218,00000,20220813
BS0102117101110002220004000000980,102514037,,1,2,11710,11100,0222,0004,117104169387,11101,0,00008,00000,20220813
BS0102117101110000880010000000981,102514947,10251100237017,1,2,11710,11100,0088,0010,117103123023,11104,0,00474,00000,20220813
BS0203117101110001620001000000982,102514971,,2,3,11710,11100,0162,0001,117104169447,11101,0,00023,00000,20220813
BS0102117101110001650002000000983,102515056,,1,2,11710,11100,0165,0002,117104169448,11101,0,00004,00000,20220813
BS0102117101110001230009000000984,102515237,,1,2,11710,11100,0123,0009,117104169459,11101,0,00055,00000,20240509
BS0102117101110002190009000000985,102515638,,1,2,11710,11100,0219,0009,117104169388,11101,0,00012,00000,20230829
BS0203117101110001020024000000986,102518115,,2,3,11710,11100,0102,0024,117104169429,11101,0,00049,00015,20220813
BS0102117101110000580009000000987,102519935,,1,2,11710,11100,0058,0009,117104169429,11101,0,00019,00033,20220813
BS0102117101110000890012000000988,1025110358,,1,2,11710,11100,0089,0012,117102000006,11102,0,01220,00000,20220813
BS0102117101110001930023000000989,1025110620,,1,2,11710,11100,0193,0023,117104169372,11101,0,00030,00003,20220813
BS0102117101110001440006000000990,1025110750,,1,2,11710,11100,0144,0006,117104169020,11101,0,00023,00000,20220813
BS0102117101110001110006000000991,1025111087,,1,2,11710,11100,0111,0006,117104169380,11101,0,00007,00000,20240614
BS0102117101110000450000000000992,1025113098,,1,2,11710,11100,0045,0000,117102123002,11101,0,00014,00000,20220813
BS0102117101110002120017000000993,1025113983,,1,2,11710,11100,0212,0017,117104169390,11101,0,00039,00006,20220813
BS0203117101110001620000000000994,1025115268,,2,3,11710,11100,0162,0000,117104169023,11101,0,00014,00000,20220813
BS0102117101110001140002000000995,1025115485,,1,2,11710,11100,0114,0002,117103123014,11104,0,00173,00001,20240318
BS0102117101110000470004000000996,1025116336,,1,2,11710,11100,0047,0004,117104169374,11101,0,00047,00010,20250319
BS0203117101110000580032000000997,1025116952,,2,3,11710,11100,0058,0032,117104169429,11101,0,00019,00029,20220813
BS0102117101110001660009000000998,1025117192,,1,2,11710,11100,0166,0009,117104169023,11101,0,00015,00031,20220813
BS0203117101110001270028000000999,1025117556,,2,3,11710,11100,0127,0028,117104169016,11101,0,00009,00000,20230828
BS0102117101110000410013000001000,1025117587,,1,2,11710,11100,0041,0013,117104169431,11101,0,00003,00006,20240523
BS0203117101110001660013000001001,1025117784,,2,3,11710,11100,0166,0013,117104169447,11101,0,00007,00000,20220813
BS0203117101110001320011000001002,1025118053,,2,3,11710,11100,0132,0011,117104169022,11101,0,00016,00000,20220813
BS0102117101110001440017000001003,1025118251,,1,2,11710,11100,0144,0017,117104169199,11101,0,00014,00025,20230630
BS0102117101110001750003000001004,1025119203,,1,2,11710,11100,0175,0003,117104169202,11101,0,00015,00016,20250604
BS0102117101110000670003000001005,1025120132,,1,2,11710,11100,0067,0003,117104169376,11101,0,00005,00008,20220813
BS0203117101110001060006000001006,1025120305,,2,3,11710,11100,0106,0006,117104169378,11101,0,00032,00000,20220813
BS0102117101110001050007000001007,1025120680,,1,2,11710,11100,0105,0007,117104169378,11101,0,00006,00000,20220813
BS0102117101110000340004000001008,1025122611,,1,2,11710,11100,0034,0004,117104169429,11101,0,00004,00000,20220813
BS0203117101110001440029000001009,10251100228022,,2,3,11710,11100,0144,0029,117104169199,11101,0,00014,00011,20220813
BS0203117101110002130006000001010,10251100235257,,2,3,11710,11100,0213,0006,117104169390,11101,0,00042,00006,20220813
BS0203117101110001090018000001011,10251100237957,,2,3,11710,11100,0109,0018,117104169378,11101,0,00005,00017,20220813
BS0203117101110001550007000001012,10251100238986,,2,3,11710,11100,0155,0007,117104169458,11101,0,00029,00000,20220813
BS0203117101110001130013000001013,10251100241738,,2,3,11710,11100,0113,0013,117104169382,11101,0,00013,00000,20220813
BS0203117101110001980013000001014,10251100499475,10251100499486,2,3,11710,11100,0198,0013,117104169372,11101,0,00033,00000,20220813
BS0203117101110001370006000001015,10251100503241,,2,3,11710,11100,0137,0006,117104169018,11101,0,00005,00000,20220813
BS0203117101110001360011000001016,10251100522490,10251100522482,2,3,11710,11100,0136,0011,117104169200,11101,0,00041,00020,20220813
BS0203117101110001610017000001017,10251100535103,,2,3,11710,11100,0161,0017,117104169447,11101,0,00030,00000,20220813
BS0203117101110002110011000001018,10251100551902,,2,3,11710,11100,0211,0011,117104169387,11101,0,00050,00015,20220813
BS0102117101110000880015000001019,1000000000000001319514,10251425,1,2,11710,11100,0088,0015,117102000006,11102,0,01239,00000,20230331
BS0203117101110001970000000001020,102511336,10251218,2,3,11710,11100,0197,0000,117104169448,11101,0,00025,00000,20220813
BS0102117101110000880002000001021,102511992,10251347,1,2,11710,11100,0088,0002,117103123023,11104,0,00424,00000,20220813
BS0203117101110001660014000001022,102512921,10251538,2,3,11710,11100,0166,0014,117104169023,11101,0,00015,00025,20220813
BS0203117101110001270013000001023,102514785,,2,3,11710,11100,0127,0013,117104169387,11101,0,00025,00009,20220813
BS0203117101110000990001000001024,102515186,,2,3,11710,11100,0099,0001,117104169456,11101,0,00050,00000,20220813
BS0102117101110001690010000001025,102515968,,1,2,11710,11100,0169,0010,117104169202,11101,0,00041,00000,20220813
BS0102117101110001020010000001026,102516300,,1,2,11710,11100,0102,0010,117104169429,11101,0,00049,00025,20220813
BS0102117101110001120019000001027,102516309,,1,2,11710,11100,0112,0019,117104169200,11101,0,00012,00024,20250604
BS0203117101110001720002000001028,102517890,,2,3,11710,11100,0172,0002,117104169202,11101,0,00029,00014,20220813
BS0203117101110001800008000001029,102517919,,2,3,11710,11100,0180,0008,117102123002,11101,0,00038,00000,20220813
BS0203117101110001550019000001030,102519189,,2,3,11710,11100,0155,0019,117104169202,11101,0,00030,00024,20220813
BS0203117101110001240028000001031,102519971,,2,3,11710,11100,0124,0028,117104169015,11101,0,00004,00000,20220813
BS0102117101110001410014000001032,1025111533,,1,2,11710,11100,0141,0014,117104169200,11101,0,00029,00014,20220813
BS0102117101110001540016000001033,1025111570,,1,2,11710,11100,0154,0016,117104169458,11101,0,00024,00030,20250604
BS0102117101110000280005000001034,1025112155,,1,2,11710,11100,0028,0005,117104169374,11101,0,00011,00021,20220813
BS0203117101110002050002000001035,1025112831,,2,3,11710,11100,0205,0002,117104169372,11101,0,00005,00009,20220813
BS0102117101110000580001000001036,1025114036,,1,2,11710,11100,0058,0001,117104169431,11101,0,00020,00001,20250311
BS0102117101110001640002000001037,1025114456,,1,2,11710,11100,0164,0002,117104169448,11101,0,00006,00000,20250418
BS0102117101110001640005000001038,1025115456,,1,2,11710,11100,0164,0005,117104169448,11101,0,00018,00000,20250528
BS0203117101110001460002000001039,1025116315,,2,3,11710,11100,0146,0002,117104169382,11101,0,00024,00010,20220813
BS0102117101110000640008000001040,1025117708,,1,2,11710,11100,0064,0008,117104169374,11101,0,00010,00000,20250905
BS0102117101110001930031000001041,1025118225,,1,2,11710,11100,0193,0031,117104169372,11101,0,00036,00000,20220813
BS0203117101110001060014000001042,1025118266,,2,3,11710,11100,0106,0014,117104169429,11101,0,00057,00021,20220813
BS0203117101110001680009000001043,1025118462,,2,3,11710,11100,0168,0009,117104169202,11101,0,00041,00018,20220813
BS0102117101110001970001000001044,1025120036,,1,2,11710,11100,0197,0001,117104169448,11101,0,00027,00000,20220813
BS0102117101110000630009000001045,1025120268,,1,2,11710,11100,0063,0009,117104169429,11101,0,00022,00020,20220813
BS0102117101110001730010000001046,1025121418,,1,2,11710,11100,0173,0010,117104169202,11101,0,00027,00000,20241029
BS0203117101110001450019000001047,1025122496,,2,3,11710,11100,0145,0019,117104169382,11101,0,00028,00000,20220813
BS0203117101110001560007000001048,1025122597,,2,3,11710,11100,0156,0007,117104169384,11101,0,00049,00000,20220813
BS0203117101110001270007000001049,1025123304,,2,3,11710,11100,0127,0007,117104169387,11101,0,00025,00029,20220813
BS0102117101110000660002000001050,1025124032,,1,2,11710,11100,0066,0002,117103123014,11104,0,00111,00000,20240304
BS0102117101110000930018000001051,1025124427,,1,2,11710,11100,0093,0018,117104169429,11101,0,00036,00015,20250604
BS0102117101110001040003000001052,1025125302,,1,2,11710,11100,0104,0003,117104169378,11101,0,00007,00000,20220813
BS0203117101110001010017000001053,10251100173994,,2,3,11710,11100,0101,0017,117104169378,11101,0,00005,00016,20220813
BS0102117101110001670000000001054,10251100238077,10251232,1,2,11710,11100,0167,0000,117104169447,11101,0,00004,00000,20220813
BS0203117101110001400005000001055,10251100447718,,2,3,11710,11100,0140,0005,117104169384,11101,0,00036,00000,20220813
BS0203117101110001560012000001056,10251100463182,,2,3,11710,11100,0156,0012,117104169202,11101,0,00030,00011,20220813
BS0203117101110001720008000001057,10251100463579,,2,3,11710,11100,0172,0008,117104169384,11101,0,00061,00000,20220813
BS0203117101110001170028000001058,10251100496703,,2,3,11710,11100,0117,0028,117104169384,11101,0,00009,00027,20220813
BS0102117101110001170029000001059,10251100509841,,1,2,11710,11100,0117,0029,117104169015,11101,0,00028,00000,20220813
BS0102117101110001670002000001060,10251100526702,,1,2,11710,11100,0167,0002,117104169023,11101,0,00003,00000,20220813
BS0102117101110001830005000001061,1000000000000000558570,,1,2,11710,11100,0183,0005,117102123002,11101,0,00132,00000,20221227
BS0102117101110000880015000001062,102512283,10251425,1,2,11710,11100,0088,0015,117102000006,11102,0,01239,00000,20230331
BS0203117101110002120008000001063,102513183,10251610,2,3,11710,11100,0212,0008,117104169390,11101,0,00028,00000,20250331
BS0203117101110000670008000001064,102513685,,2,3,11710,11100,0067,0008,117104169376,11101,0,00007,00007,20220813
BS0102117101110000710001000001065,102513812,,1,2,11710,11100,0071,0001,117104169376,11101,0,00014,00000,20250318
BS0102117101110001110007000001066,102514801,,1,2,11710,11100,0111,0007,117104169380,11101,0,00007,00001,20220813
BS0203117101110001050015000001067,102516173,,2,3,11710,11100,0105,0015,117104169429,11101,0,00058,00014,20241015
BS0102117101110001490008000001068,102516635,,1,2,11710,11100,0149,0008,117103123006,11105,0,00488,00000,20230728
BS0102117101110001450052000001069,102517327,,1,2,11710,11100,0145,0052,117104169380,11101,0,00032,00001,20250604
BS0203117101110001240045000001070,102517904,,2,3,11710,11100,0124,0045,117104169200,11101,0,00042,00027,20220813
BS0203117101110001580019000001071,102518456,,2,3,11710,11100,0158,0019,117104169202,11101,0,00042,00008,20220813
BS0203117101110000930016000001072,102519698,,2,3,11710,11100,0093,0016,117104169429,11101,0,00036,00009,20220813
BS0102117101110000680002000001073,1025110515,,1,2,11710,11100,0068,0002,117104169376,11101,0,00009,00007,20250604
BS0203117101110001750005000001074,1025110776,,2,3,11710,11100,0175,0005,117104169202,11101,0,00015,00010,20220813
BS0203117101110001050001000001075,1025110874,,2,3,11710,11100,0105,0001,117104169378,11101,0,00012,00000,20220813
BS0102117101110001430013000001076,1025111105,,1,2,11710,11100,0143,0013,117104169384,11101,0,00039,00000,20250604
BS0102117101110002130005000001077,1025111295,,1,2,11710,11100,0213,0005,117104169390,11101,0,00042,00008,20220813
BS0203117101110001300011000001078,1025111404,,2,3,11710,11100,0130,0011,117104169017,11101,0,00015,00022,20220813
BS0102117101110001340012000001079,1025111883,,1,2,11710,11100,0134,0012,117104169017,11101,0,00009,00011,20250604
BS0203117101110001450037000001080,1025112676,,2,3,11710,11100,0145,0037,117104169200,11101,0,00011,00019,20220813
BS0203117101110001410011000001081,1025113158,,2,3,11710,11100,0141,0011,117104169200,11101,0,00029,00022,20220813
BS0203117101110001050002000001082,1025114712,,2,3,11710,11100,0105,0002,117104169429,11101,0,00058,00022,20250103
BS0203117101110001740002000001083,1025115036,,2,3,11710,11100,0174,0002,117104169458,11101,0,00016,00000,20220813
BS0102117101110000670004000001084,1025117399,,1,2,11710,11100,0067,0004,117104169376,11101,0,00007,00011,20220813
BS0102117101110000620014000001085,1025117762,,1,2,11710,11100,0062,0014,117104169429,11101,0,00022,00017,20220813
BS0203117101110001990014000001086,1025118140,,2,3,11710,11100,0199,0014,117104169372,11101,0,00027,00000,20220813
BS0102117101110001920006000001087,1025118588,,1,2,11710,11100,0192,0006,117104169449,11101,0,00007,00000,20220813
BS0203117101110001530026000001088,1025119182,,2,3,11710,11100,0153,0026,117104169458,11101,0,00024,00011,20220813
BS0203117101110001960007000001089,1025119696,,2,3,11710,11100,0196,0007,117104169372,11101,0,00042,00007,20231227
BS0102117101110001190019000001090,1025119714,,1,2,11710,11100,0119,0019,117104169384,11101,0,00013,00000,20220813
BS0102117101110002240011000001091,1025120187,,1,2,11710,11100,0224,0011,117104169390,11101,0,00010,00000,20220813
BS0102117101110000670002000001092,1025120985,,1,2,11710,11100,0067,0002,117104169376,11101,0,00005,00012,20220813
BS0203117101110000990013000001093,1025122848,,2,3,11710,11100,0099,0013,117104169429,11101,0,00039,00020,20220813
BS0102117101110000590007000001094,1025124330,,1,2,11710,11100,0059,0007,117104169429,11101,0,00019,00013,20220813
BS0203117101110001290001000001095,10251100234937,,2,3,11710,11100,0129,0001,117104169016,11101,0,00005,00020,20220813
BS0203117101110001420009000001096,10251100237229,,2,3,11710,11100,0142,0009,117104169200,11101,0,00029,00023,20220813
BS0102117101110000880020000001097,10251100240202,,1,2,11710,11100,0088,0020,117102123002,11101,0,00071,00000,20220813
BS0203117101110001990012000001098,10251100460126,,2,3,11710,11100,0199,0012,117104169372,11101,0,00027,00012,20230503
BS0203117101110001530016000001099,10251100467962,,2,3,11710,11100,0153,0016,117104169458,11101,0,00030,00026,20220813
BS0203117101110001300000000001100,10251100475060,,2,3,11710,11100,0130,0000,117104169017,11101,0,00017,00000,20220813
BS0203117101110001000024000001101,10251100528202,,2,3,11710,11100,0100,0024,117104169429,11101,0,00042,00025,20220813
BS0102117101110000620011000001102,10251100531962,,1,2,11710,11100,0062,0011,117104169429,11101,0,00022,00011,20230509
BS0102117101110001930010000001103,1000000000000003092471,,1,2,11710,11100,0193,0010,117104169449,11101,0,00007,00022,20250116
BS0102117101110000880014000001104,102511498,10251248,1,2,11710,11100,0088,0014,117102123001,11102,0,00232,00000,20220813
BS0102117101110000880015000001105,102512286,10251425,1,2,11710,11100,0088,0015,117102000006,11102,0,01239,00000,20240405
BS0102117101110000880003000001106,102512773,10251527,1,2,11710,11100,0088,0003,117103123023,11104,0,00424,00000,20250912
BS0203117101110000890000000001107,102512873,10251534,2,3,11710,11100,0089,0000,117102000006,11102,0,01218,00000,20220813
BS0203117101110000890000000001108,102512884,10251534,2,3,11710,11100,0089,0000,117102000006,11102,0,01218,00000,20220813
BS0102117101110001100012000001109,102513167,10251603,1,2,11710,11100,0110,0012,117104169380,11101,0,00005,00000,20220813
BS0102117101110001010011000001110,102514262,,1,2,11710,11100,0101,0011,117104169429,11101,0,00050,00008,20250604
BS0102117101110001010014000001111,102515606,,1,2,11710,11100,0101,0014,117104169456,11101,0,00061,00000,20220813
BS0102117101110001330016000001112,102515848,,1,2,11710,11100,0133,0016,117104169019,11101,0,00009,00000,20220813
BS0203117101110001620018000001113,102518856,,2,3,11710,11100,0162,0018,117104169022,11101,0,00015,00005,20220813
BS0203117101110001760009000001114,102519551,,2,3,11710,11100,0176,0009,117104169202,11101,0,00015,00015,20220813
BS0102117101110001400003000001115,102519790,,1,2,11710,11100,0140,0003,117104169384,11101,0,00038,00000,20220813
BS0203117101110001300003000001116,1025110201,,2,3,11710,11100,0130,0003,117104169387,11101,0,00051,00000,20220813
BS0203117101110002220006000001117,1025110238,,2,3,11710,11100,0222,0006,117104169386,11101,0,00021,00000,20220813
BS0203117101110001320006000001118,1025112190,,2,3,11710,11100,0132,0006,117104169019,11101,0,00015,00001,20220813
BS0203117101110001540006000001119,1025112710,,2,3,11710,11100,0154,0006,117104169458,11101,0,00024,00012,20220813
BS0102117101110001490004000001120,1025113065,,1,2,11710,11100,0149,0004,117103123006,11105,0,00478,00000,20230808
BS0102117101110001220019000001121,1025113777,,1,2,11710,11100,0122,0019,117104169459,11101,0,00060,00000,20250604
BS0203117101110001610014000001122,1025115107,,2,3,11710,11100,0161,0014,117104169447,11101,0,00026,00000,20220813
BS0102117101110001660017000001123,1025115811,,1,2,11710,11100,0166,0017,117104169023,11101,0,00011,00000,20220813
BS0102117101110001350002000001124,1025120973,,1,2,11710,11100,0135,0002,117103123001,11103,0,00256,00000,20231102
BS0102117101110002230014000001125,1025122046,,1,2,11710,11100,0223,0014,117104169390,11101,0,00015,00000,20220813
BS0102117101110000670010000001126,1025122131,,1,2,11710,11100,0067,0010,117104169376,11101,0,00007,00000,20220813
BS0203117101110001370009000001127,1025122213,,2,3,11710,11100,0137,0009,117104169459,11101,0,00045,00000,20220813
BS0102117101110001580000000001128,1025122457,,1,2,11710,11100,0158,0000,117104169202,11101,0,00040,00000,20220813
BS0203117101110001460003000001129,1025123251,,2,3,11710,11100,0146,0003,117104169382,11101,0,00024,00012,20220813
BS0102117101110000590011000001130,1025123853,,1,2,11710,11100,0059,0011,117104169429,11101,0,00019,00009,20231214
BS0203117101110001310021000001131,1025124473,,2,3,11710,11100,0131,0021,117104169017,11101,0,00015,00023,20220813
BS0102117101110002000001000001132,10251100173564,,1,2,11710,11100,0200,0001,117104169450,11101,0,00026,00000,20220813
BS0203117101110001120014000001133,10251100227753,,2,3,11710,11100,0112,0014,117104169200,11101,0,00012,00010,20220813
BS0102117101110000890007000001134,10251100228073,10251100228074,1,2,11710,11100,0089,0007,117102000006,11102,0,01242,00000,20240611
BS0203117101110001080002000001135,10251100240686,,2,3,11710,11100,0108,0002,117104169429,11101,0,00058,00013,20220813
BS0203117101110001150010000001136,10251100460246,,2,3,11710,11100,0115,0010,117104169015,11101,0,00025,00000,20220813
BS0102117101110001080009000001137,10251100499843,,1,2,11710,11100,0108,0009,117103123006,11105,0,00453,00000,20220813
BS0102117101110000880015000001138,10251100522022,10251425,1,2,11710,11100,0088,0015,117102000006,11102,0,01239,00000,20230331
BS0102117101110001100007000001139,1000000000000002086809,,1,2,11710,11100,0110,0007,117104169200,11101,0,00004,00006,20250918
BS0203117101110000370005000001140,1000000000000004710857,,2,3,11710,11100,0037,0005,117104169374,11101,0,00023,00013,20241126
BS0102117101110000880002000001141,102511989,10251347,1,2,11710,11100,0088,0002,117103123023,11104,0,00424,00000,20220813
BS0102117101110001870008000001142,102513501,,1,2,11710,11100,0187,0008,117104169372,11101,0,00014,00000,20230927
BS0102117101110000680012000001143,102514845,,1,2,11710,11100,0068,0012,117104169376,11101,0,00009,00009,20220813
BS0102117101110001920004000001144,102515203,,1,2,11710,11100,0192,0004,117104169450,11101,0,00004,00021,20250411
BS0203117101110000710007000001145,102515547,,2,3,11710,11100,0071,0007,117104169429,11101,0,00036,00018,20220813
BS0203117101110001520024000001146,102516331,,2,3,11710,11100,0152,0024,117104169458,11101,0,00030,00027,20220813
BS0102117101110001490037000001147,102517549,,1,2,11710,11100,0149,0037,117104169199,11101,0,00027,00000,20250604
BS0102117101110002240013000001148,102518671,,1,2,11710,11100,0224,0013,117104169109,11101,0,00001,00004,20220813
BS0102117101110001510009000001149,102519057,,1,2,11710,11100,0151,0009,117104169457,11101,0,00024,00000,20220813
BS0102117101110002080003000001150,102519955,,1,2,11710,11100,0208,0003,117103123004,11101,0,00029,00000,20220813
BS0102117101110001580005000001151,1025110299,,1,2,11710,11100,0158,0005,117104169202,11101,0,00042,00020,20220813
BS0203117101110001030024000001152,1025112516,,2,3,11710,11100,0103,0024,117104169429,11101,0,00049,00012,20220813
BS0203117101110001550017000001153,1025114100,,2,3,11710,11100,0155,0017,117104169202,11101,0,00030,00018,20220813
BS0102117101110001240020000001154,1025114770,,1,2,11710,11100,0124,0020,117103123001,11103,0,00243,00000,20250318
BS0102117101110001100019000001155,1025114950,,1,2,11710,11100,0110,0019,117104169200,11101,0,00004,00016,20250604
BS0203117101110001310013000001156,1025116966,,2,3,11710,11100,0131,0013,117104169017,11101,0,00015,00017,20241031
BS0102117101110001400016000001157,1025117329,,1,2,11710,11100,0140,0016,117104169459,11101,0,00046,00000,20220813
BS0203117101110000540008000001158,1025118764,,2,3,11710,11100,0054,0008,117104169456,11101,0,00035,00023,20220813
BS0102117101110001240013000001159,1025119159,,1,2,11710,11100,0124,0013,117103123014,11104,0,00193,00000,20220813
BS0203117101110001740009000001160,1025119265,,2,3,11710,11100,0174,0009,117104169202,11101,0,00019,00020,20220813
BS0102117101110001220014000001161,1025119406,,1,2,11710,11100,0122,0014,117104169384,11101,0,00016,00000,20250604
BS0102117101110001990000000001162,1025119674,,1,2,11710,11100,0199,0000,117104169372,11101,0,00029,00000,20220813
BS0102117101110000640001000001163,1025121451,,1,2,11710,11100,0064,0001,117104169374,11101,0,00014,00000,20250903
BS0102117101110001150007000001164,1025122728,,1,2,11710,11100,0115,0007,117103123014,11104,0,00177,00000,20220813
BS0102117101110001080019000001165,1025124283,,1,2,11710,11100,0108,0019,117104169429,11101,0,00058,00025,20220813
BS0203117101110000600011000001166,1025124825,,2,3,11710,11100,0060,0011,117104169429,11101,0,00019,00026,20220813
BS0203117101110001980012000001167,1025125102,,2,3,11710,11100,0198,0012,117104169372,11101,0,00035,00000,20220813
BS0203117101110000340002000001168,10251100187034,,2,3,11710,11100,0034,0002,117104169374,11101,0,00011,00008,20250317
BS0102117101110000890003000001169,10251100198675,,1,2,11710,11100,0089,0003,117102123001,11102,0,00286,00000,20220813
BS0102117101110001640007000001170,10251100235337,,1,2,11710,11100,0164,0007,117104169448,11101,0,00012,00001,20220813
BS0102117101110002040005000001171,10251100497623,,1,2,11710,11100,0204,0005,117104169372,11101,0,00005,00014,20241105
BS0203117101110000490009000001172,10251100554122,,2,3,11710,11100,0049,0009,117104169374,11101,0,00061,00015,20220813
BS0203117101110002270000000001173,10251100566842,,2,3,11710,11100,0227,0000,117104169386,11101,0,00006,00000,20220813
BS0102117101110000880002000001174,102511982,10251347,1,2,11710,11100,0088,0002,117103123023,11104,0,00424,00000,20220813
BS0102117101110000880015000001175,102512277,10251425,1,2,11710,11100,0088,0015,117102000006,11102,0,01239,00000,20220813
BS0203117101110000890000000001176,102512863,10251534,2,3,11710,11100,0089,0000,117102000006,11102,0,01218,00000,20220813
BS0203117101110000890000000001177,102512864,10251534,2,3,11710,11100,0089,0000,117102000006,11102,0,01218,00000,20220813
BS0203117101110000890000000001178,102512905,10251534,2,3,11710,11100,0089,0000,117102000006,11102,0,01218,00000,20221202
BS0203117101110001330006000001179,102513976,,2,3,11710,11100,0133,0006,117104169019,11101,0,00009,00001,20220813
BS0203117101110001920008000001180,102514901,,2,3,11710,11100,0192,0008,117104169449,11101,0,00007,00007,20220813
BS0203117101110001740011000001181,102515048,,2,3,11710,11100,0174,0011,117104169202,11101,0,00019,00012,20220813
BS0102117101110000640006000001182,102515403,,1,2,11710,11100,0064,0006,117104169429,11101,0,00018,00000,20241015
BS0102117101110000630006000001183,102518089,,1,2,11710,11100,0063,0006,117104169429,11101,0,00018,00021,20220813
BS0102117101110002040002000001184,1025111912,,1,2,11710,11100,0204,0002,117104169451,11101,0,00023,00000,20220813
BS0102117101110001340013000001185,1025112976,,1,2,11710,11100,0134,0013,117104169017,11101,0,00009,00017,20220813
BS0102117101110000240008000001186,1025113058,,1,2,11710,11100,0024,0008,117104169428,11101,0,00006,00000,20250910
BS0102117101110001770014000001187,1025114500,,1,2,11710,11100,0177,0014,117102123002,11101,0,00052,00000,20220813
BS0102117101110001620007000001188,1025114837,,1,2,11710,11100,0162,0007,117104169023,11101,0,00016,00000,20220813
BS0102117101110001000002000001189,1025114856,,1,2,11710,11100,0100,0002,117104169429,11101,0,00042,00021,20220813
BS0102117101110000990019000001190,1025116014,,1,2,11710,11100,0099,0019,117104169429,11101,0,00039,00006,20250604
BS0102117101110000670012000001191,1025116070,,1,2,11710,11100,0067,0012,117104169376,11101,0,00005,00000,20230130
BS0102117101110000390011000001192,1025116338,,1,2,11710,11100,0039,0011,117104169374,11101,0,00029,00016,20220813
BS0203117101110001690017000001193,1025116701,,2,3,11710,11100,0169,0017,117104169459,11101,0,00007,00000,20220813
BS0102117101110000580029000001194,1025117462,,1,2,11710,11100,0058,0029,117104169374,11101,0,00030,00021,20250604
BS0102117101110001610000000001195,1025118356,,1,2,11710,11100,0161,0000,117104169023,11101,0,00008,00000,20220813
BS0102117101110001060005000001196,1025121257,,1,2,11710,11100,0106,0005,117104169456,11101,0,00035,00024,20220813
BS0102117101110000240001000001197,1025123111,,1,2,11710,11100,0024,0001,117104169374,11101,0,00007,00012,20241008
BS0203117101110001600007000001198,1025123464,,2,3,11710,11100,0160,0007,117104169022,11101,0,00003,00019,20220813
BS0203117101110001450030000001199,1025123568,,2,3,11710,11100,0145,0030,117104169380,11101,0,00028,00000,20220813
BS0203117101110001350017000001200,1025123602,,2,3,11710,11100,0135,0017,117104169017,11101,0,00005,00019,20220813
BS0102117101110000630002000001201,1025124073,,1,2,11710,11100,0063,0002,117104169429,11101,0,00022,00010,20250409
BS0102117101110002080011000001202,1025125027,,1,2,11710,11100,0208,0011,117104169451,11101,0,00030,00008,20250604
BS0203117101110001020007000001203,10251100227142,,2,3,11710,11100,0102,0007,117104169429,11101,0,00049,00021,20220813
BS0203117101110001580004000001204,10251100239966,,2,3,11710,11100,0158,0004,117104169202,11101,0,00042,00026,20220813
BS0203117101110000930013000001205,10251100241726,,2,3,11710,11100,0093,0013,117104169429,11101,0,00036,00021,20220813
BS0102117101110001820005000001206,10251100245934,,1,2,11710,11100,0182,0005,117102123002,11101,0,00118,00000,20220813
BS0203117101110001430009000001207,10251100453907,,2,3,11710,11100,0143,0009,117104169018,11101,0,00018,00001,20220813
BS0203117101110001240015000001208,10251100467284,,2,3,11710,11100,0124,0015,117104169384,11101,0,00008,00006,20220813
BS0102117101110000360007000001209,10251100499943,,1,2,11710,11100,0036,0007,117104169429,11101,0,00011,00000,20220813
BS0203117101110001440023000001210,10251100517861,,2,3,11710,11100,0144,0023,117104169199,11101,0,00014,00033,20220813
BS0203117101110001190009000001211,10251100519779,,2,3,11710,11100,0119,0009,117104169201,11101,0,00003,00017,20220813
BS0203117101110000460002000001212,10251100552802,,2,3,11710,11100,0046,0002,117104169374,11101,0,00045,00000,20220813
BS0203117101110001380002000001213,1000000000000002522150,1000000000000002522149,2,3,11710,11100,0138,0002,117103123001,11103,0,00261,00000,20240708
BS0102117101110000880014000001214,102511495,10251248,1,2,11710,11100,0088,0014,117102123001,11102,0,00232,00000,20220813
BS0203117101110000890000000001215,102512803,10251534,2,3,11710,11100,0089,0000,117102000006,11102,0,01218,00000,20220813
BS0203117101110001770004000001216,102514077,,2,3,11710,11100,0177,0004,117102123002,11101,0,00050,00000,20220813
BS0102117101110001140000000001217,102514444,,1,2,11710,11100,0114,0000,117104169380,11101,0,00004,00000,20221209
BS0203117101110001790008000001218,102515538,,2,3,11710,11100,0179,0008,117104169457,11101,0,00014,00000,20220813
BS0102117101110001170031000001219,102516784,,1,2,11710,11100,0117,0031,117104169384,11101,0,00009,00000,20220813
BS0102117101110001450008000001220,102516986,,1,2,11710,11100,0145,0008,117104169199,11101,0,00014,00032,20250604
BS0203117101110001170021000001221,102517120,,2,3,11710,11100,0117,0021,117104169201,11101,0,00007,00018,20220813
BS0203117101110001460001000001222,102517360,,2,3,11710,11100,0146,0001,117104169382,11101,0,00024,00006,20220813
BS0203117101110002110001000001223,102517540,,2,3,11710,11100,0211,0001,117103123004,11101,0,00012,00000,20220813
BS0203117101110001480007000001224,102517645,,2,3,11710,11100,0148,0007,117104169380,11101,0,00033,00000,20220813
BS0203117101110000580018000001225,102518788,,2,3,11710,11100,0058,0018,117104169429,11101,0,00019,00037,20220813
BS0102117101110001350025000001226,1025110215,,1,2,11710,11100,0135,0025,117104169017,11101,0,00005,00000,20231115
BS0203117101110002020008000001227,1025110311,,2,3,11710,11100,0202,0008,117104169372,11101,0,00013,00012,20220813
BS0203117101110000890011000001228,1025110403,,2,3,11710,11100,0089,0011,117102000006,11102,0,01222,00000,20250918
BS0102117101110000990006000001229,1025111781,,1,2,11710,11100,0099,0006,117104169456,11101,0,00044,00000,20220813
BS0102117101110002080013000001230,1025112451,,1,2,11710,11100,0208,0013,117104169451,11101,0,00030,00000,20231013
BS0102117101110001900004000001231,1025112655,,1,2,11710,11100,0190,0004,117104169450,11101,0,00011,00000,20220813
BS0203117101110000980010000001232,1025114304,,2,3,11710,11100,0098,0010,117104169429,11101,0,00039,00017,20220813
BS0102117101110001150015000001233,1025118919,,1,2,11710,11100,0115,0015,117104169015,11101,0,00019,00000,20250604
BS0102117101110001630005000001234,1025119831,,1,2,11710,11100,0163,0005,117104169448,11101,0,00024,00000,20250711
BS0102117101110000360000000001235,1025120167,,1,2,11710,11100,0036,0000,117104169429,11101,0,00003,00000,20220813
BS0102117101110000990018000001236,1025120195,,1,2,11710,11100,0099,0018,117104169429,11101,0,00039,00008,20250604
BS0102117101110000280007000001237,1025121236,,1,2,11710,11100,0028,0007,117104169374,11101,0,00011,00000,20240326
BS0102117101110000990002000001238,1025121423,,1,2,11710,11100,0099,0002,117104169456,11101,0,00040,00001,20220813
BS0203117101110001170002000001239,1025121862,,2,3,11710,11100,0117,0002,117104169384,11101,0,00009,00021,20220813
BS0102117101110000240003000001240,10251100226178,,1,2,11710,11100,0024,0003,117104169374,11101,0,00007,00000,20240222
BS0203117101110001020023000001241,10251100227175,,2,3,11710,11100,0102,0023,117104169429,11101,0,00049,00017,20220813
BS0203117101110001220004000001242,10251100500014,,2,3,11710,11100,0122,0004,117104169459,11101,0,00066,00000,20220813
BS0203117101110001760017000001243,10251100512141,,2,3,11710,11100,0176,0017,117104169202,11101,0,00015,00025,20220813
BS0203117101110000500010000001244,10251100521101,,2,3,11710,11100,0050,0010,117104169374,11101,0,00063,00013,20220813
BS0203117101110000550009000001245,10251100522143,,2,3,11710,11100,0055,0009,117104169456,11101,0,00024,00000,20220813
BS0203117101110001530015000001246,10251100528442,,2,3,11710,11100,0153,0015,117104169458,11101,0,00030,00028,20220813
BS0102117101110001680006000001247,10251100531682,,1,2,11710,11100,0168,0006,117103123001,11103,0,00279,00000,20220813
BS0203117101110001600008000001248,1000000000000001395945,,2,3,11710,11100,0160,0008,117104169022,11101,0,00003,00023,20240404
BS0102117101110002120006000001249,1000000000000002221426,,1,2,11710,11100,0212,0006,117104169387,11101,0,00050,00031,20240628
BS0203117101110000890000000001250,102512834,10251534,2,3,11710,11100,0089,0000,117102000006,11102,0,01218,00000,20220813
BS0203117101110000890000000001251,102512886,10251534,2,3,11710,11100,0089,0000,117102000006,11102,0,01218,00000,20220813
BS0203117101110000890000000001252,102512895,10251534,2,3,11710,11100,0089,0000,117102000006,11102,0,01218,00000,20220813
BS0102117101110001910004000001253,102513544,,1,2,11710,11100,0191,0004,117104169450,11101,0,00014,00000,20231016
BS0203117101110001450047000001254,102514637,,2,3,11710,11100,0145,0047,117104169199,11101,0,00014,00026,20220813
BS0203117101110001410010000001255,102515245,,2,3,11710,11100,0141,0010,117104169200,11101,0,00029,00024,20230706
BS0102117101110001720020000001256,102516870,,1,2,11710,11100,0172,0020,117104169384,11101,0,00059,00000,20220813
BS0102117101110001640003000001257,102519387,,1,2,11710,11100,0164,0003,117104169448,11101,0,00010,00000,20220813
BS0102117101110001080022000001258,102519808,,1,2,11710,11100,0108,0022,117104169429,11101,0,00058,00017,20220813
BS0102117101110001000013000001259,1025110285,,1,2,11710,11100,0100,0013,117104169429,11101,0,00042,00015,20250604
BS0203117101110000470013000001260,1025110383,,2,3,11710,11100,0047,0013,117104169374,11101,0,00049,00000,20240614
BS0102117101110001010003000001261,1025113108,,1,2,11710,11100,0101,0003,117104169456,11101,0,00061,00001,20220813
BS0102117101110001930013000001262,1025113544,,1,2,11710,11100,0193,0013,117104169372,11101,0,00034,00020,20250604
BS0203117101110001610008000001263,1025114134,,2,3,11710,11100,0161,0008,117104169022,11101,0,00003,00020,20220813
BS0102117101110000550013000001264,1025114644,,1,2,11710,11100,0055,0013,117104169456,11101,0,00028,00001,20241119
BS0102117101110002030008000001265,1025115020,,1,2,11710,11100,0203,0008,117104169451,11101,0,00022,00000,20241126
BS0203117101110001610015000001266,1025115914,,2,3,11710,11100,0161,0015,117104169447,11101,0,00028,00000,20220813
BS0203117101110001700020000001267,1025116165,,2,3,11710,11100,0170,0020,117104169459,11101,0,00010,00000,20220813
BS0102117101110001840001000001268,1025116982,,1,2,11710,11100,0184,0001,117102123002,11101,0,00138,00000,20220813
BS0102117101110001220006000001269,1025117173,,1,2,11710,11100,0122,0006,117104169459,11101,0,00062,00000,20220813
BS0102117101110001150008000001270,1025117368,,1,2,11710,11100,0115,0008,117103123014,11104,0,00175,00000,20220813
BS0203117101110001310020000001271,1025117932,,2,3,11710,11100,0131,0020,117104169017,11101,0,00009,00024,20220813
BS0102117101110000460000000001272,1025118968,,1,2,11710,11100,0046,0000,117104169203,11101,0,00027,00000,20220813
BS0203117101110001760006000001273,1025119730,,2,3,11710,11100,0176,0006,117104169202,11101,0,00015,00021,20250623
BS0203117101110000580011000001274,1025121992,,2,3,11710,11100,0058,0011,117104169431,11101,0,00024,00000,20220813
BS0203117101110001610004000001275,1025123516,,2,3,11710,11100,0161,0004,117104169447,11101,0,00034,00001,20220813
BS0102117101110001240022000001276,1025123929,,1,2,11710,11100,0124,0022,117103123001,11103,0,00239,00000,20240325
BS0203117101110001230011000001277,1025124636,,2,3,11710,11100,0123,0011,117104169200,11101,0,00042,00006,20220813
BS0203117101110001450024000001278,10251100229993,,2,3,11710,11100,0145,0024,117104169382,11101,0,00024,00005,20220813
BS0203117101110001420003000001279,10251100236197,,2,3,11710,11100,0142,0003,117104169458,11101,0,00049,00000,20220813
BS0102117101110000570004000001280,10251100237262,,1,2,11710,11100,0057,0004,117104169431,11101,0,00027,00015,20220813
BS0203117101110001540005000001281,10251100460666,,2,3,11710,11100,0154,0005,117104169458,11101,0,00024,00008,20220813
BS0203117101110001420000000001282,10251100461102,,2,3,11710,11100,0142,0000,117104169018,11101,0,00019,00000,20220813
BS0203117101110001190007000001283,10251100472811,,2,3,11710,11100,0119,0007,117104169201,11101,0,00003,00023,20220813
BS0203117101110001180011000001284,10251100475722,,2,3,11710,11100,0118,0011,117104169201,11101,0,00003,00014,20220813
BS0102117101110000440002000001285,10251100493563,,1,2,11710,11100,0044,0002,117102123002,11101,0,00002,00000,20220813
BS0203117101110002100001000001286,10251100493978,10251100494014,2,3,11710,11100,0210,0001,117103123004,11101,0,00001,00000,20250507
BS0203117101110001720000000001287,10251100494814,10251100494843,2,3,11710,11100,0172,0000,117104169202,11101,0,00029,00028,20220813
BS0203117101110001720004000001288,10251100516856,,2,3,11710,11100,0172,0004,117104169202,11101,0,00029,00006,20220813
BS0203117101110001330010000001289,10251100532382,,2,3,11710,11100,0133,0010,117104169019,11101,0,00003,00000,20220813
BS0203117101110001000011000001290,10251100533839,,2,3,11710,11100,0100,0011,117104169456,11101,0,00060,00001,20220813
BS0203117101110001400020000001291,10251100552482,,2,3,11710,11100,0140,0020,117104169459,11101,0,00052,00000,20220813
BS0203117101110001030016000001292,10251100560842,,2,3,11710,11100,0103,0016,117104169378,11101,0,00019,00000,20230106
BS0102117101110002060011000001293,1000000000000004401082,,1,2,11710,11100,0206,0011,117104169372,11101,0,00001,00020,20241025
BS0203117101110004560000000001294,1000000000000004621767,,2,3,11710,11100,0456,0000,117104169458,11101,0,00030,00009,20241224
BS0102117101110000880002000001295,102511985,10251347,1,2,11710,11100,0088,0002,117103123023,11104,0,00424,00000,20220813
BS0102117101110000880015000001296,102512280,10251425,1,2,11710,11100,0088,0015,117102000006,11102,0,01239,00000,20240405
BS0203117101110000890000000001297,102512844,10251534,2,3,11710,11100,0089,0000,117102000006,11102,0,01218,00000,20220813
BS0203117101110000890000000001298,102512894,10251534,2,3,11710,11100,0089,0000,117102000006,11102,0,01218,00000,20220813
BS0102117101110000370000000001299,102513154,10251595,1,2,11710,11100,0037,0000,117104169374,11101,0,00021,00020,20240930
BS0102117101110001340019000001300,102513788,,1,2,11710,11100,0134,0019,117104169017,11101,0,00009,00000,20220813
BS0102117101110002240009000001301,102515652,,1,2,11710,11100,0224,0009,117104169390,11101,0,00014,00000,20220813
BS0203117101110001120001000001302,102516074,,2,3,11710,11100,0112,0001,117104169380,11101,0,00016,00000,20250922
BS0102117101110001850004000001303,102516098,,1,2,11710,11100,0185,0004,117104169372,11101,0,00002,00017,20220813
BS0102117101110001370007000001304,102517234,,1,2,11710,11100,0137,0007,117104169200,11101,0,00039,00000,20230613
BS0102117101110001310011000001305,102517708,,1,2,11710,11100,0131,0011,117104169017,11101,0,00009,00006,20220813
BS0203117101110000610013000001306,102518112,,2,3,11710,11100,0061,0013,117104169375,11101,0,00023,00001,20220813
BS0102117101110001150000000001307,102518646,,1,2,11710,11100,0115,0000,117104169015,11101,0,00029,00000,20220813
BS0203117101110001240044000001308,102518876,,2,3,11710,11100,0124,0044,117104169200,11101,0,00042,00025,20220813
BS0203117101110001740010000001309,1025111878,,2,3,11710,11100,0174,0010,117104169202,11101,0,00019,00014,20220813
BS0203117101110001310007000001310,1025112406,,2,3,11710,11100,0131,0007,117104169017,11101,0,00009,00016,20220813
BS0102117101110000980003000001311,1025112692,,1,2,11710,11100,0098,0003,117104169429,11101,0,00037,00016,20250604
BS0102117101110000620002000001312,1025112888,,1,2,11710,11100,0062,0002,117104169429,11101,0,00022,00019,20220813
BS0102117101110000240012000001313,1025113314,,1,2,11710,11100,0024,0012,117104169428,11101,0,00008,00000,20220813
BS0203117101110001580014000001314,1025114446,,2,3,11710,11100,0158,0014,117104169459,11101,0,00029,00000,20220813
BS0102117101110002230000000001315,1025114923,,1,2,11710,11100,0223,0000,117104169388,11101,0,00010,00000,20220813
BS0203117101110000580016000001316,1025115787,,2,3,11710,11100,0058,0016,117104169429,11101,0,00019,00047,20241007
BS0203117101110001630016000001317,1025117439,,2,3,11710,11100,0163,0016,117104169022,11101,0,00015,00008,20220813
BS0102117101110000580006000001318,1025117531,,1,2,11710,11100,0058,0006,117104169374,11101,0,00032,00000,20250717
BS0102117101110002050003000001319,1025121499,,1,2,11710,11100,0205,0003,117104169372,11101,0,00005,00011,20220813
BS0203117101110001660005000001320,1025122609,,2,3,11710,11100,0166,0005,117104169447,11101,0,00019,00000,20220813
BS0203117101110000570021000001321,1025123468,,2,3,11710,11100,0057,0021,117104169431,11101,0,00023,00000,20220813
BS0102117101110001290010000001322,1025123821,,1,2,11710,11100,0129,0010,117104169017,11101,0,00010,00008,20250604
BS0102117101110000580021000001323,1025124088,,1,2,11710,11100,0058,0021,117104169374,11101,0,00030,00007,20250616
BS0203117101110002080008000001324,1025125050,,2,3,11710,11100,0208,0008,117104169451,11101,0,00030,00009,20220813
BS0203117101110001230006000001325,10251100231267,,2,3,11710,11100,0123,0006,117104169200,11101,0,00042,00016,20220813
BS0203117101110001880003000001326,10251100240906,,2,3,11710,11100,0188,0003,117104169372,11101,0,00016,00017,20240718
BS0203117101110002020006000001327,10251100479222,,2,3,11710,11100,0202,0006,117104169451,11101,0,00028,00012,20220813
BS0203117101110001110001000001328,10251100493065,,2,3,11710,11100,0111,0001,117104169200,11101,0,00004,00005,20220813
BS0102117101110001090015000001329,10251100501913,,1,2,11710,11100,0109,0015,117103123014,11104,0,00137,00000,20220813
BS0203117101110001000023000001330,10251100502121,,2,3,11710,11100,0100,0023,117104169429,11101,0,00042,00023,20220813
BS0203117101110001150018000001331,10251100518161,,2,3,11710,11100,0115,0018,117104169015,11101,0,00013,00000,20220813
BS0203117101110001580008000001332,10251100521885,,2,3,11710,11100,0158,0008,117104169202,11101,0,00042,00006,20241014
BS0102117101110000880014000001333,102511490,10251248,1,2,11710,11100,0088,0014,117102123001,11102,0,00232,00000,20220813
BS0203117101110000890000000001334,102512839,10251534,2,3,11710,11100,0089,0000,117102000006,11102,0,01218,00000,20220813
BS0203117101110001660014000001335,102512922,10251538,2,3,11710,11100,0166,0014,117104169023,11101,0,00015,00025,20220813
BS0102117101110002240018000001336,102513550,,1,2,11710,11100,0224,0018,117104169109,11101,0,00009,00000,20220813
BS0102117101110001230008000001337,102513889,,1,2,11710,11100,0123,0008,117104169200,11101,0,00042,00000,20220813
BS0102117101110000350000000001338,102514850,,1,2,11710,11100,0035,0000,117103123023,11104,0,00348,00000,20220813
BS0203117101110001610006000001339,102515484,,2,3,11710,11100,0161,0006,117104169022,11101,0,00003,00026,20220813
BS0203117101110001490038000001340,102516540,,2,3,11710,11100,0149,0038,117104169199,11101,0,00009,00001,20220813
BS0102117101110002230005000001341,102516981,,1,2,11710,11100,0223,0005,117104169388,11101,0,00002,00000,20241120
BS0102117101110001410019000001342,102517515,,1,2,11710,11100,0141,0019,117104169384,11101,0,00031,00000,20220813
BS0102117101110001530008000001343,102518705,,1,2,11710,11100,0153,0008,117104169458,11101,0,00030,00022,20250604
BS0102117101110000630011000001344,102519452,,1,2,11710,11100,0063,0011,117104169429,11101,0,00020,00000,20240625
BS0102117101110000620012000001345,102519593,,1,2,11710,11100,0062,0012,117104169429,11101,0,00022,00013,20220813
BS0102117101110000650002000001346,1025110187,,1,2,11710,11100,0065,0002,117103123014,11104,0,00099,00000,20220813
BS0102117101110001670006000001347,1025110189,,1,2,11710,11100,0167,0006,117104169447,11101,0,00020,00000,20250604
BS0102117101110001780005000001348,1025112794,,1,2,11710,11100,0178,0005,117104169202,11101,0,00011,00005,20220813
BS0102117101110001050006000001349,1025113511,,1,2,11710,11100,0105,0006,117104169378,11101,0,00008,00000,20220813
BS0203117101110001910000000001350,1025114265,,2,3,11710,11100,0191,0000,117104169450,11101,0,00008,00000,20220813
BS0203117101110001540001000001351,1025114630,,2,3,11710,11100,0154,0001,117104169202,11101,0,00014,00000,20220813
BS0203117101110001000017000001352,1025115852,,2,3,11710,11100,0100,0017,117104169456,11101,0,00062,00001,20220813
BS0102117101110001000012000001353,1025116474,,1,2,11710,11100,0100,0012,117104169456,11101,0,00066,00000,20250604
BS0102117101110001030026000001354,1025119535,,1,2,11710,11100,0103,0026,117104169429,11101,0,00049,00008,20220813
BS0102117101110002050000000001355,1025119721,10251422,1,2,11710,11100,0205,0000,117104169372,11101,0,00001,00004,20250131
BS0102117101110001910012000001356,1025120142,,1,2,11710,11100,0191,0012,117104169450,11101,0,00012,00000,20220813
BS0203117101110001700022000001357,1025120513,,2,3,11710,11100,0170,0022,117104169459,11101,0,00012,00000,20220813
BS0203117101110001450000000001358,1025122185,,2,3,11710,11100,0145,0000,117104169380,11101,0,00036,00000,20220813
BS0102117101110002020000000001359,1025122363,,1,2,11710,11100,0202,0000,117104169372,11101,0,00019,00000,20240206
BS0203117101110001370001000001360,1025122839,,2,3,11710,11100,0137,0001,117104169459,11101,0,00047,00001,20220813
BS0102117101110001290002000001361,1025123674,,1,2,11710,11100,0129,0002,117104169017,11101,0,00008,00000,20220813
BS0203117101110001600017000001362,1025123807,,2,3,11710,11100,0160,0017,117104169022,11101,0,00003,00017,20220813
BS0102117101110001170013000001363,1025123996,,1,2,11710,11100,0117,0013,117104169015,11101,0,00018,00000,20220813
BS0203117101110001200001000001364,1025124079,,2,3,11710,11100,0120,0001,117104169201,11101,0,00003,00026,20220813
BS0203117101110001240002000001365,1025124204,,2,3,11710,11100,0124,0002,117104169015,11101,0,00009,00000,20220813
BS0203117101110001010012000001366,1025125028,,2,3,11710,11100,0101,0012,117104169456,11101,0,00059,00000,20220813
BS0203117101110002020010000001367,10251100178240,,2,3,11710,11100,0202,0010,117104169372,11101,0,00013,00008,20220813
BS0203117101110000540003000001368,10251100179660,,2,3,11710,11100,0054,0003,117104169456,11101,0,00035,00003,20220813
BS0203117101110000540004000001369,10251100187534,,2,3,11710,11100,0054,0004,117104169456,11101,0,00035,00005,20220813
BS0203117101110001930030000001370,10251100227333,,2,3,11710,11100,0193,0030,117104169372,11101,0,00034,00003,20220813
BS0102117101110000680010000001371,10251100230233,,1,2,11710,11100,0068,0010,117104169376,11101,0,00007,00016,20250417
BS0102117101110000880003000001372,10251100235857,10251527,1,2,11710,11100,0088,0003,117103123023,11104,0,00424,00000,20250912
BS0102117101110001090010000001373,10251100451927,,1,2,11710,11100,0109,0010,117103123014,11104,0,00131,00000,20240730
BS0203117101110001220005000001374,10251100462745,,2,3,11710,11100,0122,0005,117104169459,11101,0,00064,00000,20220813
BS0203117101110001170014000001375,10251100465482,,2,3,11710,11100,0117,0014,117104169384,11101,0,00009,00011,20220813
BS0203117101110001350013000001376,10251100473314,,2,3,11710,11100,0135,0013,117104169017,11101,0,00005,00025,20220813
BS0203117101110001550005000001377,10251100526022,,2,3,11710,11100,0155,0005,117104169458,11101,0,00027,00000,20220813
BS0102117101110001100001000001378,1000000000000001296454,,1,2,11710,11100,0110,0001,117103123006,11105,0,00450,00000,20230516
BS0102117101110001440022000001379,1000000000000002252626,,1,2,11710,11100,0144,0022,117104169199,11101,0,00014,00031,20230821
BS0203117101110000500001000001380,1000000000000004255516,,2,3,11710,11100,0050,0001,117104169374,11101,0,00061,00016,20241113
BS0203117101110002170000000001381,102511066,10251119,2,3,11710,11100,0217,0000,117102000006,11102,0,01109,00000,20220813
BS0102117101110000880014000001382,102511485,10251248,1,2,11710,11100,0088,0014,117102123001,11102,0,00232,00000,20220813
BS0102117101110000880014000001383,102511497,10251248,1,2,11710,11100,0088,0014,117102123001,11102,0,00232,00000,20220813
BS0203117101110000890000000001384,102512802,10251534,2,3,11710,11100,0089,0000,117102000006,11102,0,01218,00000,20220813
BS0203117101110000890000000001385,102512832,10251534,2,3,11710,11100,0089,0000,117102000006,11102,0,01218,00000,20220813
BS0203117101110000890000000001386,102512910,10251534,2,3,11710,11100,0089,0000,117102000006,11102,0,01218,00000,20220813
BS0203117101110001530004000001387,102513661,,2,3,11710,11100,0153,0004,117104169458,11101,0,00024,00007,20220813
BS0203117101110001430005000001388,102515172,,2,3,11710,11100,0143,0005,117104169020,11101,0,00015,00001,20220813
BS0102117101110000550001000001389,102516746,,1,2,11710,11100,0055,0001,117104169431,11101,0,00027,00012,20220813
BS0203117101110001660007000001390,102516819,,2,3,11710,11100,0166,0007,117104169023,11101,0,00015,00009,20220813
BS0102117101110000600015000001391,102518091,,1,2,11710,11100,0060,0015,117104169429,11101,0,00021,00007,20220813
BS0203117101110001070021000001392,102518294,,2,3,11710,11100,0107,0021,117104169429,11101,0,00057,00004,20220813
BS0203117101110000400000000001393,1025110158,,2,3,11710,11100,0040,0000,117103123023,11104,0,00366,00000,20220813
BS0102117101110000380001000001394,1025111004,,1,2,11710,11100,0038,0001,117104169374,11101,0,00023,00018,20240902
BS0203117101110000550006000001395,1025111276,,2,3,11710,11100,0055,0006,117104169431,11101,0,00027,00004,20220813
BS0203117101110001360013000001396,1025111808,,2,3,11710,11100,0136,0013,117103123001,11103,0,00259,00000,20231031
BS0102117101110000360005000001397,1025112124,,1,2,11710,11100,0036,0005,117104169374,11101,0,00021,00009,20250826
BS0102117101110001720013000001398,1025112650,,1,2,11710,11100,0172,0013,117104169384,11101,0,00067,00001,20220813
BS0203117101110002010003000001399,1025112795,,2,3,11710,11100,0201,0003,117104169450,11101,0,00027,00000,20240923
BS0102117101110000710013000001400,1025113390,,1,2,11710,11100,0071,0013,117104169376,11101,0,00006,00000,20220813
BS0203117101110001240042000001401,1025113672,,2,3,11710,11100,0124,0042,117104169200,11101,0,00042,00021,20220813
BS0203117101110001120000000001402,1025114152,,2,3,11710,11100,0112,0000,117104169200,11101,0,00010,00000,20250916
BS0102117101110001080008000001403,1025114268,,1,2,11710,11100,0108,0008,117103123006,11105,0,00449,00000,20220813
BS0102117101110000390012000001404,1025114531,,1,2,11710,11100,0039,0012,117104169374,11101,0,00029,00014,20241118
BS0102117101110001930002000001405,1025115466,,1,2,11710,11100,0193,0002,117104169372,11101,0,00028,00033,20250604
BS0102117101110001650003000001406,1025117796,,1,2,11710,11100,0165,0003,117102123002,11101,0,00098,00000,20250529
BS0102117101110002030000000001407,1025118575,,1,2,11710,11100,0203,0000,117104169372,11101,0,00013,00000,20250620
BS0102117101110001860015000001408,1025119827,,1,2,11710,11100,0186,0015,117104169451,11101,0,00009,00001,20220813
BS0203117101110001750000000001409,1025120840,,2,3,11710,11100,0175,0000,117104169202,11101,0,00015,00030,20220813
BS0203117101110001180001000001410,1025121394,,2,3,11710,11100,0118,0001,117104169201,11101,0,00003,00004,20220813
BS0102117101110001400021000001411,1025122394,,1,2,11710,11100,0140,0021,117104169200,11101,0,00037,00000,20220813
BS0102117101110000620004000001412,1025122493,,1,2,11710,11100,0062,0004,117104169375,11101,0,00007,00000,20250829
BS0102117101110001460009000001413,1025123774,,1,2,11710,11100,0146,0009,117104169200,11101,0,00017,00000,20220813
BS0102117101110000670001000001414,1025125039,,1,2,11710,11100,0067,0001,117104169376,11101,0,00005,00024,20220813
BS0203117101110001930001000001415,10251100448147,10251100448146,2,3,11710,11100,0193,0001,117104169372,11101,0,00028,00035,20220813
BS0203117101110001700023000001416,10251100465182,,2,3,11710,11100,0170,0023,117104169459,11101,0,00014,00000,20220813
BS0203117101110001520022000001417,10251100465762,,2,3,11710,11100,0152,0022,117104169020,11101,0,00024,00000,20230503
BS0203117101110002030003000001418,10251100475882,,2,3,11710,11100,0203,0003,117104169372,11101,0,00013,00009,20220813
BS0203117101110001590002000001419,10251100519881,,2,3,11710,11100,0159,0002,117104169202,11101,0,00042,00017,20220813
BS0203117101110000490000000001420,10251100521759,10251100521702,2,3,11710,11100,0049,0000,117104169374,11101,0,00055,00022,20230303
BS0203117101110001420006000001421,10251100523002,,2,3,11710,11100,0142,0006,117104169200,11101,0,00029,00007,20220813
BS0102117101110001090003000001422,10251100525222,,1,2,11710,11100,0109,0003,117103123014,11104,0,00129,00000,20250715
BS0102117101110001860019000001423,10251100539102,,1,2,11710,11100,0186,0019,117104169451,11101,0,00003,00000,20220813
BS0102117101110000880014000001424,102511492,10251248,1,2,11710,11100,0088,0014,117102123001,11102,0,00232,00000,20220813
BS0203117101110000890000000001425,102512800,10251534,2,3,11710,11100,0089,0000,117102000006,11102,0,01218,00000,20220813
BS0203117101110001730001000001426,102514033,,2,3,11710,11100,0173,0001,117104169202,11101,0,00029,00023,20220813
BS0203117101110001440003000001427,102515920,,2,3,11710,11100,0144,0003,117104169020,11101,0,00029,00000,20220813
BS0203117101110001300008000001428,102516062,,2,3,11710,11100,0130,0008,117104169017,11101,0,00015,00010,20220813
BS0102117101110000600007000001429,102516362,,1,2,11710,11100,0060,0007,117104169429,11101,0,00019,00008,20241223
BS0203117101110001150013000001430,102516364,,2,3,11710,11100,0115,0013,117104169015,11101,0,00019,00001,20220813
BS0102117101110001020019000001431,102516520,,1,2,11710,11100,0102,0019,117104169456,11101,0,00047,00000,20220813
BS0102117101110001300018000001432,102517689,,1,2,11710,11100,0130,0018,117104169387,11101,0,00045,00000,20220813
BS0203117101110001260019000001433,102518159,,2,3,11710,11100,0126,0019,117104169016,11101,0,00005,00011,20220813
BS0102117101110001260003000001434,102518553,,1,2,11710,11100,0126,0003,117103123001,11103,0,00236,00000,20220813
BS0102117101110001080021000001435,102519915,,1,2,11710,11100,0108,0021,117104169429,11101,0,00058,00015,20250604
BS0203117101110001240052000001436,1025111103,,2,3,11710,11100,0124,0052,117104169015,11101,0,00002,00000,20220813
BS0102117101110001100024000001437,1025111350,,1,2,11710,11100,0110,0024,117104169200,11101,0,00004,00024,20250604
BS0102117101110000580020000001438,1025112808,,1,2,11710,11100,0058,0020,117104169374,11101,0,00030,00005,20220813
BS0203117101110001560019000001439,1025112876,,2,3,11710,11100,0156,0019,117104169020,11101,0,00016,00000,20220813
BS0203117101110001050003000001440,1025113955,,2,3,11710,11100,0105,0003,117104169429,11101,0,00058,00008,20220813
BS0102117101110001080016000001441,1025114035,,1,2,11710,11100,0108,0016,117103123014,11104,0,00153,00000,20220813
BS0102117101110002240016000001442,1025114263,,1,2,11710,11100,0224,0016,117104169109,11101,0,00011,00000,20220813
BS0102117101110003960000000001443,1025114719,,1,2,11710,11100,0396,0000,,,0,00000,00000,20220813
BS0203117101110000580031000001444,1025117374,,2,3,11710,11100,0058,0031,117104169429,11101,0,00019,00027,20220813
BS0203117101110001140013000001445,1025117575,,2,3,11710,11100,0114,0013,117104169380,11101,0,00006,00000,20231106
BS0102117101110002040000000001446,1025118709,,1,2,11710,11100,0204,0000,117104169372,11101,0,00009,00000,20220813
BS0203117101110001450025000001447,1025120087,,2,3,11710,11100,0145,0025,117104169382,11101,0,00024,00007,20220813
BS0102117101110002080017000001448,1025120578,,1,2,11710,11100,0208,0017,117104169451,11101,0,00028,00009,20220813
BS0102117101110001670001000001449,1025122347,,1,2,11710,11100,0167,0001,117103123001,11103,0,00280,00000,20220813
BS0102117101110001960012000001450,1025122416,,1,2,11710,11100,0196,0012,117104169448,11101,0,00015,00001,20220926
BS0203117101110001290012000001451,1025122729,,2,3,11710,11100,0129,0012,117104169016,11101,0,00005,00012,20220813
BS0102117101110001100021000001452,1025123433,,1,2,11710,11100,0110,0021,117104169200,11101,0,00004,00022,20250604
BS0203117101110001120012000001453,1025123827,,2,3,11710,11100,0112,0012,117104169380,11101,0,00014,00000,20220813
BS0102117101110000990022000001454,1025123964,,1,2,11710,11100,0099,0022,117104169429,11101,0,00045,00000,20220813
BS0102117101110001510020000001455,10251100181254,,1,2,11710,11100,0151,0020,117104169457,11101,0,00030,00001,20220813
BS0203117101110001130003000001456,10251100242566,,2,3,11710,11100,0113,0003,117104169382,11101,0,00015,00000,20220813
BS0203117101110001050014000001457,10251100472687,,2,3,11710,11100,0105,0014,117104169429,11101,0,00058,00012,20230323
BS0102117101110001490001000001458,10251100473642,,1,2,11710,11100,0149,0001,117103123006,11105,0,00468,00000,20241015
BS0203117101110001230017000001459,10251100475182,,2,3,11710,11100,0123,0017,117104169200,11101,0,00042,00024,20241108
BS0203117101110002100001000001460,10251100493971,10251100494014,2,3,11710,11100,0210,0001,117103123004,11101,0,00001,00000,20220813
BS0203117101110001930012000001461,10251100504861,,2,3,11710,11100,0193,0012,117104169372,11101,0,00034,00018,20220813
BS0203117101110001450009000001462,10251100517921,10251100517945,2,3,11710,11100,0145,0009,117104169382,11101,0,00030,00000,20221111
BS0203117101110001690013000001463,10251100566862,,2,3,11710,11100,0169,0013,117104169202,11101,0,00041,00019,20220813
BS0102117101110000880014000001464,102511487,10251248,1,2,11710,11100,0088,0014,117102123001,11102,0,00232,00000,20220813
BS0102117101110000880014000001465,102511488,10251248,1,2,11710,11100,0088,0014,117102123001,11102,0,00232,00000,20220813
BS0102117101110001240006000001466,102512310,10251435,1,2,11710,11100,0124,0006,117104169015,11101,0,00003,00000,20241015
BS0203117101110000890000000001467,102512869,10251534,2,3,11710,11100,0089,0000,117102000006,11102,0,01218,00000,20220813
BS0102117101110001110008000001468,102514087,,1,2,11710,11100,0111,0008,117104169380,11101,0,00009,00000,20250613
BS0203117101110000990017000001469,102514750,,2,3,11710,11100,0099,0017,117104169429,11101,0,00039,00010,20220813
BS0102117101110000380007000001470,102515586,,1,2,11710,11100,0038,0007,117104169374,11101,0,00023,00014,20220813
BS0102117101110002220008000001471,102515696,,1,2,11710,11100,0222,0008,117104169388,11101,0,00003,00000,20220813
BS0203117101110001170015000001472,102516220,,2,3,11710,11100,0117,0015,117104169384,11101,0,00009,00013,20220813
BS0102117101110001860006000001473,102517340,,1,2,11710,11100,0186,0006,117104169372,11101,0,00004,00011,20220813
BS0102117101110002080002000001474,102517480,,1,2,11710,11100,0208,0002,117103123004,11101,0,00027,00000,20220813
BS0203117101110001020006000001475,102517667,,2,3,11710,11100,0102,0006,117104169429,11101,0,00049,00013,20220813
BS0203117101110001450045000001476,102518996,,2,3,11710,11100,0145,0045,117104169199,11101,0,00014,00024,20220813
BS0203117101110001260015000001477,102519696,,2,3,11710,11100,0126,0015,117104169016,11101,0,00005,00001,20220813
BS0102117101110001590006000001478,1025110077,,1,2,11710,11100,0159,0006,117103123001,11103,0,00277,00000,20220813
BS0102117101110001190000000001479,1025110508,,1,2,11710,11100,0119,0000,117104169200,11101,0,00022,00000,20240703
BS0102117101110001680013000001480,1025111417,,1,2,11710,11100,0168,0013,117102123002,11101,0,00074,00000,20240605
BS0203117101110001790009000001481,1025112031,,2,3,11710,11100,0179,0009,117104169457,11101,0,00012,00000,20220813
BS0203117101110001170004000001482,1025112665,,2,3,11710,11100,0117,0004,117104169384,11101,0,00007,00000,20220813
BS0102117101110002030002000001483,1025112966,,1,2,11710,11100,0203,0002,117104169372,11101,0,00013,00007,20250604
BS0203117101110001140010000001484,1025113779,,2,3,11710,11100,0114,0010,117104169382,11101,0,00003,00000,20220813
BS0102117101110000360004000001485,1025113895,,1,2,11710,11100,0036,0004,117104169374,11101,0,00021,00007,20240520
BS0102117101110001360009000001486,1025114201,,1,2,11710,11100,0136,0009,117103123001,11103,0,00257,00000,20240926
BS0203117101110001010005000001487,1025114274,,2,3,11710,11100,0101,0005,117104169429,11101,0,00050,00014,20220813
BS0102117101110000680003000001488,1025114464,,1,2,11710,11100,0068,0003,117104169375,11101,0,00010,00001,20240528
BS0203117101110001180009000001489,1025116363,,2,3,11710,11100,0118,0009,117104169201,11101,0,00007,00011,20220813
BS0203117101110000580017000001490,1025116811,,2,3,11710,11100,0058,0017,117104169456,11101,0,00036,00000,20220813
BS0203117101110001640014000001491,1025118244,,2,3,11710,11100,0164,0014,117104169023,11101,0,00015,00018,20220813
BS0102117101110001360004000001492,1025119266,,1,2,11710,11100,0136,0004,117104169200,11101,0,00043,00000,20220813
BS0203117101110001060007000001493,1025120113,,2,3,11710,11100,0106,0007,117104169378,11101,0,00030,00001,20220813
BS0203117101110001580001000001494,1025122930,,2,3,11710,11100,0158,0001,117104169459,11101,0,00021,00000,20220813
BS0102117101110002000002000001495,1025123043,,1,2,11710,11100,0200,0002,117104169450,11101,0,00030,00000,20220813
BS0102117101110001850002000001496,1025123544,,1,2,11710,11100,0185,0002,117104169372,11101,0,00002,00023,20241011
BS0203117101110001450031000001497,1025123762,,2,3,11710,11100,0145,0031,117104169380,11101,0,00026,00001,20220813
BS0203117101110001430010000001498,10251100237413,,2,3,11710,11100,0143,0010,117104169018,11101,0,00018,00000,20220813
BS0203117101110001350010000001499,10251100459086,,2,3,11710,11100,0135,0010,117104169017,11101,0,00005,00039,20220813
BS0203117101110001190005000001500,10251100465558,,2,3,11710,11100,0119,0005,117104169384,11101,0,00021,00000,20220813
BS0203117101110002070003000001501,10251100517561,,2,3,11710,11100,0207,0003,117104169451,11101,0,00031,00008,20230918
BS0203117101110001740013000001502,10251100532622,,2,3,11710,11100,0174,0013,117104169202,11101,0,00019,00006,20220813
BS0203117101110001100020000001503,10251100534042,,2,3,11710,11100,0110,0020,117104169200,11101,0,00004,00018,20220813
BS0102117101110004370026000001504,1000000000000004875233,,1,2,11710,11100,0437,0026,117103000034,11103,0,00424,00005,20250107
BS0203117101110000380005000001505,1000000000000005006422,,2,3,11710,11100,0038,0005,117104169374,11101,0,00029,00019,20250124
BS0102117101110001670000000001506,102511438,10251232,1,2,11710,11100,0167,0000,117104169447,11101,0,00004,00000,20220813
BS0102117101110000530000000001507,102511470,10251240,1,2,11710,11100,0053,0000,117104169374,11101,0,00064,00000,20220813
BS0102117101110000880014000001508,102511496,10251248,1,2,11710,11100,0088,0014,117102123001,11102,0,00232,00000,20220813
BS0102117101110000880014000001509,102511499,10251248,1,2,11710,11100,0088,0014,117102123001,11102,0,00232,00000,20220813
BS0203117101110000890000000001510,102512855,10251534,2,3,11710,11100,0089,0000,117102000006,11102,0,01218,00000,20220813
BS0203117101110000890000000001511,102512911,10251534,2,3,11710,11100,0089,0000,117102000006,11102,0,01218,00000,20220813
BS0203117101110001230016000001512,102514787,,2,3,11710,11100,0123,0016,117104169200,11101,0,00042,00022,20220813
BS0102117101110001080014000001513,102514835,,1,2,11710,11100,0108,0014,117104169429,11101,0,00058,00007,20240419
BS0203117101110001580003000001514,102516319,,2,3,11710,11100,0158,0003,117104169459,11101,0,00027,00002,20220813
BS0102117101110002260002000001515,102517267,,1,2,11710,11100,0226,0002,117104169386,11101,0,00022,00000,20250604
BS0203117101110001660003000001516,1025112495,,2,3,11710,11100,0166,0003,117104169447,11101,0,00015,00000,20220813
BS0102117101110000420006000001517,1025113143,,1,2,11710,11100,0042,0006,117104169431,11101,0,00007,00000,20220813
BS0203117101110000220000000001518,1025114515,,2,3,11710,11100,0022,0000,117103123023,11104,0,00336,00000,20250827
BS0203117101110001980010000001519,1025115030,,2,3,11710,11100,0198,0010,117104169448,11101,0,00031,00011,20220813
BS0203117101110000890013000001520,1025115988,,2,3,11710,11100,0089,0013,117102000006,11102,0,01218,00000,20220813
BS0102117101110000370010000001521,1025116861,,1,2,11710,11100,0037,0010,117104169374,11101,0,00021,00006,20240520
BS0203117101110001600005000001522,1025116885,,2,3,11710,11100,0160,0005,117104169022,11101,0,00003,00000,20220813
BS0102117101110001860000000001523,1025118151,,1,2,11710,11100,0186,0000,117104169372,11101,0,00004,00027,20220813
BS0102117101110001620004000001524,1025118782,,1,2,11710,11100,0162,0004,117104169022,11101,0,00015,00011,20220813
BS0203117101110001340000000001525,1025120622,,2,3,11710,11100,0134,0000,117104169017,11101,0,00005,00024,20220813
BS0102117101110000340006000001526,1025120852,,1,2,11710,11100,0034,0006,117104169429,11101,0,00010,00000,20220813
BS0102117101110000240000000001527,1025123242,,1,2,11710,11100,0024,0000,117104169428,11101,0,00006,00005,20250619
BS0203117101110000570019000001528,1025123723,,2,3,11710,11100,0057,0019,117104169431,11101,0,00027,00000,20220813
BS0102117101110000340005000001529,1025125358,,1,2,11710,11100,0034,0005,117104169429,11101,0,00008,00000,20220813
BS0203117101110001690008000001530,10251100224953,,2,3,11710,11100,0169,0008,117104169202,11101,0,00041,00009,20220813
BS0203117101110000550016000001531,10251100244419,,2,3,11710,11100,0055,0016,117104169431,11101,0,00027,00020,20220813
BS0203117101110001200005000001532,10251100246286,,2,3,11710,11100,0120,0005,117104169201,11101,0,00007,00021,20220813
BS0203117101110002120007000001533,10251100447946,,2,3,11710,11100,0212,0007,117104169390,11101,0,00039,00008,20220813
BS0203117101110001160015000001534,10251100459356,,2,3,11710,11100,0116,0015,117104169201,11101,0,00014,00000,20220813
BS0203117101110001410003000001535,10251100461283,,2,3,11710,11100,0141,0003,117104169384,11101,0,00029,00001,20220813
BS0203117101110001800017000001536,10251100479462,,2,3,11710,11100,0180,0017,117104169202,11101,0,00007,00015,20220813
BS0203117101110000680001000001537,10251100493619,,2,3,11710,11100,0068,0001,117104169376,11101,0,00007,00012,20220813
BS0203117101110001640008000001538,10251100528562,,2,3,11710,11100,0164,0008,117104169448,11101,0,00014,00000,20220813
BS0203117101110001440016000001539,10251100534622,,2,3,11710,11100,0144,0016,117104169199,11101,0,00014,00023,20220813
BS0102117101110000360002000001540,10251100554402,,1,2,11710,11100,0036,0002,117104169429,11101,0,00007,00001,20230511
BS0102117101110001050009000001541,1000000000000000416683,,1,2,11710,11100,0105,0009,117104169378,11101,0,00016,00000,20221103
BS0203117101110001230004000001542,1000000000000002629170,,2,3,11710,11100,0123,0004,117104169459,11101,0,00065,00000,20231108
BS0102117101110002070005000001543,1000000000000002709930,,1,2,11710,11100,0207,0005,117104169451,11101,0,00033,00000,20250725
BS0102117101110000880000000001544,102511038,10251110,1,2,11710,11100,0088,0000,117103123023,11104,0,00424,00000,20220813
BS0102117101110001240006000001545,102512311,10251435,1,2,11710,11100,0124,0006,117104169015,11101,0,00003,00000,20241015
BS0203117101110000890000000001546,102512794,10251534,2,3,11710,11100,0089,0000,117102000006,11102,0,01218,00000,20220813
BS0203117101110000890000000001547,102512891,10251534,2,3,11710,11100,0089,0000,117102000006,11102,0,01218,00000,20220813
BS0203117101110000890000000001548,102512914,10251534,2,3,11710,11100,0089,0000,117102000006,11102,0,01218,00000,20220813
BS0102117101110000360001000001549,102513690,,1,2,11710,11100,0036,0001,117104169429,11101,0,00005,00000,20220813
BS0102117101110001050013000001550,102514483,,1,2,11710,11100,0105,0013,117104169378,11101,0,00004,00007,20220813
BS0102117101110001490005000001551,102514939,,1,2,11710,11100,0149,0005,117103123006,11105,0,00480,00000,20220813
BS0203117101110001030013000001552,102515107,,2,3,11710,11100,0103,0013,117104169429,11101,0,00049,00004,20220813
BS0102117101110001860004000001553,102517751,,1,2,11710,11100,0186,0004,117104169372,11101,0,00004,00017,20220813
BS0102117101110002120018000001554,102518152,,1,2,11710,11100,0212,0018,117104169390,11101,0,00039,00004,20250604
BS0203117101110000930010000001555,102518248,,2,3,11710,11100,0093,0010,117104169429,11101,0,00042,00014,20220813
BS0203117101110001540021000001556,102519073,,2,3,11710,11100,0154,0021,117104169202,11101,0,00022,00000,20220813
BS0102117101110001680008000001557,102519601,,1,2,11710,11100,0168,0008,117104169202,11101,0,00041,00016,20220813
BS0102117101110000570018000001558,102519618,,1,2,11710,11100,0057,0018,117104169431,11101,0,00027,00003,20250604
BS0203117101110002270003000001559,1025112128,,2,3,11710,11100,0227,0003,117104169386,11101,0,00014,00000,20220813
BS0203117101110001170010000001560,1025113960,,2,3,11710,11100,0117,0010,117104169015,11101,0,00022,00001,20220813
BS0102117101110001110011000001561,1025114145,,1,2,11710,11100,0111,0011,117104169200,11101,0,00004,00027,20220813
BS0203117101110001440002000001562,1025114614,,2,3,11710,11100,0144,0002,117104169020,11101,0,00031,00000,20220813
BS0203117101110000890018000001563,1025116037,,2,3,11710,11100,0089,0018,117102000006,11102,0,01218,00000,20220813
BS0203117101110001680011000001564,1025116204,,2,3,11710,11100,0168,0011,117104169459,11101,0,00003,00005,20220813
BS0102117101110001040013000001565,1025119448,,1,2,11710,11100,0104,0013,117104169378,11101,0,00005,00000,20220813
BS0203117101110001340001000001566,1025120280,,2,3,11710,11100,0134,0001,117104169017,11101,0,00005,00014,20220813
BS0102117101110001220020000001567,1025121289,,1,2,11710,11100,0122,0020,117104169459,11101,0,00060,00001,20250604
BS0203117101110001310018000001568,1025121756,,2,3,11710,11100,0131,0018,117104169017,11101,0,00015,00005,20220813
BS0203117101110001660010000001569,1025121823,,2,3,11710,11100,0166,0010,117104169023,11101,0,00015,00013,20220813
BS0203117101110001580012000001570,1025122060,,2,3,11710,11100,0158,0012,117104169459,11101,0,00023,00000,20220813
BS0102117101110001900000000001571,1025125158,,1,2,11710,11100,0190,0000,117104169372,11101,0,00020,00000,20220813
BS0102117101110001190004000001572,1025125309,,1,2,11710,11100,0119,0004,117104169200,11101,0,00034,00000,20220813
BS0102117101110000220003000001573,10251100187574,,1,2,11710,11100,0022,0003,117103123014,11104,0,00081,00000,20241122
BS0203117101110001530000000001574,10251100238406,,2,3,11710,11100,0153,0000,117104169457,11101,0,00025,00000,20220813
BS0203117101110001370015000001575,10251100455654,,2,3,11710,11100,0137,0015,117104169200,11101,0,00041,00021,20220813
BS0203117101110002100001000001576,10251100493949,10251100494014,2,3,11710,11100,0210,0001,117103123004,11101,0,00001,00000,20220813
BS0203117101110001790014000001577,10251100518001,,2,3,11710,11100,0179,0014,117104169457,11101,0,00018,00000,20220813
BS0102117101110001160012000001578,10251100521241,,1,2,11710,11100,0116,0012,117104169384,11101,0,00009,00032,20220813
BS0203117101110001000014000001579,10251100529402,,2,3,11710,11100,0100,0014,117104169429,11101,0,00042,00011,20220813
BS0203117101110001120015000001580,10251100537202,,2,3,11710,11100,0112,0015,117104169200,11101,0,00012,00006,20220813
BS0102117101110001150006000001581,1000000000000001361581,,1,2,11710,11100,0115,0006,117103123014,11104,0,00179,00000,20250421
BS0203117101110001440033000001582,1000000000000001507460,,2,3,11710,11100,0144,0033,117104169020,11101,0,00035,00000,20230327
BS0203117101110000890000000001583,102512797,10251534,2,3,11710,11100,0089,0000,117102000006,11102,0,01218,00000,20220813
BS0203117101110001750008000001584,102513176,10251607,2,3,11710,11100,0175,0008,117104169202,11101,0,00019,00005,20220813
BS0102117101110002080018000001585,102514506,,1,2,11710,11100,0208,0018,117104169451,11101,0,00028,00013,20241126
BS0203117101110001120006000001586,102515335,,2,3,11710,11100,0112,0006,117104169200,11101,0,00012,00018,20220813
BS0102117101110001450032000001587,102515714,,1,2,11710,11100,0145,0032,117104169380,11101,0,00026,00000,20220813
BS0203117101110000600008000001588,102516082,,2,3,11710,11100,0060,0008,117104169429,11101,0,00019,00020,20220813
BS0102117101110001410002000001589,102516935,,1,2,11710,11100,0141,0002,117104169200,11101,0,00033,00000,20220813
BS0203117101110001580009000001590,102517617,,2,3,11710,11100,0158,0009,117104169202,11101,0,00042,00000,20250327
BS0102117101110000380013000001591,102517972,,1,2,11710,11100,0038,0013,117104169374,11101,0,00027,00000,20250904
BS0102117101110000680008000001592,102518408,,1,2,11710,11100,0068,0008,117104169376,11101,0,00009,00000,20230802
BS0102117101110001490036000001593,102518785,,1,2,11710,11100,0149,0036,117104169199,11101,0,00027,00001,20250604
BS0203117101110001610012000001594,102519050,,2,3,11710,11100,0161,0012,117104169022,11101,0,00003,00012,20220813
BS0102117101110001490030000001595,102519632,,1,2,11710,11100,0149,0030,117104169199,11101,0,00023,00000,20250604
BS0203117101110001270001000001596,1025110787,,2,3,11710,11100,0127,0001,117104169016,11101,0,00009,00001,20220813
BS0102117101110000930015000001597,1025112881,,1,2,11710,11100,0093,0015,117104169429,11101,0,00036,00007,20220813
BS0102117101110000590003000001598,1025114827,,1,2,11710,11100,0059,0003,117104169374,11101,0,00030,00000,20220813
BS0102117101110001290003000001599,1025114909,,1,2,11710,11100,0129,0003,117104169017,11101,0,00010,00000,20220813
BS0203117101110001170009000001600,1025115468,,2,3,11710,11100,0117,0009,117104169015,11101,0,00024,00000,20220813
BS0102117101110001370002000001601,1025116186,,1,2,11710,11100,0137,0002,117104169459,11101,0,00049,00000,20220813
BS0102117101110001830006000001602,1025116463,,1,2,11710,11100,0183,0006,117102123002,11101,0,00134,00000,20241126
BS0102117101110002220007000001603,1025117248,,1,2,11710,11100,0222,0007,117104169386,11101,0,00023,00000,20220813
BS0203117101110001170016000001604,1025117734,,2,3,11710,11100,0117,0016,117104169384,11101,0,00009,00017,20220813
BS0203117101110001610016000001605,1025118444,,2,3,11710,11100,0161,0016,117104169447,11101,0,00028,00001,20220813
BS0203117101110001980003000001606,1025119145,,2,3,11710,11100,0198,0003,117104169448,11101,0,00031,00023,20220813
BS0102117101110001330011000001607,1025119279,,1,2,11710,11100,0133,0011,117103123001,11103,0,00262,00000,20220813
BS0102117101110001190020000001608,1025119855,,1,2,11710,11100,0119,0020,117104169384,11101,0,00023,00000,20220813
BS0203117101110001450058000001609,1025120119,,2,3,11710,11100,0145,0058,117104169382,11101,0,00032,00000,20220813
BS0203117101110001070018000001610,1025122138,,2,3,11710,11100,0107,0018,117104169429,11101,0,00057,00006,20220813
BS0203117101110001970004000001611,1025123959,,2,3,11710,11100,0197,0004,117104169448,11101,0,00031,00009,20221130
BS0102117101110000930017000001612,1025124158,,1,2,11710,11100,0093,0017,117104169429,11101,0,00036,00011,20220813
BS0203117101110001930037000001613,1025124285,,2,3,11710,11100,0193,0037,117104169449,11101,0,00011,00000,20250522
BS0203117101110001340003000001614,1025125070,,2,3,11710,11100,0134,0003,117104169017,11101,0,00009,00005,20220813
BS0102117101110002240005000001615,1025125231,,1,2,11710,11100,0224,0005,117104169109,11101,0,00001,00013,20250828
BS0102117101110000880015000001616,10251100173954,10251425,1,2,11710,11100,0088,0015,117102000006,11102,0,01239,00000,20230331
BS0203117101110001180008000001617,10251100461933,,2,3,11710,11100,0118,0008,117104169201,11101,0,00007,00009,20240820
BS0203117101110001310012000001618,10251100481154,,2,3,11710,11100,0131,0012,117104169017,11101,0,00013,00000,20250109
BS0203117101110001270008000001619,10251100481263,,2,3,11710,11100,0127,0008,117104169387,11101,0,00025,00031,20230907
BS0203117101110002260003000001620,10251100485543,,2,3,11710,11100,0226,0003,117104169386,11101,0,00024,00000,20220813
BS0203117101110001310001000001621,10251100523622,,2,3,11710,11100,0131,0001,117104169017,11101,0,00009,00022,20220813
BS0203117101110001510023000001622,10251100535842,,2,3,11710,11100,0151,0023,117104169457,11101,0,00032,00000,20220813
BS0203117101110000420000000001623,1000000000000001884802,,2,3,11710,11100,0042,0000,117104169431,11101,0,00005,00014,20240323
BS0203117101110001960002000001624,1000000000000002938201,,2,3,11710,11100,0196,0002,117104169372,11101,0,00042,00023,20240323
BS0203117101110001540009000001625,102511057,10251117,2,3,11710,11100,0154,0009,117104169458,11101,0,00024,00020,20220813
BS0203117101110000890000000001626,102512821,10251534,2,3,11710,11100,0089,0000,117102000006,11102,0,01218,00000,20220813
BS0203117101110000890000000001627,102512892,10251534,2,3,11710,11100,0089,0000,117102000006,11102,0,01218,00000,20220813
BS0203117101110000600009000001628,102513748,,2,3,11710,11100,0060,0009,117104169429,11101,0,00019,00022,20220813
BS0102117101110001490042000001629,102513789,,1,2,11710,11100,0149,0042,117103123006,11105,0,00486,00000,20220813
BS0102117101110000230002000001630,102513826,,1,2,11710,11100,0023,0002,117103123023,11104,0,00342,00000,20230831
BS0102117101110001020018000001631,102516419,,1,2,11710,11100,0102,0018,117104169456,11101,0,00043,00001,20220813
BS0203117101110001300012000001632,102516495,,2,3,11710,11100,0130,0012,117104169017,11101,0,00015,00020,20220813
BS0203117101110001700021000001633,102517753,,2,3,11710,11100,0170,0021,117104169459,11101,0,00010,00001,20220813
BS0203117101110001180002000001634,102518149,,2,3,11710,11100,0118,0002,117104169201,11101,0,00003,00006,20220813
BS0102117101110001170030000001635,102518857,,1,2,11710,11100,0117,0030,117104169384,11101,0,00009,00005,20250604
BS0203117101110001400007000001636,102519334,,2,3,11710,11100,0140,0007,117104169384,11101,0,00032,00000,20220813
BS0102117101110001020001000001637,1025110926,,1,2,11710,11100,0102,0001,117104169456,11101,0,00041,00000,20220813
BS0203117101110001080015000001638,1025111738,,2,3,11710,11100,0108,0015,117104169429,11101,0,00058,00009,20220813
BS0203117101110001060013000001639,1025114981,,2,3,11710,11100,0106,0013,117104169429,11101,0,00057,00025,20220813
BS0203117101110001350009000001640,1025115949,,2,3,11710,11100,0135,0009,117104169017,11101,0,00005,00037,20220813
BS0102117101110001680012000001641,1025116423,,1,2,11710,11100,0168,0012,117102123002,11101,0,00070,00000,20220813
BS0203117101110000490005000001642,1025117402,,2,3,11710,11100,0049,0005,117104169374,11101,0,00059,00000,20220813
BS0102117101110001060015000001643,1025118186,,1,2,11710,11100,0106,0015,117104169429,11101,0,00057,00019,20250604
BS0102117101110000710002000001644,1025118551,,1,2,11710,11100,0071,0002,117104169376,11101,0,00010,00000,20241203
BS0102117101110002020005000001645,1025119405,,1,2,11710,11100,0202,0005,117104169372,11101,0,00019,00015,20220813
BS0203117101110001640011000001646,1025119457,,2,3,11710,11100,0164,0011,117104169023,11101,0,00015,00028,20220813
BS0203117101110001010020000001647,1025120254,,2,3,11710,11100,0101,0020,117104169429,11101,0,00050,00024,20220813
BS0203117101110001420020000001648,1025122047,,2,3,11710,11100,0142,0020,117104169458,11101,0,00041,00000,20220813
BS0203117101110001350022000001649,10251100187919,,2,3,11710,11100,0135,0022,117104169017,11101,0,00005,00005,20220813
BS0203117101110001520020000001650,10251100236057,,2,3,11710,11100,0152,0020,117104169020,11101,0,00036,00001,20220813
BS0203117101110001790002000001651,10251100238586,,2,3,11710,11100,0179,0002,117104169202,11101,0,00007,00014,20220813
BS0203117101110001440012000001652,10251100455513,,2,3,11710,11100,0144,0012,117104169199,11101,0,00014,00029,20220813
BS0102117101110001080012000001653,10251100459826,,1,2,11710,11100,0108,0012,117103123006,11105,0,00459,00000,20241205
BS0203117101110000990007000001654,10251100474182,,2,3,11710,11100,0099,0007,117104169456,11101,0,00046,00000,20220813
BS0203117101110002100001000001655,10251100493905,10251100494014,2,3,11710,11100,0210,0001,117103123004,11101,0,00001,00000,20220813
BS0203117101110001240054000001656,10251100524182,,2,3,11710,11100,0124,0054,117104169015,11101,0,00008,00000,20220813
BS0102117101110001870004000001657,10251100534702,,1,2,11710,11100,0187,0004,117104169451,11101,0,00012,00000,20220813
BS0203117101110000470005000001658,10251100552142,,2,3,11710,11100,0047,0005,117104169456,11101,0,00014,00000,20220813
BS0203117101110001130002000001659,10251100563822,,2,3,11710,11100,0113,0002,117104169200,11101,0,00012,00011,20220813
BS0203117101110000410003000001660,1000000000000001249051,,2,3,11710,11100,0041,0003,117104169431,11101,0,00005,00029,20230217
BS0203117101110000460006000001661,1000000000000002345788,,2,3,11710,11100,0046,0006,117104169203,11101,0,00023,00000,20240323
BS0203117101110000890000000001662,102512807,10251534,2,3,11710,11100,0089,0000,117102000006,11102,0,01218,00000,20220813
BS0203117101110000890000000001663,102512824,10251534,2,3,11710,11100,0089,0000,117102000006,11102,0,01218,00000,20220813
BS0203117101110000890000000001664,102512835,10251534,2,3,11710,11100,0089,0000,117102000006,11102,0,01218,00000,20220813
BS0203117101110000890000000001665,102512838,10251534,2,3,11710,11100,0089,0000,117102000006,11102,0,01218,00000,20220813
BS0203117101110000890000000001666,102512857,10251534,2,3,11710,11100,0089,0000,117102000006,11102,0,01218,00000,20220813
BS0203117101110000890000000001667,102512876,10251534,2,3,11710,11100,0089,0000,117102000006,11102,0,01218,00000,20220813
BS0203117101110001820000000001668,102514720,,2,3,11710,11100,0182,0000,117102123002,11101,0,00112,00000,20241031
BS0203117101110000980012000001669,102515116,,2,3,11710,11100,0098,0012,117104169429,11101,0,00039,00013,20220813
BS0203117101110001520014000001670,102516622,,2,3,11710,11100,0152,0014,117104169020,11101,0,00026,00001,20220813
BS0102117101110000360014000001671,102517206,,1,2,11710,11100,0036,0014,117104169374,11101,0,00021,00015,20240618
BS0102117101110002020004000001672,102518413,,1,2,11710,11100,0202,0004,117104169372,11101,0,00019,00013,20230818
BS0203117101110001530007000001673,1025110009,,2,3,11710,11100,0153,0007,117104169458,11101,0,00030,00018,20220813
BS0203117101110001350004000001674,1025110427,,2,3,11710,11100,0135,0004,117103123001,11103,0,00254,00000,20220813
BS0102117101110001030018000001675,1025111840,,1,2,11710,11100,0103,0018,117104169429,11101,0,00049,00026,20220813
BS0203117101110001690003000001676,1025112793,,2,3,11710,11100,0169,0003,117104169459,11101,0,00017,00000,20220813
BS0102117101110001510012000001677,1025114153,,1,2,11710,11100,0151,0012,117104169199,11101,0,00026,00001,20220813
BS0203117101110001080017000001678,1025114254,,2,3,11710,11100,0108,0017,117104169429,11101,0,00058,00021,20240227
BS0102117101110001590023000001679,1025115561,,1,2,11710,11100,0159,0023,117103123001,11103,0,00265,00000,20220813
BS0203117101110001860017000001680,1025115762,,2,3,11710,11100,0186,0017,117104169451,11101,0,00007,00000,20220813
BS0102117101110001610009000001681,1025118741,,1,2,11710,11100,0161,0009,117104169022,11101,0,00003,00018,20220813
BS0203117101110001290005000001682,1025124533,,2,3,11710,11100,0129,0005,117104169387,11101,0,00025,00024,20220813
BS0102117101110001220023000001683,10251100244460,,1,2,11710,11100,0122,0023,117104169384,11101,0,00018,00000,20250224
BS0203117101110001370014000001684,10251100458833,,2,3,11710,11100,0137,0014,117104169200,11101,0,00041,00023,20220813
BS0203117101110002020001000001685,10251100465548,,2,3,11710,11100,0202,0001,117104169372,11101,0,00019,00005,20220813
BS0203117101110001160001000001686,10251100502601,,2,3,11710,11100,0116,0001,117104169382,11101,0,00016,00000,20220813
BS0102117101110001060018000001687,10251100517081,,1,2,11710,11100,0106,0018,117104169378,11101,0,00022,00000,20220813
BS0203117101110001870016000001688,10251100520281,,2,3,11710,11100,0187,0016,117104169372,11101,0,00016,00026,20220813
BS0203117101110001590003000001689,10251100521381,,2,3,11710,11100,0159,0003,117104169202,11101,0,00042,00023,20220813
BS0203117101110002110010000001690,1000000000000001844172,,2,3,11710,11100,0211,0010,117104169387,11101,0,00050,00011,20230530
BS0203117101110002170000000001691,102511063,10251119,2,3,11710,11100,0217,0000,117102000006,11102,0,01109,00000,20220813
BS0102117101110000880002000001692,102511995,10251347,1,2,11710,11100,0088,0002,117103123023,11104,0,00424,00000,20220813
BS0203117101110000890000000001693,102512793,10251534,2,3,11710,11100,0089,0000,117102000006,11102,0,01218,00000,20220813
BS0203117101110000890000000001694,102512879,10251534,2,3,11710,11100,0089,0000,117102000006,11102,0,01218,00000,20220813
BS0203117101110000890000000001695,102512881,10251534,2,3,11710,11100,0089,0000,117102000006,11102,0,01218,00000,20220813
BS0203117101110001570000000001696,102513172,10251606,2,3,11710,11100,0157,0000,117104169459,11101,0,00028,00000,20220813
BS0102117101110001520009000001697,102514196,,1,2,11710,11100,0152,0009,117104169020,11101,0,00032,00000,20220813
BS0203117101110000980015000001698,102515349,,2,3,11710,11100,0098,0015,117104169429,11101,0,00039,00005,20220813
BS0102117101110002070007000001699,102515398,,1,2,11710,11100,0207,0007,117103123004,11101,0,00037,00000,20220813
BS0102117101110001170000000001700,102515787,,1,2,11710,11100,0117,0000,117104169015,11101,0,00030,00000,20220813
BS0203117101110001980000000001701,102516968,,2,3,11710,11100,0198,0000,117104169448,11101,0,00031,00015,20220813
BS0102117101110001080020000001702,102518110,,1,2,11710,11100,0108,0020,117104169429,11101,0,00058,00027,20220813
BS0102117101110001130012000001703,102518458,,1,2,11710,11100,0113,0012,117104169382,11101,0,00013,00001,20220813
BS0102117101110001630012000001704,102518665,,1,2,11710,11100,0163,0012,117104169448,11101,0,00028,00000,20250904
BS0102117101110002010005000001705,102519845,,1,2,11710,11100,0201,0005,117104169372,11101,0,00019,00018,20250703
BS0203117101110001070001000001706,1025110243,,2,3,11710,11100,0107,0001,117104169429,11101,0,00057,00024,20220813
BS0102117101110001820008000001707,1025110605,,1,2,11710,11100,0182,0008,117102123002,11101,0,00122,00000,20241016
BS0102117101110002240021000001708,1025111855,,1,2,11710,11100,0224,0021,117104169109,11101,0,00003,00000,20220813
BS0203117101110000570020000001709,1025113882,,2,3,11710,11100,0057,0020,117104169431,11101,0,00025,00000,20220813
BS0102117101110001010016000001710,1025114728,,1,2,11710,11100,0101,0016,117104169456,11101,0,00063,00000,20220813
BS0102117101110001510015000001711,1025115721,,1,2,11710,11100,0151,0015,117104169457,11101,0,00026,00001,20250604
BS0203117101110001150011000001712,1025116399,,2,3,11710,11100,0115,0011,117104169015,11101,0,00021,00001,20220813
BS0203117101110000990010000001713,1025116960,,2,3,11710,11100,0099,0010,117104169429,11101,0,00039,00026,20220813
BS0102117101110001020013000001714,1025117155,,1,2,11710,11100,0102,0013,117104169456,11101,0,00045,00000,20220813
BS0102117101110002180036000001715,1025119753,,1,2,11710,11100,0218,0036,117104169390,11101,0,00024,00000,20220813
BS0102117101110001490007000001716,1025120213,,1,2,11710,11100,0149,0007,117103123006,11105,0,00484,00000,20220813
BS0102117101110000550004000001717,1025121307,,1,2,11710,11100,0055,0004,117104169431,11101,0,00027,00010,20220813
BS0102117101110000710009000001718,1025121399,,1,2,11710,11100,0071,0009,117104169429,11101,0,00036,00000,20240911
BS0203117101110001550020000001719,1025123408,,2,3,11710,11100,0155,0020,117104169202,11101,0,00030,00026,20250328
BS0102117101110001230020000001720,1025123997,,1,2,11710,11100,0123,0020,117104169459,11101,0,00059,00000,20250604
BS0203117101110000610008000001721,1025124280,,2,3,11710,11100,0061,0008,117104169429,11101,0,00021,00020,20220813
BS0102117101110001870009000001722,1025124374,,1,2,11710,11100,0187,0009,117104169372,11101,0,00016,00000,20220813
BS0102117101110001800001000001723,1025124378,,1,2,11710,11100,0180,0001,117103123006,11105,0,00502,00000,20220813
BS0102117101110001870005000001724,1025124697,,1,2,11710,11100,0187,0005,117104169451,11101,0,00014,00000,20230102
BS0102117101110001150020000001725,1025124820,,1,2,11710,11100,0115,0020,117103123014,11104,0,00183,00000,20220813
BS0203117101110000580027000001726,1025124870,,2,3,11710,11100,0058,0027,117104169429,11101,0,00019,00043,20220813
BS0203117101110001520002000001727,10251100229984,,2,3,11710,11100,0152,0002,117104169020,11101,0,00036,00000,20220813
BS0102117101110000880015000001728,10251100447766,10251425,1,2,11710,11100,0088,0015,117102000006,11102,0,01239,00000,20230331
BS0203117101110001880013000001729,10251100449994,,2,3,11710,11100,0188,0013,117104169372,11101,0,00020,00026,20220813
BS0203117101110001720016000001730,10251100455386,,2,3,11710,11100,0172,0016,117104169384,11101,0,00071,00000,20220813
BS0203117101110001400001000001731,10251100475242,,2,3,11710,11100,0140,0001,117104169459,11101,0,00040,00000,20220813
BS0203117101110001170006000001732,10251100485504,,2,3,11710,11100,0117,0006,117104169201,11101,0,00009,00000,20220813
BS0203117101110002100001000001733,10251100493916,10251100494014,2,3,11710,11100,0210,0001,117103123004,11101,0,00001,00000,20220813
BS0203117101110001110012000001734,10251100521662,,2,3,11710,11100,0111,0012,117104169200,11101,0,00004,00015,20220813
BS0203117101110000410001000001735,10251100526242,,2,3,11710,11100,0041,0001,117104169431,11101,0,00005,00023,20220813
BS0203117101110001600003000001736,10251100533022,,2,3,11710,11100,0160,0003,117103123001,11103,0,00270,00000,20220813
BS0102117101110001360000000001737,10251100538656,,1,2,11710,11100,0136,0000,117104169018,11101,0,00003,00000,20220813
BS0203117101110001450050000001738,10251100561015,,2,3,11710,11100,0145,0050,117104169199,11101,0,00014,00038,20220813
BS0102117101110002060009000001739,10251100563282,,1,2,11710,11100,0206,0009,117104169451,11101,0,00031,00009,20221019
BS0203117101110002110007000001740,1000000000000002315814,,2,3,11710,11100,0211,0007,117104169387,11101,0,00050,00000,20240323
BS0102117101110001050012000001741,1000000000000002978818,,1,2,11710,11100,0105,0012,117104169429,11101,0,00058,00024,20240417
BS0102117101110004370004000001742,1000000000000006492879,1000000000000006492877,1,2,11710,11100,0437,0004,117103000034,11103,0,00434,00000,20250918
BS0102117101110002230012000001743,10251829,1025141,1,2,11710,11100,0223,0012,117104169390,11101,0,00013,00000,20220813
BS0102117101110000880002000001744,102511996,10251347,1,2,11710,11100,0088,0002,117103123023,11104,0,00424,00000,20220813
BS0203117101110000890000000001745,102512826,10251534,2,3,11710,11100,0089,0000,117102000006,11102,0,01218,00000,20220813
BS0203117101110001790015000001746,102513177,10251608,2,3,11710,11100,0179,0015,117104169457,11101,0,00008,00000,20220813
BS0203117101110001530003000001747,102515371,,2,3,11710,11100,0153,0003,117104169458,11101,0,00024,00013,20220813
BS0203117101110001320007000001748,102515745,,2,3,11710,11100,0132,0007,117104169019,11101,0,00017,00000,20220813
BS0203117101110001530014000001749,102517293,,2,3,11710,11100,0153,0014,117104169458,11101,0,00030,00020,20220813
BS0102117101110002040009000001750,102519347,,1,2,11710,11100,0204,0009,117104169372,11101,0,00007,00000,20250319
BS0203117101110000540007000001751,1025111608,,2,3,11710,11100,0054,0007,117104169456,11101,0,00035,00019,20221019
BS0102117101110000640009000001752,1025113305,,1,2,11710,11100,0064,0009,117104169429,11101,0,00018,00022,20240509
BS0102117101110001420016000001753,1025115404,,1,2,11710,11100,0142,0016,117104169200,11101,0,00029,00000,20220813
BS0102117101110002180034000001754,1025115775,,1,2,11710,11100,0218,0034,117104169390,11101,0,00020,00000,20220813
BS0102117101110001400018000001755,1025116362,,1,2,11710,11100,0140,0018,117104169459,11101,0,00048,00000,20250604
BS0203117101110001440011000001756,1025116394,,2,3,11710,11100,0144,0011,117104169199,11101,0,00014,00037,20220813
BS0102117101110000380011000001757,1025117214,,1,2,11710,11100,0038,0011,117104169374,11101,0,00023,00008,20220813
BS0102117101110000550018000001758,1025117535,,1,2,11710,11100,0055,0018,117104169431,11101,0,00027,00014,20220813
BS0102117101110001230015000001759,1025118549,,1,2,11710,11100,0123,0015,117104169200,11101,0,00042,00020,20220813
BS0203117101110001630001000001760,1025119014,,2,3,11710,11100,0163,0001,117104169022,11101,0,00015,00006,20220813
BS0203117101110001270020000001761,1025120307,,2,3,11710,11100,0127,0020,117104169387,11101,0,00025,00023,20220813
BS0203117101110001090021000001762,1025120666,,2,3,11710,11100,0109,0021,117104169378,11101,0,00005,00029,20220813
BS0203117101110001740004000001763,1025121574,,2,3,11710,11100,0174,0004,117104169458,11101,0,00006,00000,20241015
BS0102117101110000640005000001764,1025121739,,1,2,11710,11100,0064,0005,117104169374,11101,0,00016,00000,20250411
BS0203117101110001740001000001765,1025121786,,2,3,11710,11100,0174,0001,117104169202,11101,0,00019,00016,20220813
BS0203117101110001300002000001766,1025122549,,2,3,11710,11100,0130,0002,117104169017,11101,0,00015,00026,20220813
BS0102117101110001680002000001767,1025122756,,1,2,11710,11100,0168,0002,117103123001,11103,0,00289,00000,20220813
BS0102117101110001080010000001768,1025123115,,1,2,11710,11100,0108,0010,117103123006,11105,0,00455,00000,20220813
BS0203117101110001270000000001769,1025123170,,2,3,11710,11100,0127,0000,117104169016,11101,0,00007,00000,20220813
BS0203117101110001130022000001770,1025124230,,2,3,11710,11100,0113,0022,117104169200,11101,0,00012,00003,20220813
BS0102117101110000650000000001771,1025125152,,1,2,11710,11100,0065,0000,117103123014,11104,0,00091,00000,20241002
BS0203117101110001490026000001772,10251100224513,,2,3,11710,11100,0149,0026,117104169199,11101,0,00007,00000,20220813
BS0203117101110001180004000001773,10251100227601,,2,3,11710,11100,0118,0004,117104169201,11101,0,00007,00007,20220813
BS0102117101110000880010000001774,10251100237018,10251100237017,1,2,11710,11100,0088,0010,,,0,00000,00000,20220813
BS0203117101110000380000000001775,10251100239786,,2,3,11710,11100,0038,0000,117104169429,11101,0,00001,00020,20220813
BS0203117101110001340002000001776,10251100461722,,2,3,11710,11100,0134,0002,117104169017,11101,0,00005,00006,20220813
BS0203117101110001540015000001777,10251100499544,,2,3,11710,11100,0154,0015,117104169458,11101,0,00024,00028,20220813
BS0203117101110001180005000001778,10251100522501,,2,3,11710,11100,0118,0005,117104169201,11101,0,00007,00000,20220813
BS0203117101110001700010000001779,10251100555940,,2,3,11710,11100,0170,0010,117104169459,11101,0,00006,00000,20220813
BS0203117101110001130000000001780,1000000000000000115178,,2,3,11710,11100,0113,0000,117104169200,11101,0,00014,00000,20240925
BS0203117101110000890000000001781,102512827,10251534,2,3,11710,11100,0089,0000,117102000006,11102,0,01218,00000,20220813
BS0203117101110000890000000001782,102512858,10251534,2,3,11710,11100,0089,0000,117102000006,11102,0,01218,00000,20220813
BS0203117101110002250000000001783,102512934,10251542,2,3,11710,11100,0225,0000,117102000006,11102,0,01089,00000,20220813
BS0203117101110001260016000001784,102513525,,2,3,11710,11100,0126,0016,117104169016,11101,0,00005,00000,20220813
BS0102117101110001590021000001785,102514910,,1,2,11710,11100,0159,0021,117103123001,11103,0,00269,00000,20220813
BS0102117101110002030007000001786,102517779,,1,2,11710,11100,0203,0007,117104169451,11101,0,00024,00000,20220813
BS0102117101110001660018000001787,102517839,,1,2,11710,11100,0166,0018,117104169023,11101,0,00013,00000,20220813
BS0102117101110001870001000001788,1025110124,,1,2,11710,11100,0187,0001,117104169451,11101,0,00006,00000,20220813
BS0203117101110001240003000001789,1025110204,,2,3,11710,11100,0124,0003,117104169015,11101,0,00007,00000,20220813
BS0102117101110002260000000001790,1025111040,,1,2,11710,11100,0226,0000,117104169387,11101,0,00004,00000,20220813
BS0102117101110000690000000001791,1025111669,,1,2,11710,11100,0069,0000,117104169375,11101,0,00012,00000,20241204
BS0102117101110001020014000001792,1025112657,,1,2,11710,11100,0102,0014,117104169456,11101,0,00047,00001,20220813
BS0102117101110000620000000001793,1025113638,,1,2,11710,11100,0062,0000,117104169429,11101,0,00024,00000,20250325
BS0203117101110001340008000001794,1025115160,,2,3,11710,11100,0134,0008,117104169017,11101,0,00005,00008,20220813
BS0102117101110000610011000001795,1025115213,,1,2,11710,11100,0061,0011,117104169375,11101,0,00019,00000,20220813
BS0102117101110000630004000001796,1025116375,,1,2,11710,11100,0063,0004,117104169429,11101,0,00022,00022,20250218
BS0102117101110000880021000001797,1025117791,10251100226955,1,2,11710,11100,0088,0021,117103123023,11104,0,00424,00000,20250224
BS0102117101110000600010000001798,1025118327,,1,2,11710,11100,0060,0010,117104169429,11101,0,00019,00024,20220813
BS0102117101110001490017000001799,1025118763,,1,2,11710,11100,0149,0017,117104169199,11101,0,00013,00000,20220813
BS0203117101110001450049000001800,1025118946,,2,3,11710,11100,0145,0049,117104169199,11101,0,00014,00034,20220813
BS0102117101110001350000000001801,1025120327,,1,2,11710,11100,0135,0000,117103123001,11103,0,00260,00000,20220813
BS0102117101110001580015000001802,1025121261,,1,2,11710,11100,0158,0015,117104169459,11101,0,00031,00000,20250604
BS0203117101110001490032000001803,1025122231,,2,3,11710,11100,0149,0032,117104169199,11101,0,00019,00001,20220813
BS0203117101110001160017000001804,1025123174,,2,3,11710,11100,0116,0017,117104169201,11101,0,00006,00000,20220813
BS0203117101110001240055000001805,1025123923,,2,3,11710,11100,0124,0055,117104169384,11101,0,00008,00012,20220813
BS0102117101110001070010000001806,1025124651,,1,2,11710,11100,0107,0010,117103123006,11105,0,00479,00000,20220813
BS0203117101110000610004000001807,10251100230717,,2,3,11710,11100,0061,0004,117104169429,11101,0,00021,00022,20220813
BS0203117101110001430007000001808,10251100231363,,2,3,11710,11100,0143,0007,117104169020,11101,0,00013,00000,20220813
BS0203117101110001440030000001809,10251100236165,,2,3,11710,11100,0144,0030,117104169199,11101,0,00014,00013,20220813
BS0203117101110000930012000001810,10251100238308,,2,3,11710,11100,0093,0012,117104169429,11101,0,00036,00019,20220813
BS0203117101110001430008000001811,10251100238886,,2,3,11710,11100,0143,0008,117104169018,11101,0,00020,00000,20220813
BS0203117101110001170027000001812,10251100463063,,2,3,11710,11100,0117,0027,117104169201,11101,0,00013,00000,20230303
BS0102117101110001090016000001813,10251100468671,,1,2,11710,11100,0109,0016,117104169378,11101,0,00005,00021,20220813
BS0203117101110001070013000001814,10251100471562,,2,3,11710,11100,0107,0013,117104169429,11101,0,00057,00030,20220813
BS0203117101110000550017000001815,10251100479282,,2,3,11710,11100,0055,0017,117104169431,11101,0,00027,00016,20220813
BS0203117101110001910005000001816,10251100514341,,2,3,11710,11100,0191,0005,117104169450,11101,0,00016,00000,20220813
BS0102117101110000680011000001817,10251100519281,,1,2,11710,11100,0068,0011,117104169376,11101,0,00009,00013,20220813
BS0203117101110000540005000001818,10251100521181,,2,3,11710,11100,0054,0005,117104169456,11101,0,00035,00009,20220813
BS0102117101110001160000000001819,10251100523902,,1,2,11710,11100,0116,0000,117104169200,11101,0,00018,00000,20230912
BS0102117101110004350008000001820,10251100529742,,1,2,11710,11100,0435,0008,117103000034,11103,0,00460,00000,20250224
BS0102117101110000980001000001821,10251100532462,,1,2,11710,11100,0098,0001,117104169429,11101,0,00037,00022,20220813
BS0203117101110000410008000001822,10251100534062,,2,3,11710,11100,0041,0008,117104169431,11101,0,00005,00013,20250217
BS0102117101110000460008000001823,1000000000000001563475,,1,2,11710,11100,0046,0008,117104169374,11101,0,00047,00015,20240809
BS0102117101110002230012000001824,10251828,1025141,1,2,11710,11100,0223,0012,117104169390,11101,0,00013,00000,20220813
BS0102117101110002230012000001825,10251830,1025141,1,2,11710,11100,0223,0012,117104169390,11101,0,00013,00000,20220813
BS0203117101110000890000000001826,102512817,10251534,2,3,11710,11100,0089,0000,117102000006,11102,0,01218,00000,20220813
BS0203117101110000890000000001827,102512897,10251534,2,3,11710,11100,0089,0000,117102000006,11102,0,01218,00000,20220813
BS0203117101110001750008000001828,102513174,10251607,2,3,11710,11100,0175,0008,117104169202,11101,0,00019,00009,20220813
BS0102117101110001960015000001829,102517260,,1,2,11710,11100,0196,0015,117104169448,11101,0,00011,00000,20220813
BS0203117101110001260012000001830,102517810,,2,3,11710,11100,0126,0012,117104169016,11101,0,00005,00025,20220813
BS0102117101110000410005000001831,102518934,,1,2,11710,11100,0041,0005,117104169431,11101,0,00005,00000,20240520
BS0102117101110001910002000001832,1025110179,,1,2,11710,11100,0191,0002,117104169450,11101,0,00010,00000,20220813
BS0203117101110001310004000001833,1025110257,,2,3,11710,11100,0131,0004,117104169017,11101,0,00015,00021,20220813
BS0203117101110001090001000001834,1025111204,,2,3,11710,11100,0109,0001,117104169378,11101,0,00005,00037,20220813
BS0203117101110001680000000001835,1025112879,,2,3,11710,11100,0168,0000,117102123002,11101,0,00076,00000,20220813
BS0102117101110002230002000001836,1025113689,,1,2,11710,11100,0223,0002,117104169388,11101,0,00006,00000,20220813
BS0203117101110001440004000001837,1025114232,,2,3,11710,11100,0144,0004,117104169020,11101,0,00025,00000,20220813
BS0203117101110001290000000001838,1025114395,,2,3,11710,11100,0129,0000,117104169016,11101,0,00005,00016,20220813
BS0203117101110001130011000001839,1025115777,,2,3,11710,11100,0113,0011,117104169382,11101,0,00005,00006,20220813
BS0203117101110001090022000001840,1025116442,,2,3,11710,11100,0109,0022,117104169378,11101,0,00005,00027,20220813
BS0102117101110002240003000001841,1025116721,,1,2,11710,11100,0224,0003,117104169109,11101,0,00013,00000,20220813
BS0203117101110001680010000001842,1025116996,,2,3,11710,11100,0168,0010,117104169202,11101,0,00041,00026,20220813
BS0203117101110001760002000001843,1025117483,,2,3,11710,11100,0176,0002,117104169202,11101,0,00011,00016,20220813
BS0102117101110001370017000001844,1025119631,,1,2,11710,11100,0137,0017,117104169200,11101,0,00041,00017,20250604
BS0102117101110001470009000001845,1025119969,,1,2,11710,11100,0147,0009,117104169200,11101,0,00013,00000,20250725
BS0102117101110001870010000001846,1025120624,,1,2,11710,11100,0187,0010,117104169372,11101,0,00016,00006,20220813
BS0102117101110002190007000001847,1025121131,,1,2,11710,11100,0219,0007,117104169390,11101,0,00017,00000,20241016
BS0102117101110000600006000001848,1025121275,,1,2,11710,11100,0060,0006,117104169429,11101,0,00019,00006,20220813
BS0203117101110001200002000001849,1025123071,,2,3,11710,11100,0120,0002,117104169201,11101,0,00007,00017,20220813
BS0203117101110001620019000001850,1025124428,,2,3,11710,11100,0162,0019,117104169022,11101,0,00015,00003,20220813
BS0203117101110001680004000001851,10251100237777,,2,3,11710,11100,0168,0004,117103123001,11103,0,00285,00000,20220813
BS0203117101110001870012000001852,10251100462349,10251100462339,2,3,11710,11100,0187,0012,117104169372,11101,0,00016,00014,20220813
BS0203117101110002100001000001853,10251100493990,10251100494014,2,3,11710,11100,0210,0001,117103123004,11101,0,00001,00000,20220813
BS0203117101110001880000000001854,10251100526182,,2,3,11710,11100,0188,0000,117104169372,11101,0,00016,00029,20220813
BS0203117101110001730011000001855,10251100560422,,2,3,11710,11100,0173,0011,117104169202,11101,0,00029,00000,20220813
BS0102117101110001930021000001856,10251100566009,,1,2,11710,11100,0193,0021,117104169372,11101,0,00030,00009,20230531
BS0102117101110001410006000001857,102511479,10251245,1,2,11710,11100,0141,0006,117104169384,11101,0,00025,00000,20250430
BS0102117101110000880015000001858,102512278,10251425,1,2,11710,11100,0088,0015,117102000006,11102,0,01239,00000,20250709
BS0203117101110001940000000001859,102513180,10251609,2,3,11710,11100,0194,0000,117104169449,11101,0,00010,00000,20220813
BS0203117101110001310002000001860,102514624,,2,3,11710,11100,0131,0002,117104169017,11101,0,00009,00020,20220813
BS0203117101110001120003000001861,102519240,,2,3,11710,11100,0112,0003,117104169380,11101,0,00012,00000,20220813
BS0203117101110001230005000001862,102519524,,2,3,11710,11100,0123,0005,117104169200,11101,0,00042,00018,20220813
BS0102117101110001680007000001863,1025111847,,1,2,11710,11100,0168,0007,117104169202,11101,0,00041,00014,20220813
BS0203117101110001240018000001864,1025111910,,2,3,11710,11100,0124,0018,117104169384,11101,0,00008,00016,20220813
BS0203117101110001750014000001865,1025112872,,2,3,11710,11100,0175,0014,117104169202,11101,0,00019,00019,20220813
BS0203117101110001270011000001866,1025113084,,2,3,11710,11100,0127,0011,117104169016,11101,0,00017,00000,20220813
BS0102117101110000550000000001867,1025113470,,1,2,11710,11100,0055,0000,117104169374,11101,0,00050,00000,20220813
BS0102117101110002230009000001868,1025113890,,1,2,11710,11100,0223,0009,117104169390,11101,0,00007,00000,20220813
BS0102117101110000620003000001869,1025114199,,1,2,11710,11100,0062,0003,117104169429,11101,0,00022,00023,20230524
BS0102117101110001360005000001870,1025114251,,1,2,11710,11100,0136,0005,117103123001,11103,0,00245,00000,20220813
BS0102117101110001800002000001871,1025114270,,1,2,11710,11100,0180,0002,117103123006,11105,0,00504,00000,20221025
BS0102117101110001260002000001872,1025115549,,1,2,11710,11100,0126,0002,117103123001,11103,0,00240,00000,20220813
BS0203117101110001190030000001873,1025115993,,2,3,11710,11100,0119,0030,117104169201,11101,0,00003,00005,20220813
BS0203117101110001220021000001874,1025116350,,2,3,11710,11100,0122,0021,117104169459,11101,0,00056,00000,20221005
BS0102117101110001490010000001875,1025116373,,1,2,11710,11100,0149,0010,117103123006,11105,0,00492,00000,20250616
BS0102117101110001450028000001876,1025117598,,1,2,11710,11100,0145,0028,117104169458,11101,0,00048,00000,20220813
BS0102117101110002110006000001877,1025118487,,1,2,11710,11100,0211,0006,117103123004,11101,0,00002,00000,20250922
BS0102117101110001740014000001878,1025119122,,1,2,11710,11100,0174,0014,117104169202,11101,0,00021,00000,20220813
BS0102117101110001030007000001879,1025119372,,1,2,11710,11100,0103,0007,117104169378,11101,0,00033,00000,20220813
BS0203117101110001450046000001880,1025119864,,2,3,11710,11100,0145,0046,117104169199,11101,0,00014,00022,20220813
BS0102117101110000930011000001881,1025122107,,1,2,11710,11100,0093,0011,117104169429,11101,0,00042,00020,20250604
BS0203117101110001540010000001882,1025123296,,2,3,11710,11100,0154,0010,117104169458,11101,0,00024,00022,20220813
BS0203117101110000580025000001883,1025124284,,2,3,11710,11100,0058,0025,117104169431,11101,0,00032,00000,20220813
BS0102117101110001600000000001884,1025125244,,1,2,11710,11100,0160,0000,117103123001,11103,0,00278,00000,20220813
BS0102117101110001360003000001885,10251100173816,10251100173815,1,2,11710,11100,0136,0003,117103123001,11103,0,00249,00000,20220813
BS0203117101110001330007000001886,10251100187122,,2,3,11710,11100,0133,0007,117104169019,11101,0,00007,00000,20220813
BS0203117101110002220011000001887,10251100235317,,2,3,11710,11100,0222,0011,117104169388,11101,0,00009,00000,20220813
BS0203117101110000930003000001888,10251100242483,,2,3,11710,11100,0093,0003,117104169429,11101,0,00036,00025,20220813
BS0203117101110001190014000001889,10251100243226,,2,3,11710,11100,0119,0014,117104169384,11101,0,00019,00000,20220813
BS0203117101110000600019000001890,10251100447046,,2,3,11710,11100,0060,0019,117104169429,11101,0,00021,00021,20230905
BS0203117101110001140009000001891,10251100459678,,2,3,11710,11100,0114,0009,117104169382,11101,0,00001,00000,20230308
BS0203117101110001370016000001892,10251100472762,,2,3,11710,11100,0137,0016,117104169459,11101,0,00047,00000,20220813
BS0102117101110001560018000001893,10251100493703,,1,2,11710,11100,0156,0018,117104169202,11101,0,00030,00015,20220813
BS0203117101110000710005000001894,10251100517821,,2,3,11710,11100,0071,0005,117104169429,11101,0,00036,00024,20220813
BS0203117101110001450009000001895,10251100517932,10251100517945,2,3,11710,11100,0145,0009,117104169382,11101,0,00030,00000,20220813
BS0203117101110001220012000001896,10251100529222,,2,3,11710,11100,0122,0012,117104169459,11101,0,00068,00000,20220813
BS0203117101110001220007000001897,10251100531382,,2,3,11710,11100,0122,0007,117104169200,11101,0,00038,00000,20230615
BS0203117101110001630007000001898,10251100539962,,2,3,11710,11100,0163,0007,117104169448,11101,0,00032,00000,20230620
BS0102117101110000580000000001899,102512014,10250100897136,1,2,11710,11100,0058,0000,117104169374,11101,0,00034,00000,20221014
BS0102117101110000890016000001900,102512309,10251434,1,2,11710,11100,0089,0016,117102000006,11102,0,01196,00000,20250723
BS0203117101110000890000000001901,102512882,10251534,2,3,11710,11100,0089,0000,117102000006,11102,0,01218,00000,20220813
BS0102117101110001490000000001902,102513614,,1,2,11710,11100,0149,0000,117103123006,11105,0,00466,00000,20220813
BS0203117101110001320004000001903,102513973,,2,3,11710,11100,0132,0004,117104169019,11101,0,00013,00001,20220813
BS0203117101110001790012000001904,102514303,,2,3,11710,11100,0179,0012,117104169202,11101,0,00007,00004,20220813
BS0102117101110000690004000001905,102514825,,1,2,11710,11100,0069,0004,117104169429,11101,0,00032,00000,20250630
BS0203117101110001910006000001906,102516375,,2,3,11710,11100,0191,0006,117104169450,11101,0,00018,00000,20220813
BS0102117101110001660019000001907,102516614,,1,2,11710,11100,0166,0019,117104169023,11101,0,00015,00000,20220813
BS0102117101110001340010000001908,102518580,,1,2,11710,11100,0134,0010,117104169017,11101,0,00009,00007,20250604
BS0102117101110001400011000001909,102518589,,1,2,11710,11100,0140,0011,117104169200,11101,0,00035,00000,20220813
BS0102117101110001110014000001910,102519171,,1,2,11710,11100,0111,0014,117104169200,11101,0,00008,00000,20241203
BS0102117101110002200005000001911,1025110541,,1,2,11710,11100,0220,0005,117104169387,11101,0,00018,00000,20220813
BS0203117101110001460005000001912,1025110698,,2,3,11710,11100,0146,0005,117104169200,11101,0,00025,00000,20221019
BS0102117101110000980016000001913,1025112586,,1,2,11710,11100,0098,0016,117104169429,11101,0,00039,00000,20240911
BS0102117101110001400000000001914,1025113352,,1,2,11710,11100,0140,0000,117104169018,11101,0,00011,00000,20220813
BS0203117101110001450033000001915,1025113569,,2,3,11710,11100,0145,0033,117104169380,11101,0,00024,00000,20220813
BS0102117101110001930015000001916,1025114794,,1,2,11710,11100,0193,0015,117104169372,11101,0,00028,00005,20220813
BS0102117101110001130001000001917,1025116647,,1,2,11710,11100,0113,0001,117104169200,11101,0,00012,00007,20240529
BS0102117101110002260007000001918,1025116723,,1,2,11710,11100,0226,0007,117103123014,11104,0,00247,00000,20230704
BS0203117101110000580013000001919,1025116940,,2,3,11710,11100,0058,0013,117104169431,11101,0,00026,00000,20220813
BS0102117101110001960017000001920,1025119886,,1,2,11710,11100,0196,0017,117104169448,11101,0,00009,00000,20230503
BS0203117101110002230013000001921,1025120623,,2,3,11710,11100,0223,0013,117104169390,11101,0,00015,00005,20220813
BS0203117101110001010013000001922,1025123340,,2,3,11710,11100,0101,0013,117104169456,11101,0,00059,00001,20220813
BS0203117101110001480001000001923,1025124291,,2,3,11710,11100,0148,0001,117104169199,11101,0,00010,00001,20220813
BS0203117101110001440005000001924,1025124324,,2,3,11710,11100,0144,0005,117104169020,11101,0,00023,00001,20220813
BS0203117101110000990016000001925,1025125077,,2,3,11710,11100,0099,0016,117104169429,11101,0,00039,00012,20220813
BS0102117101110002050004000001926,10251100225993,,1,2,11710,11100,0205,0004,117104169372,11101,0,00001,00014,20250623
BS0102117101110000600016000001927,10251100231937,,1,2,11710,11100,0060,0016,117104169429,11101,0,00021,00009,20240913
BS0203117101110001170022000001928,10251100238242,,2,3,11710,11100,0117,0022,117104169015,11101,0,00026,00000,20220813
BS0203117101110000440001000001929,10251100244961,,2,3,11710,11100,0044,0001,117104169203,11101,0,00030,00000,20230921
BS0102117101110002200000000001930,10251100451836,10251100451837,1,2,11710,11100,0220,0000,117104169388,11101,0,00031,00000,20220813
BS0203117101110001400004000001931,10251100459757,,2,3,11710,11100,0140,0004,117104169384,11101,0,00036,00001,20220813
BS0203117101110001000004000001932,10251100462782,,2,3,11710,11100,0100,0004,117104169456,11101,0,00062,00000,20220813
BS0203117101110001960008000001933,10251100479912,,2,3,11710,11100,0196,0008,117104169372,11101,0,00042,00005,20220813
BS0102117101110001160013000001934,10251100481783,,1,2,11710,11100,0116,0013,117104169384,11101,0,00009,00028,20220813
BS0203117101110001930008000001935,10251100531702,,2,3,11710,11100,0193,0008,117104169449,11101,0,00007,00016,20220813
BS0203117101110001200004000001936,1000000000000002661211,,2,3,11710,11100,0120,0004,117104169384,11101,0,00009,00010,20241112
BS0203117101110001270022000001937,102511178,10251156,2,3,11710,11100,0127,0022,117104169016,11101,0,00005,00008,20220813
BS0203117101110000890000000001938,102512856,10251534,2,3,11710,11100,0089,0000,117102000006,11102,0,01218,00000,20220813
BS0203117101110000890000000001939,102512868,10251534,2,3,11710,11100,0089,0000,117102000006,11102,0,01218,00000,20220813
BS0203117101110001790015000001940,102513178,10251608,2,3,11710,11100,0179,0015,117104169457,11101,0,00008,00000,20220813
BS0203117101110001650000000001941,102514538,,2,3,11710,11100,0165,0000,117104169447,11101,0,00003,00000,20220813
BS0102117101110001450039000001942,102514719,,1,2,11710,11100,0145,0039,117104169200,11101,0,00011,00025,20220813
BS0203117101110000480005000001943,102515496,,2,3,11710,11100,0048,0005,117104169374,11101,0,00055,00000,20220813
BS0102117101110002010000000001944,102515919,,1,2,11710,11100,0201,0000,117104169450,11101,0,00021,00000,20250325
BS0102117101110001530005000001945,102516008,,1,2,11710,11100,0153,0005,117104169458,11101,0,00026,00000,20220813
BS0203117101110001750002000001946,102516466,,2,3,11710,11100,0175,0002,117104169202,11101,0,00015,00020,20220813
BS0102117101110000990009000001947,102517128,,1,2,11710,11100,0099,0009,117104169456,11101,0,00048,00000,20241217
BS0102117101110000610007000001948,102517333,,1,2,11710,11100,0061,0007,117104169429,11101,0,00027,00000,20220813
BS0102117101110002040006000001949,1025110566,,1,2,11710,11100,0204,0006,117104169372,11101,0,00005,00010,20220813
BS0102117101110000690008000001950,1025110627,,1,2,11710,11100,0069,0008,117104169375,11101,0,00016,00000,20240710
BS0203117101110001740003000001951,1025111038,,2,3,11710,11100,0174,0003,117104169458,11101,0,00014,00000,20220813
BS0203117101110001680001000001952,1025111681,,2,3,11710,11100,0168,0001,117103123001,11103,0,00291,00000,20220813
BS0203117101110001000003000001953,1025114641,,2,3,11710,11100,0100,0003,117104169456,11101,0,00064,00000,20220813
BS0102117101110001960014000001954,1025116743,,1,2,11710,11100,0196,0014,117104169448,11101,0,00013,00000,20220813
BS0102117101110001140014000001955,1025116837,,1,2,11710,11100,0114,0014,117104169382,11101,0,00005,00039,20220813
BS0102117101110001880011000001956,1025118157,,1,2,11710,11100,0188,0011,117104169372,11101,0,00020,00028,20250604
BS0102117101110001020000000001957,1025119017,,1,2,11710,11100,0102,0000,117104169456,11101,0,00035,00002,20220813
BS0203117101110001320005000001958,1025119032,,2,3,11710,11100,0132,0005,117104169019,11101,0,00015,00000,20220813
BS0203117101110001240039000001959,1025119061,,2,3,11710,11100,0124,0039,117104169200,11101,0,00042,00013,20241021
BS0102117101110001640006000001960,1025119199,,1,2,11710,11100,0164,0006,117104169448,11101,0,00012,00000,20220813
BS0203117101110000930008000001961,1025119807,,2,3,11710,11100,0093,0008,117104169429,11101,0,00042,00010,20220813
BS0102117101110001450035000001962,1025120085,,1,2,11710,11100,0145,0035,117104169200,11101,0,00009,00000,20220813
BS0102117101110001240023000001963,1025125348,,1,2,11710,11100,0124,0023,117103123001,11103,0,00237,00000,20220813
BS0102117101110000580010000001964,10251100231246,,1,2,11710,11100,0058,0010,117104169431,11101,0,00022,00001,20220813
BS0203117101110001230021000001965,10251100231657,,2,3,11710,11100,0123,0021,117104169200,11101,0,00042,00012,20220813
BS0203117101110001350011000001966,10251100237913,,2,3,11710,11100,0135,0011,117104169019,11101,0,00006,00000,20220813
BS0203117101110001000010000001967,10251100463522,,2,3,11710,11100,0100,0010,117104169456,11101,0,00060,00000,20220813
BS0203117101110002100001000001968,10251100493927,10251100494014,2,3,11710,11100,0210,0001,117103123004,11101,0,00001,00000,20220813
BS0203117101110001290011000001969,10251100494023,,2,3,11710,11100,0129,0011,117104169017,11101,0,00010,00012,20220813
BS0203117101110001130016000001970,10251100505731,,2,3,11710,11100,0113,0016,117104169382,11101,0,00009,00000,20220813
BS0203117101110000480003000001971,10251100532062,,2,3,11710,11100,0048,0003,117104169456,11101,0,00013,00000,20220813
BS0203117101110001180013000001972,10251100535642,,2,3,11710,11100,0118,0013,117104169201,11101,0,00007,00003,20220813
BS0102117101110001090006000001973,102511046,10251112,1,2,11710,11100,0109,0006,117103123014,11104,0,00143,00000,20220813
BS0203117101110000890000000001974,102512795,10251534,2,3,11710,11100,0089,0000,117102000006,11102,0,01218,00000,20220813
BS0203117101110000890000000001975,102512872,10251534,2,3,11710,11100,0089,0000,117102000006,11102,0,01218,00000,20220813
BS0203117101110001640012000001976,102514607,,2,3,11710,11100,0164,0012,117104169023,11101,0,00015,00026,20220813
BS0102117101110001100000000001977,102514979,,1,2,11710,11100,0110,0000,117103123006,11105,0,00446,00000,20230601
BS0102117101110001110000000001978,102515279,,1,2,11710,11100,0111,0000,117104169200,11101,0,00006,00000,20241223
BS0102117101110001100006000001979,102515411,,1,2,11710,11100,0110,0006,117104169200,11101,0,00004,00000,20220813
BS0102117101110000650004000001980,102516326,,1,2,11710,11100,0065,0004,117104169375,11101,0,00003,00000,20220813
BS0203117101110001980009000001981,102516757,,2,3,11710,11100,0198,0009,117104169448,11101,0,00031,00027,20220813
BS0102117101110001000005000001982,102519288,,1,2,11710,11100,0100,0005,117104169429,11101,0,00046,00000,20220813
BS0203117101110001990006000001983,102519799,,2,3,11710,11100,0199,0006,117104169087,11101,0,00006,00000,20220813
BS0203117101110001260005000001984,1025110340,,2,3,11710,11100,0126,0005,117103123001,11103,0,00232,00000,20220813
BS0102117101110001370008000001985,1025112478,,1,2,11710,11100,0137,0008,117104169200,11101,0,00041,00000,20250822
BS0102117101110001630006000001986,1025112821,,1,2,11710,11100,0163,0006,117104169448,11101,0,00030,00000,20220813
BS0203117101110001620005000001987,1025113139,,2,3,11710,11100,0162,0005,117104169022,11101,0,00015,00015,20220813
BS0102117101110001360008000001988,1025114331,,1,2,11710,11100,0136,0008,117103123001,11103,0,00255,00000,20220813
BS0203117101110000980005000001989,1025116318,,2,3,11710,11100,0098,0005,117104169429,11101,0,00037,00010,20220813
BS0203117101110001990002000001990,1025116389,,2,3,11710,11100,0199,0002,117104169087,11101,0,00012,00000,20220813
BS0203117101110001330005000001991,1025117003,,2,3,11710,11100,0133,0005,117104169022,11101,0,00010,00000,20221108
BS0102117101110000590002000001992,1025118203,,1,2,11710,11100,0059,0002,117104169374,11101,0,00026,00000,20220813
BS0203117101110001000009000001993,1025118607,,2,3,11710,11100,0100,0009,117104169456,11101,0,00058,00000,20220813
BS0102117101110001510019000001994,1025119683,,1,2,11710,11100,0151,0019,117104169457,11101,0,00022,00000,20220813
BS0203117101110001530010000001995,1025119841,,2,3,11710,11100,0153,0010,117104169458,11101,0,00024,00027,20220813
BS0203117101110001770006000001996,1025120528,,2,3,11710,11100,0177,0006,117102123002,11101,0,00056,00000,20220813
BS0102117101110001160011000001997,1025121384,,1,2,11710,11100,0116,0011,117104169201,11101,0,00012,00000,20220813
BS0203117101110001910009000001998,1025121866,,2,3,11710,11100,0191,0009,117104169372,11101,0,00028,00010,20220813
BS0102117101110000370003000001999,1025121964,,1,2,11710,11100,0037,0003,117104169374,11101,0,00023,00019,20220813
BS0102117101110000650003000002000,1025122296,,1,2,11710,11100,0065,0003,117103123014,11104,0,00101,00000,20250910
BS0203117101110001450054000002001,1025122635,,2,3,11710,11100,0145,0054,117104169200,11101,0,00011,00005,20220813
BS0102117101110001020003000002002,1025123921,,1,2,11710,11100,0102,0003,117104169429,11101,0,00049,00005,20220813
BS0203117101110001420010000002003,1025124163,,2,3,11710,11100,0142,0010,117104169018,11101,0,00017,00000,20220813
BS0102117101110002270009000002004,10251100227933,,1,2,11710,11100,0227,0009,117103123014,11104,0,00233,00000,20231006
BS0102117101110000890007000002005,10251100228076,10251100228074,1,2,11710,11100,0089,0007,117102000006,11102,0,01242,00000,20220813
BS0102117101110000690010000002006,10251100244785,,1,2,11710,11100,0069,0010,117104169376,11101,0,00009,00012,20250901
BS0203117101110001000019000002007,10251100461393,,2,3,11710,11100,0100,0019,117104169429,11101,0,00042,00003,20220813
BS0203117101110001150002000002008,10251100462011,,2,3,11710,11100,0115,0002,117104169015,11101,0,00017,00000,20220813
BS0203117101110001990001000002009,10251100476430,,2,3,11710,11100,0199,0001,117104169087,11101,0,00014,00000,20250115
BS0203117101110001660002000002010,10251100494883,,2,3,11710,11100,0166,0002,117104169447,11101,0,00013,00000,20230728
BS0203117101110001590001000002011,10251100501973,,2,3,11710,11100,0159,0001,117104169202,11101,0,00042,00015,20220813
BS0203117101110001660021000002012,10251100525642,,2,3,11710,11100,0166,0021,117104169023,11101,0,00015,00007,20220813
BS0203117101110000390000000002013,10251100538462,,2,3,11710,11100,0039,0000,117104169431,11101,0,00006,00000,20220813
BS0102117101110001620020000002014,10251100566882,,1,2,11710,11100,0162,0020,117104169022,11101,0,00015,00000,20230728
BS0102117101110000680009000002015,1000000000000000744206,,1,2,11710,11100,0068,0009,117104169376,11101,0,00007,00020,20240215
BS0203117101110001730003000002016,102511025,10251106,2,3,11710,11100,0173,0003,117104169458,11101,0,00011,00000,20220813
BS0102117101110001090006000002017,102511045,10251112,1,2,11710,11100,0109,0006,117103123014,11104,0,00143,00000,20220813
BS0102117101110001390000000002018,102511047,10251113,1,2,11710,11100,0139,0000,117104169020,11101,0,00011,00000,20240809
BS0203117101110001940005000002019,102512034,10251362,2,3,11710,11100,0194,0005,117104169449,11101,0,00020,00000,20220813
BS0203117101110000890000000002020,102512830,10251534,2,3,11710,11100,0089,0000,117102000006,11102,0,01218,00000,20220813
BS0203117101110000890000000002021,102512907,10251534,2,3,11710,11100,0089,0000,117102000006,11102,0,01218,00000,20220813
BS0102117101110001070009000002022,102513895,,1,2,11710,11100,0107,0009,117103123006,11105,0,00477,00000,20220813
BS0203117101110001310017000002023,102514160,,2,3,11710,11100,0131,0017,117104169017,11101,0,00015,00007,20220813
BS0203117101110001070014000002024,102516409,,2,3,11710,11100,0107,0014,117104169429,11101,0,00057,00028,20220813
BS0102117101110001010015000002025,1025110579,,1,2,11710,11100,0101,0015,117104169429,11101,0,00050,00012,20250604
BS0102117101110001230000000002026,1025111380,,1,2,11710,11100,0123,0000,117104169200,11101,0,00040,00000,20220813
BS0203117101110001540013000002027,1025114846,,2,3,11710,11100,0154,0013,117104169202,11101,0,00018,00000,20220813
BS0102117101110001930022000002028,1025114965,,1,2,11710,11100,0193,0022,117104169372,11101,0,00030,00007,20250604
BS0102117101110001230010000002029,1025115031,,1,2,11710,11100,0123,0010,117104169459,11101,0,00057,00000,20220813
BS0203117101110000890014000002030,1025115068,,2,3,11710,11100,0089,0014,117102000006,11102,0,01218,00000,20220813
BS0102117101110000710000000002031,1025117088,,1,2,11710,11100,0071,0000,117104169376,11101,0,00016,00000,20220813
BS0102117101110001430011000002032,1025118956,,1,2,11710,11100,0143,0011,117104169018,11101,0,00016,00000,20250604
BS0102117101110001720019000002033,1025119836,,1,2,11710,11100,0172,0019,117104169202,11101,0,00031,00000,20250220
BS0102117101110000620001000002034,1025121851,,1,2,11710,11100,0062,0001,117104169429,11101,0,00022,00005,20220813
BS0203117101110001640000000002035,1025122890,,2,3,11710,11100,0164,0000,117104169023,11101,0,00015,00012,20220813
BS0203117101110001990005000002036,1025124983,,2,3,11710,11100,0199,0005,117104169087,11101,0,00008,00000,20220813
BS0203117101110001450034000002037,1025124993,,2,3,11710,11100,0145,0034,117104169380,11101,0,00022,00000,20220813
BS0102117101110000890022000002038,10251100178594,10251600,1,2,11710,11100,0089,0022,117102000006,11102,0,01278,00000,20220813
BS0102117101110000880014000002039,10251100226693,10251248,1,2,11710,11100,0088,0014,117102123001,11102,0,00232,00000,20220813
BS0203117101110001410018000002040,10251100237357,,2,3,11710,11100,0141,0018,117104169384,11101,0,00033,00000,20220813
BS0203117101110001550013000002041,10251100454374,,2,3,11710,11100,0155,0013,117104169202,11101,0,00030,00008,20220813
BS0102117101110002090002000002042,10251100479617,,1,2,11710,11100,0209,0002,117103123004,11101,0,00021,00000,20220813
BS0102117101110002030006000002043,10251100520261,,1,2,11710,11100,0203,0006,117104169451,11101,0,00026,00000,20220813
BS0203117101110001310008000002044,10251100528162,,2,3,11710,11100,0131,0008,117104169017,11101,0,00009,00014,20220813
BS0102117101110000880002000002045,102511994,10251347,1,2,11710,11100,0088,0002,117103123023,11104,0,00424,00000,20240408
BS0203117101110000890000000002046,102512871,10251534,2,3,11710,11100,0089,0000,117102000006,11102,0,01218,00000,20220813
BS0203117101110000890000000002047,102512883,10251534,2,3,11710,11100,0089,0000,117102000006,11102,0,01218,00000,20220813
BS0203117101110000890000000002048,102512893,10251534,2,3,11710,11100,0089,0000,117102000006,11102,0,01218,00000,20220813
BS0203117101110000890000000002049,102512899,10251534,2,3,11710,11100,0089,0000,117102000006,11102,0,01218,00000,20220813
BS0203117101110001720011000002050,102512927,10251540,2,3,11710,11100,0172,0011,117104169384,11101,0,00065,00000,20220813
BS0203117101110002250000000002051,102512932,10251542,2,3,11710,11100,0225,0000,117102000006,11102,0,01089,00000,20220813
BS0203117101110001940000000002052,102513179,10251609,2,3,11710,11100,0194,0000,117104169449,11101,0,00012,00000,20220813
BS0102117101110001110010000002053,102514236,,1,2,11710,11100,0111,0010,117104169380,11101,0,00017,00000,20220813
BS0203117101110001640015000002054,102514747,,2,3,11710,11100,0164,0015,117104169023,11101,0,00015,00016,20220813
BS0203117101110001730004000002055,102515549,,2,3,11710,11100,0173,0004,117104169458,11101,0,00015,00000,20220813
BS0102117101110000380002000002056,102515999,,1,2,11710,11100,0038,0002,117104169374,11101,0,00023,00012,20220813
BS0102117101110001240012000002057,102516209,,1,2,11710,11100,0124,0012,117103123014,11104,0,00195,00000,20220813
BS0102117101110001800000000002058,102517017,,1,2,11710,11100,0180,0000,117103123006,11105,0,00498,00000,20220813
BS0102117101110000550014000002059,102518530,,1,2,11710,11100,0055,0014,117104169431,11101,0,00031,00000,20220813
BS0102117101110001100002000002060,102519650,,1,2,11710,11100,0110,0002,117103123006,11105,0,00454,00000,20220813
BS0203117101110001700002000002061,102519660,,2,3,11710,11100,0170,0002,117104169384,11101,0,00064,00000,20220813
BS0203117101110001490025000002062,1025110122,,2,3,11710,11100,0149,0025,117104169199,11101,0,00007,00001,20220813
BS0203117101110001030020000002063,1025111007,,2,3,11710,11100,0103,0020,117104169429,11101,0,00049,00022,20220813
BS0102117101110001040012000002064,1025111884,,1,2,11710,11100,0104,0012,117104169429,11101,0,00050,00019,20220813
BS0203117101110001370003000002065,1025112909,,2,3,11710,11100,0137,0003,117104169200,11101,0,00041,00005,20220813
BS0203117101110001640016000002066,1025117492,,2,3,11710,11100,0164,0016,117104169023,11101,0,00015,00010,20220813
BS0102117101110001240008000002067,1025117568,,1,2,11710,11100,0124,0008,117103123014,11104,0,00203,00000,20220813
BS0102117101110001960000000002068,1025117795,,1,2,11710,11100,0196,0000,117104169448,11101,0,00005,00006,20241015
BS0102117101110001930011000002069,1025119866,,1,2,11710,11100,0193,0011,117104169449,11101,0,00007,00024,20220813
BS0203117101110001990010000002070,1025121013,,2,3,11710,11100,0199,0010,117104169372,11101,0,00027,00018,20220813
BS0203117101110001690009000002071,1025122164,,2,3,11710,11100,0169,0009,117104169202,11101,0,00041,00005,20220813
BS0102117101110000400001000002072,1025122195,,1,2,11710,11100,0040,0001,117103123023,11104,0,00370,00000,20250801
BS0102117101110001930005000002073,1025124050,,1,2,11710,11100,0193,0005,117104169449,11101,0,00007,00028,20250604
BS0203117101110000980013000002074,1025124323,,2,3,11710,11100,0098,0013,117104169429,11101,0,00039,00011,20220813
BS0203117101110001240034000002075,1025124326,,2,3,11710,11100,0124,0034,117104169015,11101,0,00006,00000,20220813
BS0102117101110001140004000002076,1025125182,,1,2,11710,11100,0114,0004,117103123014,11104,0,00171,00000,20220813
BS0203117101110001470002000002077,1025125331,,2,3,11710,11100,0147,0002,117104169382,11101,0,00023,00000,20220813
BS0203117101110001420002000002078,10251100174877,,2,3,11710,11100,0142,0002,117104169458,11101,0,00043,00000,20220813
BS0203117101110001350018000002079,10251100187900,,2,3,11710,11100,0135,0018,117104169017,11101,0,00005,00007,20220813
BS0102117101110000890007000002080,10251100228077,10251100228074,1,2,11710,11100,0089,0007,117102000006,11102,0,01242,00000,20220813
BS0203117101110001120005000002081,10251100467742,,2,3,11710,11100,0112,0005,117104169200,11101,0,00012,00022,20220813
BS0203117101110001680015000002082,10251100520422,10251100520421,2,3,11710,11100,0168,0015,117104169202,11101,0,00041,00008,20220813
BS0203117101110001660004000002083,10251100522702,,2,3,11710,11100,0166,0004,117104169447,11101,0,00017,00000,20220813
BS0203117101110000470002000002084,10251100531722,,2,3,11710,11100,0047,0002,117104169374,11101,0,00047,00016,20220813
BS0203117101110001120018000002085,10251100532842,,2,3,11710,11100,0112,0018,117104169380,11101,0,00006,00001,20220813
BS0203117101110000430006000002086,10251100540383,,2,3,11710,11100,0043,0006,117104169374,11101,0,00041,00000,20221223
BS0203117101110001520004000002087,10251100560262,,2,3,11710,11100,0152,0004,117104169020,11101,0,00032,00001,20220813
BS0203117101110001380002000002088,1000000000000002522172,1000000000000002522149,2,3,11710,11100,0138,0002,117103123001,11103,0,00261,00000,20240708
BS0203117101110002170000000002089,102511062,10251119,2,3,11710,11100,0217,0000,117102000006,11102,0,01109,00000,20220813
BS0102117101110000700000000002090,102512769,10251526,1,2,11710,11100,0070,0000,117104169429,11101,0,00033,00000,20250317
BS0203117101110000890000000002091,102512831,10251534,2,3,11710,11100,0089,0000,117102000006,11102,0,01218,00000,20220813
BS0203117101110000890000000002092,102512846,10251534,2,3,11710,11100,0089,0000,117102000006,11102,0,01218,00000,20220813
BS0102117101110000890023000002093,102513164,10251601,1,2,11710,11100,0089,0023,117102000006,11102,0,01264,00000,20220813
BS0203117101110001160005000002094,102513646,,2,3,11710,11100,0116,0005,117104169201,11101,0,00010,00000,20220813
BS0203117101110000990008000002095,102514359,,2,3,11710,11100,0099,0008,117104169456,11101,0,00046,00001,20220813
BS0102117101110000590010000002096,102516158,,1,2,11710,11100,0059,0010,117104169374,11101,0,00024,00000,20230811
BS0102117101110001070015000002097,102516232,,1,2,11710,11100,0107,0015,117104169429,11101,0,00057,00026,20220813
BS0102117101110001230014000002098,102516938,,1,2,11710,11100,0123,0014,117104169384,11101,0,00008,00009,20250604
BS0203117101110002080019000002099,102518686,,2,3,11710,11100,0208,0019,117104169450,11101,0,00031,00000,20220813
BS0102117101110002010006000002100,1025110878,,1,2,11710,11100,0201,0006,117104169372,11101,0,00019,00014,20220813
BS0203117101110001050008000002101,1025113040,,2,3,11710,11100,0105,0008,117104169429,11101,0,00058,00006,20220813
BS0203117101110001260017000002102,1025115475,,2,3,11710,11100,0126,0017,117104169016,11101,0,00003,00000,20220813
BS0203117101110001040007000002103,1025115898,,2,3,11710,11100,0104,0007,117104169378,11101,0,00005,00006,20220813
BS0102117101110000690005000002104,1025116600,,1,2,11710,11100,0069,0005,117104169429,11101,0,00030,00000,20250425
BS0102117101110001490015000002105,1025119038,,1,2,11710,11100,0149,0015,117104169199,11101,0,00015,00000,20250604
BS0203117101110001150016000002106,1025119350,,2,3,11710,11100,0115,0016,117104169015,11101,0,00017,00001,20220813
BS0102117101110002070010000002107,1025119514,,1,2,11710,11100,0207,0010,117103123004,11101,0,00041,00000,20220813
BS0102117101110002230008000002108,1025119717,,1,2,11710,11100,0223,0008,117104169390,11101,0,00005,00000,20250210
BS0203117101110001720012000002109,1025121916,,2,3,11710,11100,0172,0012,117104169384,11101,0,00067,00000,20220813
BS0203117101110001450056000002110,1025121982,,2,3,11710,11100,0145,0056,117104169200,11101,0,00011,00009,20220813
BS0203117101110001410012000002111,1025122924,,2,3,11710,11100,0141,0012,117104169200,11101,0,00029,00018,20220813
BS0102117101110002080012000002112,1025123943,,1,2,11710,11100,0208,0012,117104169451,11101,0,00030,00006,20250604
BS0102117101110000480013000002113,1025124346,,1,2,11710,11100,0048,0013,117104169374,11101,0,00055,00021,20220813
BS0203117101110001730007000002114,1025124752,,2,3,11710,11100,0173,0007,117104169202,11101,0,00029,00019,20220813
BS0203117101110001690018000002115,1025124805,,2,3,11710,11100,0169,0018,117104169459,11101,0,00009,00000,20220813
BS0203117101110000980008000002116,1025124884,,2,3,11710,11100,0098,0008,117104169429,11101,0,00039,00019,20220813
BS0203117101110001960004000002117,10251100190665,,2,3,11710,11100,0196,0004,117104169372,11101,0,00042,00015,20220813
BS0203117101110001600015000002118,10251100190726,,2,3,11710,11100,0160,0015,117104169022,11101,0,00003,00015,20220813
BS0102117101110000710012000002119,10251100229113,,1,2,11710,11100,0071,0012,117104169429,11101,0,00036,00010,20250716
BS0203117101110001030019000002120,10251100229553,,2,3,11710,11100,0103,0019,117104169429,11101,0,00049,00024,20220813
BS0203117101110001520011000002121,10251100235657,,2,3,11710,11100,0152,0011,117104169020,11101,0,00030,00000,20220813
BS0203117101110001160010000002122,10251100471610,,2,3,11710,11100,0116,0010,117104169382,11101,0,00016,00001,20240723
BS0203117101110000490000000002123,10251100521703,10251100521702,2,3,11710,11100,0049,0000,117104169374,11101,0,00055,00022,20220813
BS0102117101110000620010000002124,10251100524362,,1,2,11710,11100,0062,0010,117104169429,11101,0,00022,00009,20250416
BS0102117101110000880014000002125,102511493,10251248,1,2,11710,11100,0088,0014,117102123001,11102,0,00232,00000,20220813
BS0203117101110000890000000002126,102512819,10251534,2,3,11710,11100,0089,0000,117102000006,11102,0,01218,00000,20220813
BS0203117101110000890000000002127,102512842,10251534,2,3,11710,11100,0089,0000,117102000006,11102,0,01218,00000,20220813
BS0102117101110001490012000002128,102513514,,1,2,11710,11100,0149,0012,117103123006,11105,0,00496,00000,20230718
BS0102117101110002270004000002129,102513701,,1,2,11710,11100,0227,0004,117103123014,11104,0,00235,00000,20230228
BS0203117101110001240041000002130,102514084,,2,3,11710,11100,0124,0041,117104169200,11101,0,00042,00019,20220813
BS0102117101110001550006000002131,102515315,,1,2,11710,11100,0155,0006,117104169458,11101,0,00027,00001,20220813
BS0102117101110001510001000002132,102517286,,1,2,11710,11100,0151,0001,117104169199,11101,0,00030,00000,20220908
BS0102117101110001220022000002133,102517318,,1,2,11710,11100,0122,0022,117104169384,11101,0,00018,00001,20220813
BS0102117101110000600002000002134,102518552,,1,2,11710,11100,0060,0002,117104169429,11101,0,00019,00014,20250501
BS0102117101110001920003000002135,102519442,,1,2,11710,11100,0192,0003,117104169450,11101,0,00004,00017,20220813
BS0203117101110001330002000002136,1025110050,,2,3,11710,11100,0133,0002,117104169022,11101,0,00004,00000,20220813
BS0203117101110000510004000002137,1025111011,,2,3,11710,11100,0051,0004,117103123006,11105,0,00497,00000,20220813
BS0203117101110000600004000002138,1025111976,,2,3,11710,11100,0060,0004,117104169429,11101,0,00021,00013,20220813
BS0102117101110000630003000002139,1025113667,,1,2,11710,11100,0063,0003,117104169429,11101,0,00022,00016,20220813
BS0203117101110001560014000002140,1025113851,,2,3,11710,11100,0156,0014,117104169384,11101,0,00055,00000,20220813
BS0102117101110001410001000002141,1025115771,,1,2,11710,11100,0141,0001,117104169200,11101,0,00029,00012,20250604
BS0203117101110001290007000002142,1025115926,,2,3,11710,11100,0129,0007,117104169016,11101,0,00005,00024,20220813
BS0102117101110002130008000002143,1025117046,,1,2,11710,11100,0213,0008,117104169390,11101,0,00042,00000,20220813
BS0102117101110000280008000002144,1025117379,,1,2,11710,11100,0028,0008,117104169374,11101,0,00011,00015,20220813
BS0203117101110000350004000002145,1025117737,,2,3,11710,11100,0035,0004,117103123023,11104,0,00354,00000,20250801
BS0102117101110001490006000002146,1025118181,,1,2,11710,11100,0149,0006,117103123006,11105,0,00482,00000,20220813
BS0203117101110001410004000002147,1025119569,,2,3,11710,11100,0141,0004,117104169018,11101,0,00013,00000,20220813
BS0102117101110001400014000002148,1025121252,,1,2,11710,11100,0140,0014,117104169459,11101,0,00044,00000,20220813
BS0102117101110000420008000002149,1025121442,,1,2,11710,11100,0042,0008,117104169431,11101,0,00009,00000,20250131
BS0203117101110001750012000002150,1025121611,,2,3,11710,11100,0175,0012,117104169202,11101,0,00019,00029,20220813
BS0203117101110001870014000002151,1025122098,,2,3,11710,11100,0187,0014,117104169372,11101,0,00016,00018,20220813
BS0102117101110000280000000002152,10251100178043,,1,2,11710,11100,0028,0000,117104169428,11101,0,00005,00000,20220813
BS0203117101110001690007000002153,10251100224961,,2,3,11710,11100,0169,0007,117104169202,11101,0,00041,00013,20220813
BS0203117101110001880004000002154,10251100225657,,2,3,11710,11100,0188,0004,117104169372,11101,0,00016,00013,20220813
BS0102117101110001960005000002155,10251100231780,,1,2,11710,11100,0196,0005,117104169372,11101,0,00042,00013,20220813
BS0203117101110000600001000002156,10251100459367,,2,3,11710,11100,0060,0001,117104169429,11101,0,00019,00010,20220813
BS0102117101110001550011000002157,10251100466182,,1,2,11710,11100,0155,0011,117104169020,11101,0,00020,00000,20220813
BS0203117101110000600003000002158,10251100471702,,2,3,11710,11100,0060,0003,117104169429,11101,0,00021,00019,20220813
BS0203117101110001740012000002159,10251100491381,,2,3,11710,11100,0174,0012,117104169202,11101,0,00019,00010,20230306
BS0203117101110002100001000002160,10251100493938,10251100494014,2,3,11710,11100,0210,0001,117103123004,11101,0,00001,00000,20220813
BS0203117101110001980013000002161,10251100499464,10251100499486,2,3,11710,11100,0198,0013,117104169372,11101,0,00033,00000,20220813
BS0203117101110001990011000002162,10251100534642,,2,3,11710,11100,0199,0011,117104169372,11101,0,00027,00014,20220813
BS0102117101110000880002000002163,102511983,10251347,1,2,11710,11100,0088,0002,117103123023,11104,0,00424,00000,20220813
BS0102117101110002050000000002164,102512271,10251422,1,2,11710,11100,0205,0000,117104169372,11101,0,00005,00000,20241011
BS0203117101110001750008000002165,102513175,10251607,2,3,11710,11100,0175,0008,117104169202,11101,0,00019,00007,20220813
BS0102117101110001120016000002166,102515007,,1,2,11710,11100,0112,0016,117104169380,11101,0,00010,00001,20220813
BS0203117101110001160002000002167,102515558,,2,3,11710,11100,0116,0002,117104169382,11101,0,00012,00000,20220813
BS0102117101110001990008000002168,102516105,,1,2,11710,11100,0199,0008,117104169450,11101,0,00030,00012,20250411
BS0102117101110000990004000002169,102517245,,1,2,11710,11100,0099,0004,117104169456,11101,0,00040,00002,20220813
BS0102117101110000640003000002170,102517518,,1,2,11710,11100,0064,0003,117104169375,11101,0,00003,00020,20250728
BS0102117101110001960019000002171,102517892,,1,2,11710,11100,0196,0019,117104169448,11101,0,00005,00000,20220813
BS0102117101110000610002000002172,102519256,,1,2,11710,11100,0061,0002,117104169429,11101,0,00021,00010,20241011
BS0102117101110001860003000002173,1025111841,,1,2,11710,11100,0186,0003,117104169372,11101,0,00004,00019,20220813
BS0203117101110001030000000002174,1025112346,,2,3,11710,11100,0103,0000,117104169456,11101,0,00035,00012,20220813
BS0102117101110001050010000002175,1025113588,,1,2,11710,11100,0105,0010,117104169378,11101,0,00014,00001,20220813
BS0203117101110001510004000002176,1025116167,,2,3,11710,11100,0151,0004,117104169199,11101,0,00022,00000,20220813
BS0203117101110001190024000002177,1025116525,,2,3,11710,11100,0119,0024,117104169201,11101,0,00003,00015,20220813
BS0203117101110000380012000002178,1025117029,,2,3,11710,11100,0038,0012,117104169374,11101,0,00023,00006,20240911
BS0102117101110001130008000002179,1025117501,,1,2,11710,11100,0113,0008,117104169200,11101,0,00012,00019,20220813
BS0203117101110001540011000002180,1025117775,,2,3,11710,11100,0154,0011,117104169458,11101,0,00024,00024,20220813
BS0102117101110001460004000002181,1025118344,,1,2,11710,11100,0146,0004,117104169458,11101,0,00050,00000,20220813
BS0102117101110000370002000002182,1025121012,,1,2,11710,11100,0037,0002,117104169374,11101,0,00023,00000,20240910
BS0102117101110001190012000002183,1025121273,,1,2,11710,11100,0119,0012,117104169201,11101,0,00003,00000,20220813
BS0102117101110000990021000002184,1025122558,,1,2,11710,11100,0099,0021,117104169429,11101,0,00041,00000,20241223
BS0102117101110002190008000002185,1025123863,,1,2,11710,11100,0219,0008,117104169390,11101,0,00015,00006,20220813
BS0102117101110002080010000002186,1025124390,,1,2,11710,11100,0208,0010,117104169451,11101,0,00030,00010,20220813
BS0203117101110000570002000002187,10251100190793,,2,3,11710,11100,0057,0002,117104169431,11101,0,00027,00007,20220813
BS0102117101110002270012000002188,10251100229273,,1,2,11710,11100,0227,0012,117103123014,11104,0,00229,00000,20240227
BS0203117101110001040006000002189,10251100235037,,2,3,11710,11100,0104,0006,117104169429,11101,0,00050,00025,20220813
BS0102117101110001880014000002190,10251100453687,,1,2,11710,11100,0188,0014,117104169372,11101,0,00020,00030,20220813
BS0203117101110001190017000002191,10251100455287,,2,3,11710,11100,0119,0017,117104169384,11101,0,00015,00001,20220813
BS0203117101110001130015000002192,10251100503656,,2,3,11710,11100,0113,0015,117104169382,11101,0,00009,00001,20220813
BS0203117101110000540010000002193,10251100505261,,2,3,11710,11100,0054,0010,117104169456,11101,0,00035,00011,20241025
BS0203117101110001020012000002194,10251100509821,,2,3,11710,11100,0102,0012,117104169456,11101,0,00043,00000,20220813
BS0203117101110001990003000002195,10251100528262,,2,3,11710,11100,0199,0003,117104169087,11101,0,00010,00000,20220813
BS0203117101110001110013000002196,10251100553422,,2,3,11710,11100,0111,0013,117104169200,11101,0,00004,00021,20220813
BS0203117101110001600001000002197,1000000000000000085025,1000000000000000085011,2,3,11710,11100,0160,0001,117103123001,11103,0,00274,00000,20250828
BS0203117101110001160006000002198,1000000000000002210867,,2,3,11710,11100,0116,0006,117104169200,11101,0,00020,00000,20250619
BS0203117101110000890000000002199,102512829,10251534,2,3,11710,11100,0089,0000,117102000006,11102,0,01218,00000,20220813
BS0102117101110001070005000002200,102514174,,1,2,11710,11100,0107,0005,117103123006,11105,0,00467,00000,20220813
BS0102117101110002180025000002201,102516583,,1,2,11710,11100,0218,0025,117104169109,11101,0,00017,00000,20221103
BS0102117101110001690014000002202,102517025,,1,2,11710,11100,0169,0014,117104169202,11101,0,00041,00023,20250604
BS0203117101110001870002000002203,102517913,,2,3,11710,11100,0187,0002,117104169451,11101,0,00008,00000,20250411
BS0203117101110001790001000002204,102518956,,2,3,11710,11100,0179,0001,117104169202,11101,0,00007,00018,20220813
BS0102117101110001480010000002205,102518983,,1,2,11710,11100,0148,0010,117104169199,11101,0,00010,00000,20250604
BS0203117101110001450065000002206,102519383,,2,3,11710,11100,0145,0065,117104169382,11101,0,00030,00002,20220813
BS0102117101110001600009000002207,102519395,,1,2,11710,11100,0160,0009,117104169023,11101,0,00006,00000,20220813
BS0102117101110002180035000002208,1025110606,,1,2,11710,11100,0218,0035,117104169390,11101,0,00022,00000,20220813
BS0102117101110000600020000002209,1025110897,,1,2,11710,11100,0060,0020,117104169429,11101,0,00021,00023,20241106
BS0102117101110002020002000002210,1025112590,,1,2,11710,11100,0202,0002,117104169372,11101,0,00019,00007,20220813
BS0203117101110001540008000002211,1025112734,,2,3,11710,11100,0154,0008,117104169458,11101,0,00024,00014,20220813
BS0102117101110001310019000002212,1025112742,,1,2,11710,11100,0131,0019,117104169017,11101,0,00015,00000,20221108
BS0102117101110001760005000002213,1025113990,,1,2,11710,11100,0176,0005,117104169202,11101,0,00015,00007,20220813
BS0203117101110001440028000002214,1025115112,,2,3,11710,11100,0144,0028,117104169458,11101,0,00044,00000,20220813
BS0102117101110000540000000002215,1025115174,,1,2,11710,11100,0054,0000,117104169456,11101,0,00035,00001,20250604
BS0102117101110001480000000002216,1025116849,,1,2,11710,11100,0148,0000,117104169199,11101,0,00014,00000,20240313
BS0203117101110001030023000002217,1025116872,,2,3,11710,11100,0103,0023,117104169429,11101,0,00049,00016,20220813
BS0203117101110001340004000002218,1025117044,,2,3,11710,11100,0134,0004,117104169017,11101,0,00009,00013,20220813
BS0102117101110001440031000002219,1025117468,,1,2,11710,11100,0144,0031,117104169199,11101,0,00014,00017,20220813
BS0102117101110001260000000002220,1025118086,,1,2,11710,11100,0126,0000,117103123001,11103,0,00244,00000,20250630
BS0203117101110001590010000002221,1025118152,,2,3,11710,11100,0159,0010,117104169202,11101,0,00042,00007,20220813
BS0203117101110001990013000002222,1025118179,,2,3,11710,11100,0199,0013,117104169372,11101,0,00027,00008,20220813
BS0102117101110001630009000002223,1025118479,,1,2,11710,11100,0163,0009,117104169448,11101,0,00034,00000,20220813
BS0203117101110001150005000002224,1025120271,,2,3,11710,11100,0115,0005,117103123014,11104,0,00181,00000,20220813
BS0203117101110001060003000002225,1025120968,,2,3,11710,11100,0106,0003,117104169429,11101,0,00057,00005,20220813
BS0102117101110001020015000002226,1025121065,,1,2,11710,11100,0102,0015,117104169456,11101,0,00049,00000,20220813
BS0203117101110001640013000002227,1025121853,,2,3,11710,11100,0164,0013,117104169023,11101,0,00015,00022,20220813
BS0102117101110001020002000002228,1025122434,,1,2,11710,11100,0102,0002,117104169429,11101,0,00049,00000,20220813
BS0102117101110001070004000002229,1025122659,10251100236297,1,2,11710,11100,0107,0004,117103123006,11105,0,00465,00000,20250908
BS0102117101110000620008000002230,1025124121,,1,2,11710,11100,0062,0008,117104169375,11101,0,00009,00000,20250624
BS0203117101110002010009000002231,1025124742,,2,3,11710,11100,0201,0009,117104169372,11101,0,00019,00004,20220813
BS0203117101110001480016000002232,1025124837,,2,3,11710,11100,0148,0016,117104169380,11101,0,00027,00001,20220813
BS0102117101110000930006000002233,1025124877,,1,2,11710,11100,0093,0006,117104169429,11101,0,00042,00000,20250226
BS0102117101110001220001000002234,1025125007,,1,2,11710,11100,0122,0001,117104169384,11101,0,00020,00000,20220813
BS0203117101110000600000000002235,10251100450354,,2,3,11710,11100,0060,0000,117104169429,11101,0,00019,00000,20250701
BS0203117101110001560016000002236,10251100454555,,2,3,11710,11100,0156,0016,117104169202,11101,0,00030,00021,20220813
BS0203117101110001610018000002237,10251100455126,,2,3,11710,11100,0161,0018,117104169447,11101,0,00030,00001,20220813
BS0203117101110001230001000002238,10251100467862,,2,3,11710,11100,0123,0001,117104169459,11101,0,00057,00001,20220813
BS0203117101110001610019000002239,10251100469094,,2,3,11710,11100,0161,0019,117104169447,11101,0,00034,00000,20220813
BS0102117101110001090009000002240,10251100480394,,1,2,11710,11100,0109,0009,117103123014,11104,0,00133,00000,20220813
BS0203117101110001750001000002241,10251100493414,,2,3,11710,11100,0175,0001,117104169202,11101,0,00015,00022,20220813
BS0203117101110001420014000002242,10251100502131,,2,3,11710,11100,0142,0014,117104169200,11101,0,00029,00021,20220813
BS0203117101110000550008000002243,10251100519681,,2,3,11710,11100,0055,0008,117104169456,11101,0,00022,00000,20220813
BS0203117101110001270023000002244,10251100522322,,2,3,11710,11100,0127,0023,117104169016,11101,0,00015,00000,20220813
BS0203117101110000500000000002245,10251100524722,,2,3,11710,11100,0050,0000,117104169203,11101,0,00007,00000,20220813
BS0203117101110001370011000002246,10251100531443,10251100531442,2,3,11710,11100,0137,0011,117104169459,11101,0,00041,00000,20220813
BS0203117101110001480017000002247,10251100538802,,2,3,11710,11100,0148,0017,117104169380,11101,0,00029,00000,20220813
BS0203117101110001520015000002248,1000000000000004149604,,2,3,11710,11100,0152,0015,117104169020,11101,0,00026,00000,20240823
BS0102117101110002230012000002249,10251827,1025141,1,2,11710,11100,0223,0012,117104169390,11101,0,00013,00000,20220813
BS0102117101110002010004000002250,102511052,,1,2,11710,11100,0201,0004,117104169451,11101,0,00028,00020,20220813
BS0203117101110001710000000002251,102511059,10251118,2,3,11710,11100,0171,0000,117102123002,11101,0,00058,00000,20250709
BS0203117101110001970000000002252,102511338,10251218,2,3,11710,11100,0197,0000,117104169448,11101,0,00025,00000,20220813
BS0203117101110000890000000002253,102512836,10251534,2,3,11710,11100,0089,0000,117102000006,11102,0,01218,00000,20220813
BS0203117101110001740016000002254,102512930,10251541,2,3,11710,11100,0174,0016,117104169458,11101,0,00010,00000,20220813
BS0203117101110001570000000002255,102513173,10251606,2,3,11710,11100,0157,0000,117104169459,11101,0,00028,00000,20250807
BS0203117101110002120008000002256,102513187,10251610,2,3,11710,11100,0212,0008,117104169390,11101,0,00028,00000,20220813
BS0203117101110001610007000002257,102514689,,2,3,11710,11100,0161,0007,117104169022,11101,0,00003,00024,20220813
BS0102117101110001850013000002258,102515956,,1,2,11710,11100,0185,0013,117104169372,11101,0,00004,00012,20241011
BS0203117101110001760000000002259,102518635,,2,3,11710,11100,0176,0000,117104169202,11101,0,00011,00028,20220813
BS0203117101110002180030000002260,102519046,,2,3,11710,11100,0218,0030,117104169390,11101,0,00016,00017,20220813
BS0102117101110000580002000002261,1025110573,,1,2,11710,11100,0058,0002,117104169431,11101,0,00030,00000,20220813
BS0102117101110002010001000002262,1025112805,,1,2,11710,11100,0201,0001,117104169450,11101,0,00023,00000,20250522
BS0102117101110002080005000002263,1025113599,,1,2,11710,11100,0208,0005,117103123004,11101,0,00033,00000,20220813
BS0203117101110001270005000002264,1025115477,,2,3,11710,11100,0127,0005,117104169387,11101,0,00025,00000,20240729
BS0102117101110001150012000002265,1025115506,,1,2,11710,11100,0115,0012,117104169015,11101,0,00021,00000,20250604
BS0102117101110001090004000002266,1025117390,,1,2,11710,11100,0109,0004,117104169378,11101,0,00005,00025,20250604
BS0102117101110001850014000002267,1025118451,,1,2,11710,11100,0185,0014,117104169372,11101,0,00004,00016,20220813
BS0102117101110001600006000002268,1025122061,,1,2,11710,11100,0160,0006,117104169022,11101,0,00003,00003,20220813
BS0102117101110002240019000002269,1025122576,,1,2,11710,11100,0224,0019,117104169109,11101,0,00007,00000,20220813
BS0102117101110001590014000002270,1025122660,,1,2,11710,11100,0159,0014,117103123001,11103,0,00275,00000,20241205
BS0203117101110001350012000002271,10251100189626,,2,3,11710,11100,0135,0012,117104169017,11101,0,00005,00003,20241219
BS0203117101110001560015000002272,10251100227153,,2,3,11710,11100,0156,0015,117104169202,11101,0,00030,00019,20220813
BS0203117101110001560005000002273,10251100229432,,2,3,11710,11100,0156,0005,117104169384,11101,0,00045,00000,20220813
BS0203117101110001290013000002274,10251100241806,,2,3,11710,11100,0129,0013,117104169017,11101,0,00010,00010,20220813
BS0203117101110001190015000002275,10251100453647,,2,3,11710,11100,0119,0015,117104169384,11101,0,00017,00001,20220813
BS0203117101110001310009000002276,10251100459101,,2,3,11710,11100,0131,0009,117104169017,11101,0,00009,00010,20220813
BS0203117101110000490006000002277,10251100553862,,2,3,11710,11100,0049,0006,117104169374,11101,0,00061,00000,20220813
BS0102117101110001040005000002278,1000000000000000137708,,1,2,11710,11100,0104,0005,117104169378,11101,0,00017,00000,20221123
BS0102117101110002230012000002279,10251826,1025141,1,2,11710,11100,0223,0012,117104169390,11101,0,00013,00000,20220813
BS0102117101110000880002000002280,102511998,10251347,1,2,11710,11100,0088,0002,117103123023,11104,0,00424,00000,20240701
BS0102117101110000880003000002281,102512770,10251527,1,2,11710,11100,0088,0003,117103123023,11104,0,00424,00000,20250912
BS0203117101110000890000000002282,102512810,10251534,2,3,11710,11100,0089,0000,117102000006,11102,0,01218,00000,20220813
BS0203117101110000890000000002283,102512845,10251534,2,3,11710,11100,0089,0000,117102000006,11102,0,01218,00000,20220813
BS0102117101110001360003000002284,102513622,10251100173815,1,2,11710,11100,0136,0003,117103123001,11103,0,00249,00000,20220813
BS0203117101110000990011000002285,102513937,,2,3,11710,11100,0099,0011,117104169429,11101,0,00039,00024,20220813
BS0203117101110001310003000002286,102514737,,2,3,11710,11100,0131,0003,117104169017,11101,0,00015,00019,20220813
BS0102117101110001930016000002287,102515576,,1,2,11710,11100,0193,0016,117104169372,11101,0,00030,00000,20220813
BS0102117101110002240017000002288,102517781,,1,2,11710,11100,0224,0017,117104169109,11101,0,00009,00001,20220813
BS0203117101110001730005000002289,102518143,,2,3,11710,11100,0173,0005,117104169202,11101,0,00029,00009,20220813
BS0102117101110001680019000002290,1025110037,,1,2,11710,11100,0168,0019,117103123001,11103,0,00287,00001,20220813
BS0102117101110002240007000002291,1025111680,,1,2,11710,11100,0224,0007,117104169109,11101,0,00001,00009,20220813
BS0203117101110001720001000002292,1025111794,,2,3,11710,11100,0172,0001,117104169202,11101,0,00029,00020,20220813
BS0203117101110001770000000002293,1025112782,,2,3,11710,11100,0177,0000,117102123002,11101,0,00042,00000,20220813
BS0102117101110000580022000002294,1025112901,,1,2,11710,11100,0058,0022,117104169431,11101,0,00016,00000,20220813
BS0102117101110000670007000002295,1025113275,,1,2,11710,11100,0067,0007,117104169375,11101,0,00008,00000,20220813
BS0102117101110001450038000002296,1025113977,,1,2,11710,11100,0145,0038,117104169200,11101,0,00011,00021,20250604
BS0203117101110001010010000002297,1025114186,,2,3,11710,11100,0101,0010,117104169429,11101,0,00050,00006,20220813
BS0102117101110001880008000002298,1025114376,,1,2,11710,11100,0188,0008,117104169372,11101,0,00020,00018,20220813
BS0203117101110001170023000002299,1025114562,,2,3,11710,11100,0117,0023,117104169201,11101,0,00007,00004,20220813
BS0203117101110001430006000002300,1025116787,,2,3,11710,11100,0143,0006,117104169020,11101,0,00015,00000,20220813
BS0102117101110001030015000002301,1025118135,,1,2,11710,11100,0103,0015,117104169429,11101,0,00053,00000,20220813
BS0203117101110001630014000002302,1025118615,,2,3,11710,11100,0163,0014,117104169022,11101,0,00015,00014,20220813
BS0203117101110001610005000002303,1025121161,,2,3,11710,11100,0161,0005,117104169022,11101,0,00009,00000,20220813
BS0102117101110001120017000002304,1025123122,,1,2,11710,11100,0112,0017,117104169380,11101,0,00008,00000,20220813
BS0102117101110001140003000002305,1025124061,,1,2,11710,11100,0114,0003,117103123014,11104,0,00173,00000,20250217
BS0203117101110001590012000002306,1025124247,,2,3,11710,11100,0159,0012,117104169202,11101,0,00042,00011,20241227
BS0203117101110000570008000002307,10251100237329,,2,3,11710,11100,0057,0008,117104169431,11101,0,00027,00019,20220813
BS0102117101110001580018000002308,10251100246428,,1,2,11710,11100,0158,0018,117104169020,11101,0,00006,00000,20240809
BS0102117101110001090008000002309,10251100468362,,1,2,11710,11100,0109,0008,117103123014,11104,0,00141,00000,20241206
BS0203117101110001930007000002310,10251100501323,,2,3,11710,11100,0193,0007,117104169449,11101,0,00007,00034,20220813
BS0203117101110001050005000002311,10251100513221,,2,3,11710,11100,0105,0005,117104169378,11101,0,00010,00000,20220813
BS0203117101110001230013000002312,10251100521242,,2,3,11710,11100,0123,0013,117104169459,11101,0,00067,00000,20220813
BS0203117101110001960006000002313,10251100530078,,2,3,11710,11100,0196,0006,117104169372,11101,0,00042,00011,20220813
BS0203117101110001060008000002314,10251100564382,,2,3,11710,11100,0106,0008,117104169378,11101,0,00030,00000,20221111
BS0203117101110000360009000002315,1000000000000001959765,,2,3,11710,11100,0036,0009,117104169374,11101,0,00021,00000,20250919
BS0203117101110000890000000002316,102512887,10251534,2,3,11710,11100,0089,0000,117102000006,11102,0,01218,00000,20220813
BS0203117101110001740016000002317,102512931,10251541,2,3,11710,11100,0174,0016,117104169458,11101,0,00012,00000,20220813
BS0203117101110001120013000002318,102513495,,2,3,11710,11100,0112,0013,117104169200,11101,0,00012,00008,20220813
BS0102117101110000600005000002319,102514011,,1,2,11710,11100,0060,0005,117104169429,11101,0,00021,00000,20250912
BS0102117101110001070003000002320,102515867,,1,2,11710,11100,0107,0003,117104169429,11101,0,00059,00000,20220813
BS0102117101110001480005000002321,102517470,,1,2,11710,11100,0148,0005,117104169380,11101,0,00023,00000,20220813
BS0203117101110001450021000002322,102517630,,2,3,11710,11100,0145,0021,117104169199,11101,0,00014,00054,20220813
BS0102117101110000600013000002323,102518021,,1,2,11710,11100,0060,0013,117104169429,11101,0,00019,00032,20220813
BS0203117101110001300013000002324,102518739,,2,3,11710,11100,0130,0013,117104169017,11101,0,00015,00018,20220813
BS0102117101110001010018000002325,102519186,,1,2,11710,11100,0101,0018,117104169429,11101,0,00050,00016,20220813
BS0203117101110001240036000002326,102519974,,2,3,11710,11100,0124,0036,117104169200,11101,0,00042,00007,20220813
BS0102117101110002240012000002327,1025111403,,1,2,11710,11100,0224,0012,117104169109,11101,0,00001,00000,20220813
BS0203117101110001420001000002328,1025111722,,2,3,11710,11100,0142,0001,117104169458,11101,0,00039,00000,20220813
BS0203117101110001240017000002329,1025111982,,2,3,11710,11100,0124,0017,117104169384,11101,0,00008,00010,20220813
BS0203117101110001760007000002330,1025114189,,2,3,11710,11100,0176,0007,117104169202,11101,0,00015,00027,20220813
BS0102117101110001440032000002331,1025115281,,1,2,11710,11100,0144,0032,117104169199,11101,0,00014,00019,20250604
BS0102117101110000370000000002332,1025115423,,1,2,11710,11100,0037,0000,,,0,00000,00000,20220813
BS0203117101110001170007000002333,1025117460,,2,3,11710,11100,0117,0007,117104169201,11101,0,00007,00020,20220813
BS0102117101110001330000000002334,1025120408,,1,2,11710,11100,0133,0000,117103123001,11103,0,00264,00000,20220813
BS0203117101110001560020000002335,1025120516,,2,3,11710,11100,0156,0020,117104169384,11101,0,00051,00000,20220813
BS0102117101110000570007000002336,1025120799,,1,2,11710,11100,0057,0007,117104169431,11101,0,00027,00021,20220813
BS0203117101110002190010000002337,1025122079,,2,3,11710,11100,0219,0010,117104169388,11101,0,00014,00000,20220813
BS0102117101110001190025000002338,1025122103,,1,2,11710,11100,0119,0025,117104169200,11101,0,00030,00000,20220813
BS0203117101110001870015000002339,1025122686,,2,3,11710,11100,0187,0015,117104169372,11101,0,00016,00022,20220813
BS0102117101110001860011000002340,1025122765,,1,2,11710,11100,0186,0011,117104169372,11101,0,00012,00000,20220813
BS0203117101110001040000000002341,1025123940,,2,3,11710,11100,0104,0000,117104169429,11101,0,00052,00000,20250225
BS0203117101110001020025000002342,10251100228973,,2,3,11710,11100,0102,0025,117104169429,11101,0,00049,00027,20220813
BS0203117101110001850016000002343,10251100229233,,2,3,11710,11100,0185,0016,117104169372,11101,0,00004,00020,20220813
BS0203117101110001550018000002344,10251100241626,,2,3,11710,11100,0155,0018,117104169202,11101,0,00030,00020,20220813
BS0203117101110001560002000002345,10251100242686,,2,3,11710,11100,0156,0002,117104169202,11101,0,00030,00017,20220813
BS0102117101110001070006000002346,10251100468421,,1,2,11710,11100,0107,0006,117103123006,11105,0,00469,00000,20220813
BS0203117101110001410005000002347,10251100482043,,2,3,11710,11100,0141,0005,117104169200,11101,0,00029,00008,20220813
BS0203117101110001720000000002348,10251100494803,10251100494843,2,3,11710,11100,0172,0000,117104169202,11101,0,00029,00028,20220813
BS0203117101110000540006000002349,10251100517431,,2,3,11710,11100,0054,0006,117104169456,11101,0,00035,00017,20220813
BS0102117101110000890023000002350,10251100540062,10251601,1,2,11710,11100,0089,0023,117102000006,11102,0,01264,00000,20220813
BS0203117101110000470007000002351,10251100567042,,2,3,11710,11100,0047,0007,117104169456,11101,0,00010,00000,20220813
BS0102117101110001670000000002352,102511439,10251232,1,2,11710,11100,0167,0000,117104169447,11101,0,00004,00000,20220813
BS0102117101110000890016000002353,102512306,10251434,1,2,11710,11100,0089,0016,117102000006,11102,0,01196,00000,20220813
BS0102117101110000700000000002354,102512768,10251526,1,2,11710,11100,0070,0000,117104169429,11101,0,00029,00000,20241217
BS0203117101110000890000000002355,102512822,10251534,2,3,11710,11100,0089,0000,117102000006,11102,0,01218,00000,20220813
BS0203117101110000890000000002356,102512875,10251534,2,3,11710,11100,0089,0000,117102000006,11102,0,01218,00000,20220813
BS0203117101110002250000000002357,102512935,10251542,2,3,11710,11100,0225,0000,117102000006,11102,0,01089,00000,20220813
BS0102117101110001080004000002358,102514590,,1,2,11710,11100,0108,0004,117103123014,11104,0,00151,00000,20220813
BS0102117101110001800005000002359,102515682,,1,2,11710,11100,0180,0005,117103123006,11105,0,00510,00000,20220813
BS0102117101110001510011000002360,102516162,,1,2,11710,11100,0151,0011,117104169199,11101,0,00028,00000,20220813
BS0102117101110000630000000002361,102516591,,1,2,11710,11100,0063,0000,117104169429,11101,0,00018,00023,20220813
BS0102117101110002230011000002362,102519284,,1,2,11710,11100,0223,0011,117104169390,11101,0,00011,00000,20220813
BS0102117101110001230012000002363,102519561,,1,2,11710,11100,0123,0012,117104169200,11101,0,00042,00008,20250604
BS0102117101110000890010000002364,1025111603,,1,2,11710,11100,0089,0010,117102000006,11102,0,01232,00000,20220813
BS0102117101110004350006000002365,1025112118,,1,2,11710,11100,0435,0006,117103000034,11103,0,00464,00000,20250225
BS0102117101110000480004000002366,1025112699,,1,2,11710,11100,0048,0004,117104169456,11101,0,00015,00000,20220813
BS0102117101110000590001000002367,1025113772,,1,2,11710,11100,0059,0001,117104169374,11101,0,00022,00000,20230420
BS0203117101110000440003000002368,1025115841,,2,3,11710,11100,0044,0003,117102123002,11101,0,00006,00000,20250801
BS0102117101110002060005000002369,1025117041,,1,2,11710,11100,0206,0005,117104169451,11101,0,00029,00000,20220813
BS0203117101110000600017000002370,1025117182,,2,3,11710,11100,0060,0017,117104169429,11101,0,00021,00011,20220813
BS0102117101110001620006000002371,1025117978,,1,2,11710,11100,0162,0006,117104169022,11101,0,00015,00021,20240402
BS0102117101110001590016000002372,1025118526,,1,2,11710,11100,0159,0016,117103123001,11103,0,00271,00000,20220813
BS0102117101110001700003000002373,1025118550,,1,2,11710,11100,0170,0003,117104169202,11101,0,00035,00000,20220813
BS0203117101110001030011000002374,1025119052,,2,3,11710,11100,0103,0011,117104169378,11101,0,00027,00000,20220813
BS0203117101110001450040000002375,1025120252,,2,3,11710,11100,0145,0040,117104169199,11101,0,00014,00014,20220813
BS0102117101110002220010000002376,1025122081,,1,2,11710,11100,0222,0010,117104169388,11101,0,00007,00000,20220813
BS0102117101110001090000000002377,1025122487,,1,2,11710,11100,0109,0000,117104169376,11101,0,00002,00000,20231207
BS0102117101110001670007000002378,1025123745,,1,2,11710,11100,0167,0007,117104169023,11101,0,00009,00000,20220813
BS0203117101110001220003000002379,1025124829,,2,3,11710,11100,0122,0003,117104169384,11101,0,00012,00000,20220813
BS0203117101110001270009000002380,10251100465195,,2,3,11710,11100,0127,0009,117104169016,11101,0,00005,00010,20220813
BS0203117101110001290014000002381,10251100494103,,2,3,11710,11100,0129,0014,117104169017,11101,0,00010,00016,20220813
BS0203117101110001410016000002382,10251100504892,,2,3,11710,11100,0141,0016,117104169384,11101,0,00035,00000,20220813
BS0203117101110001220015000002383,10251100520101,,2,3,11710,11100,0122,0015,117104169384,11101,0,00014,00000,20220813
BS0203117101110001150001000002384,10251100535762,,2,3,11710,11100,0115,0001,117104169015,11101,0,00023,00000,20220813
BS0102117101110000880000000002385,102511037,10251110,1,2,11710,11100,0088,0000,117103123023,11104,0,00424,00000,20220813
BS0203117101110001710000000002386,102511060,10251118,2,3,11710,11100,0171,0000,117102123002,11101,0,00058,00000,20230829
BS0203117101110002170000000002387,102511064,10251119,2,3,11710,11100,0217,0000,117102000006,11102,0,01109,00000,20220813
BS0203117101110000890000000002388,102512837,10251534,2,3,11710,11100,0089,0000,117102000006,11102,0,01218,00000,20220813
BS0203117101110000890000000002389,102512866,10251534,2,3,11710,11100,0089,0000,117102000006,11102,0,01218,00000,20220813
BS0203117101110000890000000002390,102512889,10251534,2,3,11710,11100,0089,0000,117102000006,11102,0,01218,00000,20220813
BS0203117101110002120008000002391,102513184,10251610,2,3,11710,11100,0212,0008,117104169390,11101,0,00028,00000,20220813
BS0102117101110001800003000002392,102513926,,1,2,11710,11100,0180,0003,117103123006,11105,0,00506,00000,20241203
BS0203117101110001560006000002393,102515235,,2,3,11710,11100,0156,0006,117104169384,11101,0,00047,00001,20220813
BS0102117101110000890007000002394,102515259,10251100228074,1,2,11710,11100,0089,0007,117102000006,11102,0,01242,00000,20220813
BS0203117101110001720007000002395,102516208,,2,3,11710,11100,0172,0007,117104169384,11101,0,00063,00000,20220813
BS0102117101110002080014000002396,102516474,,1,2,11710,11100,0208,0014,117104169451,11101,0,00028,00001,20220813
BS0203117101110001030002000002397,102517850,,2,3,11710,11100,0103,0002,117104169429,11101,0,00049,00006,20220813
BS0102117101110001750007000002398,102519305,,1,2,11710,11100,0175,0007,117104169202,11101,0,00019,00000,20220813
BS0203117101110001340017000002399,102519526,,2,3,11710,11100,0134,0017,117104169017,11101,0,00005,00020,20220813
BS0102117101110004370011000002400,102519608,,1,2,11710,11100,0437,0011,117103000034,11103,0,00424,00017,20220813
BS0203117101110001220002000002401,1025110651,,2,3,11710,11100,0122,0002,117104169384,11101,0,00016,00001,20220813
BS0102117101110001540017000002402,1025111763,,1,2,11710,11100,0154,0017,117104169457,11101,0,00023,00000,20220813
BS0203117101110001640017000002403,1025112457,,2,3,11710,11100,0164,0017,117104169023,11101,0,00015,00006,20220813
BS0102117101110002130001000002404,1025113893,,1,2,11710,11100,0213,0001,117103123004,11101,0,00024,00000,20220813
BS0102117101110002080001000002405,1025114398,,1,2,11710,11100,0208,0001,117103123004,11101,0,00025,00000,20230825
BS0203117101110001330003000002406,1025117005,,2,3,11710,11100,0133,0003,117104169022,11101,0,00008,00000,20220813
BS0102117101110001630002000002407,1025117664,,1,2,11710,11100,0163,0002,117104169022,11101,0,00015,00018,20220813
BS0102117101110002110016000002408,1025119222,,1,2,11710,11100,0211,0016,117104169387,11101,0,00050,00027,20240920
BS0102117101110001020004000002409,1025119698,,1,2,11710,11100,0102,0004,117104169429,11101,0,00049,00009,20220813
BS0203117101110001160020000002410,1025120126,,2,3,11710,11100,0116,0020,117104169201,11101,0,00008,00000,20220813
BS0102117101110002230010000002411,1025120592,,1,2,11710,11100,0223,0010,117104169390,11101,0,00009,00000,20220813
BS0203117101110001920005000002412,1025120659,,2,3,11710,11100,0192,0005,117104169449,11101,0,00003,00000,20220813
BS0203117101110001430003000002413,1025120905,,2,3,11710,11100,0143,0003,117104169020,11101,0,00017,00001,20220813
BS0203117101110001150017000002414,1025121153,,2,3,11710,11100,0115,0017,117104169015,11101,0,00015,00000,20220813
BS0203117101110002240006000002415,1025122191,,2,3,11710,11100,0224,0006,117104169109,11101,0,00001,00011,20221215
BS0102117101110001850003000002416,1025122340,,1,2,11710,11100,0185,0003,117104169372,11101,0,00002,00019,20220813
BS0203117101110001440000000002417,1025123872,,2,3,11710,11100,0144,0000,117104169020,11101,0,00037,00000,20220813
BS0203117101110001530018000002418,1025124987,,2,3,11710,11100,0153,0018,117104169458,11101,0,00030,00016,20220813
BS0102117101110000590000000002419,1025125218,,1,2,11710,11100,0059,0000,117104169429,11101,0,00015,00000,20250911
BS0102117101110001850008000002420,10251100225594,,1,2,11710,11100,0185,0008,117104169372,11101,0,00004,00000,20220813
BS0203117101110001340011000002421,10251100225773,,2,3,11710,11100,0134,0011,117104169017,11101,0,00009,00009,20220813
BS0102117101110004430015000002422,10251100232337,,1,2,11710,11100,0443,0015,117103000034,11103,0,00397,00000,20220813
BS0102117101110001090023000002423,10251100232537,,1,2,11710,11100,0109,0023,117104169378,11101,0,00005,00011,20220813
BS0203117101110000570005000002424,10251100238224,,2,3,11710,11100,0057,0005,117104169431,11101,0,00017,00014,20220813
BS0102117101110000670006000002425,10251100238626,,1,2,11710,11100,0067,0006,117104169376,11101,0,00007,00015,20240913
BS0102117101110000550015000002426,10251100238966,,1,2,11710,11100,0055,0015,117104169431,11101,0,00027,00022,20220813
BS0102117101110000880014000002427,10251100447767,10251248,1,2,11710,11100,0088,0014,117102123001,11102,0,00232,00000,20220813
BS0203117101110001440026000002428,10251100455394,,2,3,11710,11100,0144,0026,117104169020,11101,0,00023,00006,20220813
BS0203117101110001170024000002429,10251100460346,,2,3,11710,11100,0117,0024,117104169201,11101,0,00011,00000,20220813
BS0203117101110001870012000002430,10251100462340,10251100462339,2,3,11710,11100,0187,0012,117104169372,11101,0,00016,00014,20220813
BS0203117101110002260004000002431,10251100485603,,2,3,11710,11100,0226,0004,117104169386,11101,0,00026,00000,20220813
BS0203117101110001380002000002432,1000000000000002522185,1000000000000002522149,2,3,11710,11100,0138,0002,117103123001,11103,0,00261,00000,20240708
BS0203117101110002170000000002433,102511067,10251119,2,3,11710,11100,0217,0000,117102000006,11102,0,01109,00000,20220813
BS0203117101110001970000000002434,102511335,10251218,2,3,11710,11100,0197,0000,117104169448,11101,0,00025,00000,20220813
BS0203117101110000890000000002435,102512809,10251534,2,3,11710,11100,0089,0000,117102000006,11102,0,01218,00000,20220813
BS0203117101110000890000000002436,102512861,10251534,2,3,11710,11100,0089,0000,117102000006,11102,0,01218,00000,20220813
BS0203117101110000890000000002437,102512904,10251534,2,3,11710,11100,0089,0000,117102000006,11102,0,01218,00000,20220813
BS0203117101110001740016000002438,102512929,10251541,2,3,11710,11100,0174,0016,117104169458,11101,0,00008,00000,20220813
BS0203117101110001750011000002439,102513958,,2,3,11710,11100,0175,0011,117104169202,11101,0,00019,00021,20220813
BS0203117101110001660008000002440,102514760,,2,3,11710,11100,0166,0008,117104169023,11101,0,00015,00021,20220813
BS0203117101110001900005000002441,102517248,,2,3,11710,11100,0190,0005,117104169450,11101,0,00009,00000,20241010
BS0203117101110001680003000002442,102518285,,2,3,11710,11100,0168,0003,117103123001,11103,0,00287,00000,20220813
BS0203117101110001020005000002443,102518407,,2,3,11710,11100,0102,0005,117104169429,11101,0,00049,00011,20220813
BS0203117101110001240035000002444,1025111127,,2,3,11710,11100,0124,0035,117104169200,11101,0,00042,00005,20220813
BS0102117101110001640010000002445,1025111600,,1,2,11710,11100,0164,0010,117104169448,11101,0,00008,00000,20250717
BS0102117101110001790003000002446,1025112473,,1,2,11710,11100,0179,0003,117104169202,11101,0,00007,00010,20250604
BS0203117101110001690002000002447,1025115084,,2,3,11710,11100,0169,0002,117104169459,11101,0,00013,00000,20220813
BS0203117101110001620014000002448,1025115913,,2,3,11710,11100,0162,0014,117104169447,11101,0,00035,00000,20220813
BS0102117101110001910013000002449,1025116198,,1,2,11710,11100,0191,0013,117104169372,11101,0,00028,00022,20220813
BS0102117101110001350001000002450,1025116934,,1,2,11710,11100,0135,0001,117103123001,11103,0,00258,00000,20220813
BS0102117101110001400017000002451,1025117416,,1,2,11710,11100,0140,0017,117104169459,11101,0,00046,00001,20220813
BS0102117101110002220002000002452,1025117906,,1,2,11710,11100,0222,0002,117104169387,11101,0,00012,00000,20220813
BS0203117101110001820002000002453,1025118145,,2,3,11710,11100,0182,0002,117102123002,11101,0,00114,00000,20241128
BS0102117101110000340008000002454,1025119077,,1,2,11710,11100,0034,0008,117104169429,11101,0,00012,00000,20220813
BS0203117101110001030017000002455,1025119183,,2,3,11710,11100,0103,0017,117104169378,11101,0,00023,00000,20220813
BS0203117101110001740008000002456,1025119454,,2,3,11710,11100,0174,0008,117104169202,11101,0,00019,00022,20220813
BS0102117101110001420005000002457,1025121422,,1,2,11710,11100,0142,0005,117104169200,11101,0,00029,00005,20220813
BS0203117101110001130023000002458,1025122084,,2,3,11710,11100,0113,0023,117104169200,11101,0,00012,00005,20220813
BS0102117101110001400015000002459,1025122533,,1,2,11710,11100,0140,0015,117104169459,11101,0,00044,00001,20220813
BS0102117101110001110015000002460,1025122569,,1,2,11710,11100,0111,0015,117104169380,11101,0,00013,00000,20220813
BS0102117101110001350015000002461,1025122655,,1,2,11710,11100,0135,0015,117103123001,11103,0,00252,00000,20230615
BS0203117101110001760003000002462,1025122770,,2,3,11710,11100,0176,0003,117104169202,11101,0,00013,00000,20220813
BS0102117101110000620009000002463,1025122968,,1,2,11710,11100,0062,0009,117104169429,11101,0,00028,00000,20241203
BS0203117101110001450001000002464,10251100231877,,2,3,11710,11100,0145,0001,117104169380,11101,0,00030,00001,20220813
BS0203117101110001550002000002465,10251100463122,,2,3,11710,11100,0155,0002,117104169458,11101,0,00021,00000,20241122
BS0203117101110001400006000002466,10251100468431,,2,3,11710,11100,0140,0006,117104169384,11101,0,00034,00000,20221125
BS0102117101110001870003000002467,10251100475475,,1,2,11710,11100,0187,0003,117104169451,11101,0,00010,00000,20220813
BS0203117101110000510000000002468,10251100492943,,2,3,11710,11100,0051,0000,117103123006,11105,0,00505,00000,20220813
BS0102117101110000620007000002469,10251100506241,,1,2,11710,11100,0062,0007,117104169375,11101,0,00015,00000,20250901
