총괄표제부_PK,대장구분코드,시군구코드,법정동코드,번,지,건물명,대지위치,도로명대지위치,주용도코드,기타용도,세대수(세대),가구수(가구),주건축물수,부속건축물수,호수(호),총주차수,새주소도로코드,새주소법정동코드,새주소지상지하코드,새주소본번,새주소부번,연면적(㎡),대지면적(㎡),건축면적(㎡),용적률산정연면적(㎡),건폐율(%),용적률(%),사용승인일,생성일자
10251100229082,1,11710,10100,0010,0000,,서울특별시 송파구 잠실동 10번지,서울특별시 송파구 올림픽로 25 (잠실동),13000,운동시설,0,2,10,0,0,0,117103123023,10101,0,00025,00000,226310.31,449596.5,83216.5,177959.71,18.51,39.58,,20250519
10251100211493,2,11710,10100,0019,0000,잠실엘스,서울특별시 송파구 잠실동 19번지,서울특별시 송파구 올림픽로 99 (잠실동),02000,공동주택 외 2,5678,0,72,23,0,7712,117103123023,10101,0,00099,00000,969380.41,231604.7,38028.15,639213.43,16.41,275.99,20080930,20220813
10251100181274,2,11710,10100,0022,0000,리센츠,서울특별시 송파구 잠실동 22번지,서울특별시 송파구 올림픽로 135 (잠실동),02000,공동주택 외 2,5562,0,65,29,6,7876,117103123023,10101,0,00135,00000,935030.72,219217.9,33257.95,603406.17,15.17,275.25,20080731,20220813
10251100180867,1,11710,10100,0022,0001,잠신중학교,서울특별시 송파구 잠실동 22-1번지,서울특별시 송파구 잠실로 12 (잠실동),10000,교육연구시설,0,0,3,1,0,0,117103123015,10101,0,00012,00000,11962.55,16585.2,4437.53,11937.8,26.755963,71.978631,,20220813
10251416,1,11710,10100,0022,0002,잠신고등학교,서울특별시 송파구 잠실동 22-2번지,서울특별시 송파구 잠실로 24 (잠실동),10000,교육연구시설,0,0,3,5,0,68,117103123015,10101,0,00024,00000,13746.42,18219.4,4015.29,13674.42,22.03,75.05,,20250716
10251300,2,11710,10100,0027,0000,,서울특별시 송파구 잠실동 27번지,서울특별시 송파구 송파대로 567 (잠실동),02000,공동주택,3930,0,31,0,0,0,117102005011,10101,0,00567,00000,451776.28,0,0,0,0,0,,20220813
10251122,1,11710,10100,0027,0005,,서울특별시 송파구 잠실동 27-5번지,서울특별시 송파구 올림픽로 215 (잠실동),10000,교육연구및복지시설,0,0,2,6,0,0,117103123023,10101,0,00215,00000,7753.53,0,0,0,0,0,,20220813
10251440,2,11710,10100,0035,0000,트리지움,서울특별시 송파구 잠실동 35번지,서울특별시 송파구 잠실로 62 (잠실동),02000,공동주택외 3,3696,0,46,8,0,4900,117103123015,10101,0,00062,00000,624434.11,157005.7,22624.79,431370.19,14.41,274.75,20070824,20220813
10251100190598,1,11710,10100,0040,0001,롯데월드,서울특별시 송파구 잠실동 40-1번지,서울특별시 송파구 올림픽로 240 (잠실동),15000,숙박시설(판매|위락|문화및집회|운동등),0,0,8,0,0,3559,117103123023,10101,0,00240,00000,585428,128246.2,76940.47,318937.98,59.9943,248.692,19890626,20250519
10251418,2,11710,10100,0044,0000,레이크팰리스,서울특별시 송파구 잠실동 44번지,서울특별시 송파구 석촌호수로 169 (잠실동),02000,공동주택(아파트)|제1.2종근린생활시설,2678,0,35,14,0,4113,117103123009,10101,0,00169,00000,506900.68,126628.8,17841.76,346045.78,14.09,273.27,20061228,20220813
10251426,1,11710,10100,0044,0002,서울송전초등학교,서울특별시 송파구 잠실동 44-2번지,서울특별시 송파구 석촌호수로 159 (잠실동),10000,교육연구시설(초등학교),0,0,2,1,0,0,117103123009,10101,0,00159,00000,9707.88,10613,2483.12,9413.33,23.4,88.7,20070209,20220813
10251294,1,11710,10100,0047,0000,,서울특별시 송파구 잠실동 47번지,서울특별시 송파구 삼학사로 136 (잠실동),27000,관광휴게시설,0,0,31,0,0,0,117103123008,10101,0,00136,00000,21866.48,285757,0,0,0,0,,20250611
1025140,1,11710,10100,0050,0004,,서울특별시 송파구 잠실동 50-4번지,서울특별시 송파구 올림픽로4길 16 (잠실동),10000,교육연구및복지시설,0,0,6,0,0,180,117104169439,10101,0,00016,00000,39345.17,42930.6,9406.53,33932.8,21.91,79.04,,20250612
1025114,2,11710,10100,0086,0000,,서울특별시 송파구 잠실동 86번지,서울특별시 송파구 올림픽로4길 15 (잠실동),02000,공동주택,1356,0,18,18,0,0,117104169439,10101,0,00015,00000,227115.961,0,0,0,0,0,,20220813
10251123,1,11710,10100,0101,0001,우성아파트 상가,서울특별시 송파구 잠실동 101-1번지,서울특별시 송파구 올림픽로4길 40 (잠실동),03000,판매및영업시설,0,0,2,0,0,0,117104169439,10101,0,00040,00000,11674.45,0,0,0,0,0,,20220813
10251301,2,11710,10100,0101,0001,우성아파트,서울특별시 송파구 잠실동 101-1번지,서울특별시 송파구 올림픽로4길 42 (잠실동),02000,공동주택,1512,0,22,3,0,0,117104169439,10101,0,00042,00000,189017,0,0,0,0,0,,20220813
10251297,1,11710,10100,0101,0002,,서울특별시 송파구 잠실동 101-2번지,서울특별시 송파구 올림픽로4길 42 (잠실동),01000,단독주택,0,3,3,0,0,0,117104169439,10101,0,00042,00000,95.86,0,0,0,0,0,,20220813
10251302,2,11710,10100,0101,0002,,서울특별시 송파구 잠실동 101-2번지,서울특별시 송파구 올림픽로4길 42 (잠실동),02000,공동주택,330,0,4,0,0,0,117104169439,10101,0,00042,00000,38947.56,0,0,0,0,0,,20220813
10251322,1,11710,10100,0115,0000,아주초.중학교,서울특별시 송파구 잠실동 115번지,서울특별시 송파구 올림픽로4길 69 (잠실동),10000,교육연구시설,0,0,2,4,0,0,117104169439,10101,0,00069,00000,16902.29,24783.9,5040.59,16804.29,20.33,67.8,,20220813
10251237,1,11710,10100,0186,0000,은전빌딩및사이공하우스,서울특별시 송파구 잠실동 186번지,서울특별시 송파구 백제고분로7길 46 (잠실동),04000,근린생활시설,0,1,2,0,0,18,117104169204,10101,0,00046,00000,2739.27,1344.1,668.63,2059.99,49.75,153.26,19871016,20241030
10251323,1,11710,10100,0197,0007,,서울특별시 송파구 잠실동 197-7번지,서울특별시 송파구 백제고분로9길 6 (잠실동),04000,근린생활시설| 교육연구시설,0,0,2,0,0,0,117104169205,10101,0,00006,00000,2431.84,925,462.05,0,49.95,200.8,,20220813
10251324,1,11710,10100,0208,0013,,서울특별시 송파구 잠실동 208-13번지,서울특별시 송파구 석촌호수로 68 (잠실동),03000,점포| 근린생활시설| 사무실,0,0,2,0,0,0,117103123009,10101,0,00068,00000,959.05,542.5,325.17,876.57,59.93,161.58,,20220813
10251100227515,1,11710,10100,0222,0003,,서울특별시 송파구 잠실동 222-3번지,서울특별시 송파구 백제고분로 107 (잠실동),04000,제2종근린생활시설 외1,0,0,2,0,0,12,117103123006,10101,0,00107,00000,799.28,440.3,190.99,737.88,43.37,167.58,,20220813
1000000000000001415765,1,11710,10100,0222,0009,베네빌딩,서울특별시 송파구 잠실동 222-9번지,서울특별시 송파구 백제고분로 121 (잠실동),10000,교육연구시설(업무시설 및 근린생활시설),0,0,2,0,0,47,117103123006,10101,0,00121,00000,3459.99,1030.9,491.68,2552.21,47.69,247.57,,20250707
10251313,2,11710,10100,0228,0008,극동빌딩,서울특별시 송파구 잠실동 228-8번지,서울특별시 송파구 백제고분로 135 (잠실동),14000,업무시설외1,0,0,2,0,0,41,117103123006,10101,0,00135,00000,4185.74,1815.7,967.25,3303.39,53.27,181.93,,20221116
10251420,1,11710,10100,0230,0000,,서울특별시 송파구 잠실동 230번지,서울특별시 송파구 백제고분로15길 7 (잠실동),11000,,0,0,2,0,0,0,117104169168,10101,0,00007,00000,10273.92,0,0,0,0,0,,20220813
10251100520621,2,11710,10100,0241,0000,빌엘반,서울특별시 송파구 잠실동 241번지,서울특별시 송파구 백제고분로19길 27-26 (잠실동),02000,도시형생활주택,17,0,2,0,0,12,117104169171,10101,0,00027,00026,847.04,410.4,221.12,791.02,53.88,192.74,20180827,20220813
10251317,1,11710,10100,0251,0003,,서울특별시 송파구 잠실동 251-3번지,서울특별시 송파구 삼전로 71 (잠실동),03000,근린생활시설,0,0,2,0,0,0,117103123007,10101,0,00071,00000,481.26,400.1,232.52,448.5,58.11,112.1,,20220813
10251308,1,11710,10100,0252,0008,,서울특별시 송파구 잠실동 252-8번지,서울특별시 송파구 삼전로 87 (잠실동),04000,근린생활시설,0,0,2,0,0,0,117103123007,10101,0,00087,00000,308.43,429.06,203.19,0,47.3,65.28,,20220813
10251174,1,11710,10100,0294,0003,성현교회,서울특별시 송파구 잠실동 294-3번지,서울특별시 송파구 백제고분로 122 (잠실동),06000,문화및집회시설외1,0,0,2,0,0,43,117103123006,10101,0,00122,00000,5918.95,1757.3,1052.43,4457.94,59.89,253.68,,20220813
10251314,2,11710,10100,0300,0005,,서울특별시 송파구 잠실동 300-5번지,서울특별시 송파구 백제고분로12길 22 (잠실동),02000,연립주택,18,0,2,0,0,13,117104169165,10101,0,00022,00000,2305.05,0,0,0,0,0,,20231114
10251100475522,2,11710,10100,0304,0014,리센츠빌,서울특별시 송파구 잠실동 304-14번지,,02000,도시형생활주택(단지형다세대),27,0,2,0,0,18,,,0,00000,00000,1068.26,536,316.4,1068.26,59.03,199.3,20151223,20220813
10251100554742,1,11710,10100,0305,0015,,서울특별시 송파구 잠실동 305-15번지,서울특별시 송파구 도곡로 434 (잠실동),04000,근린생활시설| 차고,0,0,2,0,0,11,117103122012,10101,0,00434,00000,518.95,1284.6,329.85,518.95,25.68,40.4,,20220813
10251310,1,11710,10100,0306,0000,,서울특별시 송파구 잠실동 306번지,서울특별시 송파구 탄천동로 211 (잠실동),03000,배수펌프장| 사택,0,0,2,0,0,0,117103123027,10104,0,00211,00000,1816.01,66212.8,0,0,0,0,,20220813
1025112,2,11710,10100,0320,0000,,서울특별시 송파구 잠실동 320번지,서울특별시 송파구 백제고분로18길 30 (잠실동),02000,공동주택,606,0,0,0,0,0,117104169170,10101,0,00030,00000,64624.82,0,0,0,0,0,,20220813
10251125,2,11710,10100,0331,0000,,서울특별시 송파구 잠실동 331번지,서울특별시 송파구 백제고분로18길 7 (잠실동),02000,공동주택,338,0,4,2,0,0,117104169170,10101,0,00007,00000,34104.26,0,0,0,0,0,,20240902
10251312,1,11710,10100,0331,0004,,서울특별시 송파구 잠실동 331-4번지,서울특별시 송파구 백제고분로18길 17 (잠실동),03000,무기고| 경비실| 탄약고,0,0,4,0,0,0,117104169170,10101,0,00017,00000,4662.45,4910.5,0,0,0,0,,20220813
1000000000000005742418,1,11710,10100,0336,0009,,서울특별시 송파구 잠실동 336-9번지,,04000,근린생활시설,0,0,2,0,0,0,,,,00000,00000,668.6,0,0,0,0,0,,20250530
10251126,1,11710,10100,0000,0000,,서울특별시 송파구 잠실동 블록,,14000,제1종근린생활시설,0,0,2,0,0,0,,,0,00000,00000,116.79,0,0,0,0,0,,20220813
10251226,2,11710,10200,0007,0000,,서울특별시 송파구 신천동 7번지,서울특별시 송파구 45 (신천동),02000,공동주택,0,0,25,0,0,0,117103123012,10201,0,00045,00000,350289.35,0,0,0,0,0,,20241112
10251100525943,1,11710,10200,0007,0001,잠실중학교,서울특별시 송파구 신천동 7-1번지,서울특별시 송파구 올림픽로35길 130 (신천동),10000,,0,0,2,4,0,0,117104169554,10201,0,00130,00000,10085.49,14434.7,2956.96,10085.49,20.49,69.87,,20220813
10251306,1,11710,10200,0007,0002,서울잠동초등학교,서울특별시 송파구 신천동 7-2번지,서울특별시 송파구 27 (신천동),10000,교육연구및복지시설,0,0,3,3,0,0,117103123012,10201,0,00027,00000,7532.68,9916.9,1847.72,7532.68,18.63,75.96,,20220813
10251326,2,11710,10200,0011,0000,,서울특별시 송파구 신천동 11번지,서울특별시 송파구 올림픽로35길 104 (신천동),02000,,1422,0,13,0,0,0,117104169554,10201,0,00104,00000,169118.9795,0,0,0,0,0,,20220813
10251303,1,11710,10200,0014,0000,,서울특별시 송파구 신천동 14번지,서울특별시 송파구 오금로 1 (신천동),07000,근린생활시설| 판매시설,0,0,5,0,0,269,117103123014,10201,0,00001,00000,4234.84,9918.7,3082.48,4234.84,31.07,42.7,,20220813
10251100217358,2,11710,10200,0017,0000,파크리오,서울특별시 송파구 신천동 17번지,서울특별시 송파구 올림픽로 435 (신천동),02000,공동주택 외 2,6864,0,66,20,0,9766,117103123023,10202,0,00435,00000,1179837.66,279928.3,39910.83,793974.21,14.26,283.63,20080829,20220813
10251292,1,11710,10200,0017,0001,잠실고등학교,서울특별시 송파구 신천동 17-1번지,서울특별시 송파구 올림픽로33길 71 (신천동),10000,교육연구시설,0,0,5,0,0,54,117104169430,10201,0,00071,00000,14542.72,23124.3,4704.55,14373.72,20.34,62.16,,20240119
10251100497084,2,11710,10200,0029,0000,롯데월드타워앤드롯데월드몰,서울특별시 송파구 신천동 29번지,서울특별시 송파구 올림픽로 300 (신천동),14000,업무시설| 판매시설| 문화및집회시설| 숙박시설| 관광휴게시설| 제1종근린생활시설,0,0,5,0,243,3728,117103123023,10202,0,00300,00000,805927.36,87182.8,36471.52,499821.31,41.83,573.3,20170209,20250403
10251305,1,11710,10200,0029,0005,,서울특별시 송파구 신천동 29-5번지,서울특별시 송파구 올림픽로 326 (신천동),14000,업무시설(공공업무시설),0,0,3,0,0,163,117103123023,10202,0,00326,00000,29747.89,9833.1,3786.72,26258.41,38.51,267.04,,20220813
1000000000000004722087,1,11710,10200,0032,0000,,서울특별시 송파구 신천동 32번지,서울특별시 송파구 송파나루길 206 (신천동),04000,관광휴게시설| 제2종근린생활시설,0,0,2,0,0,0,117104857713,10202,0,00206,00000,1627.93,117109.1,893.48,1142.98,0.76,0.97,,20241128
10251180,1,11710,10300,0081,0036,,서울특별시 송파구 풍납동 81-36번지,서울특별시 송파구 바람드리13길 2 (풍납동),01000,주택| 근린생활시설,0,1,2,0,0,0,117104169143,10301,0,00002,00000,197.86,0,0,0,0,0,,20220813
10251330,1,11710,10300,0126,0025,,서울특별시 송파구 풍납동 126-25번지,서울특별시 송파구 바람드리2길 9-4 (풍납동),01000,주택,0,2,2,0,0,0,117104169157,10301,0,00009,00004,119.9,0,0,100.73,0,0,,20220813
1025193,2,11710,10300,0147,0001,,서울특별시 송파구 풍납동 147-1번지,서울특별시 송파구 풍성로25다길 12 (풍납동),02000,공동주택,60,0,3,0,0,0,117104169512,10301,0,00012,00000,4369.92,0,0,0,0,0,,20220813
10251393,2,11710,10300,0147,0004,,서울특별시 송파구 풍납동 147-4번지,서울특별시 송파구 풍성로25나길 16 (풍납동),02000,공동주택,54,0,2,4,0,0,117104169511,10301,0,00016,00000,4654.56,0,0,0,0,0,,20220813
10251334,1,11710,10300,0150,0002,,서울특별시 송파구 풍납동 150-2번지,,01000,단독주택,0,2,2,0,0,0,,,0,00000,00000,77.4,0,0,0,0,0,,20220813
10251336,1,11710,10300,0150,0013,,서울특별시 송파구 풍납동 150-13번지,서울특별시 송파구 풍성로23길 17 (풍납동),01000,단독주택|근린생활시설,0,2,2,0,0,0,117104169507,10301,0,00017,00000,186,0,0,0,0,0,,20220813
10251378,2,11710,10300,0163,0000,대아아파트,서울특별시 송파구 풍납동 163번지,서울특별시 송파구 풍성로 52 (풍납동),02000,공동주택,139,0,1,1,0,179,117103123024,10301,0,00052,00000,24535.77,5474,2457.91,15466.54,44.9,282.55,,20220813
10251100226954,1,11710,10300,0163,0005,,서울특별시 송파구 풍납동 163-5번지,서울특별시 송파구 풍성로 53 (풍납동),20000,자동차관련시설,0,0,2,0,0,0,117103123024,10301,0,00053,00000,139.21,0,143.53,139.21,0,0,,20220813
10251185,2,11710,10300,0163,0009,,서울특별시 송파구 풍납동 163-9번지,서울특별시 송파구 풍성로21길 14 (풍납동),02000,연립주택,6,0,1,0,0,0,117104169505,10301,0,00014,00000,945.98,0,0,0,0,0,,20220813
10251379,2,11710,10300,0172,0000,대동아파트,서울특별시 송파구 풍납동 172번지,서울특별시 송파구 풍성로15길 16 (풍납동),02000,공동주택(아파트),93,0,2,2,0,88,117104169501,10301,0,00016,00000,11534.32,3312.4,1168.59,8442.15,35.28,254.86,,20220813
10251186,2,11710,10300,0219,0000,미성맨션,서울특별시 송파구 풍납동 219번지,서울특별시 송파구 풍성로 14 (풍납동),02000,공동주택,275,0,5,8,0,0,117103123024,10301,0,00014,00000,39484.01,0,0,0,0,0,,20220813
10251380,2,11710,10300,0220,0002,신동아아파트,서울특별시 송파구 풍납동 220-2번지,서울특별시 송파구 풍성로6길 15 (풍납동),02000,아파트| 생활구매시설,135,0,2,1,0,0,117104169521,10301,0,00015,00000,15189.2,4548,1142.59,12155.96,25.12,267.28,19931224,20220813
10251159,2,11710,10300,0227,0004,삼안리치타운,서울특별시 송파구 풍납동 227-4번지,서울특별시 송파구 풍성로14길 22-1 (풍납동),02000,공동주택,16,0,2,0,0,0,117104169500,10301,0,00022,00001,920.53,469.86,280.43,920.53,59.68,195.92,20040226,20220813
10251100475734,2,11710,10300,0231,0041,삼성아트빌,서울특별시 송파구 풍납동 231-41번지,,02000,다세대주택(도시형생활주택-단지형),19,0,2,0,0,16,,,0,00000,00000,1018.94,511.02,284.3,1018.94,55.63,199.39,20160106,20220813
1025113,1,11710,10300,0251,0000,서울토성초등학교,서울특별시 송파구 풍납동 251번지,서울특별시 송파구 풍성로20길 44 (풍납동),10000,교육연구및복지시설,0,0,3,3,0,0,117104169504,10301,0,00044,00000,8769.68,12163,3023.65,8769.68,24.86,72.1,19831224,20220813
10251381,2,11710,10300,0260,0000,현대리버빌아파트,서울특별시 송파구 풍납동 260번지,서울특별시 송파구 토성로 37 (풍납동),02000,공동주택(아파트)| 부대복리시설| 생활편익시설,557,0,9,7,0,633,117103123019,10301,0,00037,00000,82390.43,21050.3,6140.31,58268.23,29.17,276.8,,20220813
10251382,2,11710,10300,0261,0000,현대리버빌,서울특별시 송파구 풍납동 261번지,서울특별시 송파구 풍성로24길 42 (풍납동),02000,공동주택,384,0,5,2,0,390,117104169508,10301,0,00042,00000,46653.35,10634.8,3287.85,33963.41,30.91,319.36,19991130,20220813
10251383,2,11710,10300,0271,0003,신아아파트,서울특별시 송파구 풍납동 271-3번지,서울특별시 송파구 토성로 13 (풍납동),02000,공동주택(아파트)| 근린생활시설,19,0,2,0,0,26,117103123019,10301,0,00013,00000,3536.67,1635.03,507.62,2976.45,31.04,182.04,,20220813
10251338,1,11710,10300,0292,0000,,서울특별시 송파구 풍납동 292번지,,01000,주택,0,2,2,0,0,0,,,0,00000,00000,33.05,0,0,0,0,0,,20220813
10251272,2,11710,10300,0299,0001,현대아파트,서울특별시 송파구 풍납동 299-1번지,서울특별시 송파구 한가람로 402 (풍납동),02000,공동주택,104,0,2,0,0,89,117103123020,10302,0,00402,00000,12610.47,0,0,0,0,0,,20240711
10251369,1,11710,10300,0302,0002,우신텍시,서울특별시 송파구 풍납동 302-2번지,서울특별시 송파구 한가람로 379 (풍납동),20000,자동차관련시설외1,0,0,2,0,0,10,117103123020,10302,0,00379,00000,589.18,1991,339.95,589.18,17.07,29.59,20050421,20220813
10251375,1,11710,10300,0313,0000,,서울특별시 송파구 풍납동 313번지,,01000,주택,0,5,5,0,0,0,,,0,00000,00000,102.46,0,0,0,0,0,,20220813
10251376,1,11710,10300,0387,0000,풍납 빗물 펌프장,서울특별시 송파구 풍납동 387번지,서울특별시 송파구 올림픽로41길 108 (풍납동),03000,제1종근린생활시설,0,0,3,0,0,20,117104169540,10301,0,00108,00000,4280.35,15574.9,2163.82,4280.35,13.89,27.48,,20220813
10251182,1,11710,10300,0388,0000,패밀리타운,서울특별시 송파구 풍납동 388번지,서울특별시 송파구 강동대로 13 (풍납동),09000,의료시설,0,0,4,0,0,0,117102123001,10301,0,00013,00000,15309.98,13207.1,1351.88,0,10.236,0,,20220813
10251228,1,11710,10300,0388,0001,서울아산병원,서울특별시 송파구 풍납동 388-1번지,서울특별시 송파구 올림픽로43길 88 (풍납동),09000,의료시설(종합병원),0,0,23,0,0,3623,117104169435,10301,0,00088,00000,507565.11,138845.3,45142.06,312936.22,32.51,225.38,,20250905
1025145,1,11710,10300,0388,0006,,서울특별시 송파구 풍납동 388-6번지,서울특별시 송파구 강동대로 62 (풍납동),14000,제1종근린생활시설,0,0,2,0,0,0,117102123001,10301,0,00062,00000,9643.58,0,0,0,0,0,,20220813
10251100238143,1,11710,10300,0388,0008,서울풍성초등학교,서울특별시 송파구 풍납동 388-8번지,서울특별시 송파구 강동대로2길 13 (풍납동),10000,교육연구시설,0,0,2,0,0,0,117104169028,10301,0,00013,00000,6170.26,10909.1,2114.93,6082.26,19.38,55.75,,20231227
10251377,1,11710,10300,0390,0000,풍납중학교,서울특별시 송파구 풍납동 390번지,서울특별시 송파구 올림픽로43길 20 (풍납동),10000,교육연구시설,0,0,2,5,0,48,117104169435,10301,0,00020,00000,9398.09,13842.9,3303.64,9275.49,23.87,67,,20221111
1025197,2,11710,10300,0391,0000,극동아파트,서울특별시 송파구 풍납동 391번지,서울특별시 송파구 올림픽로45길 11 (풍납동),02000,공동주택,307,0,4,3,0,171,117104169436,10301,0,00011,00000,31672.577,0,0,0,0,0,,20240216
10251100474262,2,11710,10300,0398,0001,다보빌,서울특별시 송파구 풍납동 398-1번지,,02000,도시형생활주택(단지형다세대),29,0,3,0,0,23,,,0,00000,00000,1583.55,802.1,432.24,1583.55,53.89,197.43,20151202,20220813
1025198,2,11710,10300,0401,0001,쌍용아파트,서울특별시 송파구 풍납동 401-1번지,서울특별시 송파구 올림픽로47길 9 (풍납동),02000,공동주택,417,0,4,0,0,0,117104169437,10301,0,00009,00000,54124.59,0,0,0,0,0,,20220813
10251100476322,2,11710,10300,0408,0000,티아모,서울특별시 송파구 풍납동 408번지,,02000,도시형생활주택(단지형다세대),20,0,2,0,0,16,,,0,00000,00000,1210.7,605.9,318.2,1210.7,52.52,199.82,20160215,20220813
10251395,2,11710,10300,0413,0001,,서울특별시 송파구 풍납동 413-1번지,서울특별시 송파구 올림픽로 525 (풍납동),02000,공동주택,730,0,7,5,0,410,117103123023,10303,0,00525,00000,77171.9,26928.1,4624.94,0,16.85,249.96,,20251111
1000000000000003617129,1,11710,10300,0471,0000,몽촌2 다목적 펌프장,서울특별시 송파구 풍납동 471번지,,03000,배수펌프장,0,0,3,0,0,0,,,,00000,00000,922.12,75371.2,753.6,922.12,0.9998514,0,,20240426
10251183,1,11710,10300,0474,0000,광성교회 교육관,서울특별시 송파구 풍납동 474번지,서울특별시 송파구 올림픽로 625 (풍납동),06000,교육연구및복지시설 외1,0,0,3,0,0,40,117103123023,10303,0,00625,00000,6513.24,3526,1563.68,4218,44.347135,119.62563,,20220826
10251184,1,11710,10300,0478,0000,,서울특별시 송파구 풍납동 478번지,서울특별시 송파구 바람드리길 56 (풍납동),04000,제1종근린생활시설,0,2,2,0,0,4,117104169163,10301,0,00056,00000,524.72,0,0,0,0,0,,20251022
102518,1,11710,10300,0481,0002,이삭빌딩,서울특별시 송파구 풍납동 481-2번지,서울특별시 송파구 올림픽로 603 (풍납동),04000,근린생활시설|자동차관련시설,0,0,2,0,0,4,117103123023,10303,0,00603,00000,524.69,719,195.09,427.61,27.13,59.47,19950919,20220813
10251100230002,1,11710,10300,0497,0000,,서울특별시 송파구 풍납동 497번지,서울특별시 송파구 올림픽로 575 (풍납동),03000,제1종근린생활시설,0,0,3,0,0,0,117103123023,10303,0,00575,00000,2215.97,1124,431.66,1731.77,38.4,154.07,,20220813
10251231,1,11710,10300,0501,0000,영파여자중.고등학교,서울특별시 송파구 풍납동 501번지,서울특별시 송파구 올림픽로 565 (풍납동),10000,교육연구및복지시설,0,0,8,0,0,84,117103123023,10303,0,00565,00000,21957.08,22447,5437.79,18941.73,24.23,84.38,20041012,20220813
10251162,1,11710,10300,0504,0006,,서울특별시 송파구 풍납동 504-6번지,서울특별시 송파구 올림픽로51길 5 (풍납동),04000,제2종근린생활시설외3,0,0,2,0,0,16,117104169440,10301,0,00005,00000,2544.38,2488,1113.18,2501.72,44.74,100.55,,20220813
10251102,2,11710,10300,0506,0000,동아한가람아파트,서울특별시 송파구 풍납동 506번지,서울특별시 송파구 한가람로 448 (풍납동),02000,공동주택,782,0,9,7,0,0,117103123020,10302,0,00448,00000,95381.83,0,0,0,0,0,,20220813
10251385,2,11710,10300,0508,0000,한강극동아파트,서울특별시 송파구 풍납동 508번지,서울특별시 송파구 토성로 38-6 (풍납동),02000,공동주택(아파트),944,0,11,0,0,877,117103123019,10301,0,00038,00006,105713.1,40676.7,9562.83,0,23.51,226.33,,20230315
10251386,2,11710,10300,0509,0000,씨티극동아파트,서울특별시 송파구 풍납동 509번지,서울특별시 송파구 한가람로 478 (풍납동),02000,공동주택(아파트),476,0,4,9,0,448,117103123020,10302,0,00478,00000,53700.56,15469.6,3873.27,43826.38,25.04,283.31,,20220813
10251187,2,11710,10300,0510,0000,신성노바빌아파트,서울특별시 송파구 풍납동 510번지,서울특별시 송파구 한가람로 468 (풍납동),02000,공동주택(아파트),236,0,2,2,0,253,117103123020,10302,0,00468,00000,31154.964,5656.3,1685.914,22128.03,29.81,391.21,20000930,20250207
10251339,2,11710,10300,0511,0000,송파현대힐스테이트,서울특별시 송파구 풍납동 511번지,서울특별시 송파구 풍성로26길 31 (풍납동),02000,공동주택|아파트,166,0,3,4,0,226,117104169513,10301,0,00031,00000,26573.41,8955,2521.23,20014.24,28.15,223.5,20060224,20220813
10251370,2,11710,10300,0512,0000,송파해모로아파트,서울특별시 송파구 풍납동 512번지,서울특별시 송파구 풍성로26길 47 (풍납동),02000,아파트외 1,114,0,4,4,0,156,117104169513,10301,0,00047,00000,18184.74,5697.9,1743.32,13666.02,30.6,239.84,20060629,20220813
10251100533078,2,11710,10300,0514,0000,잠실 올림픽공원 아이파크,서울특별시 송파구 풍납동 514번지,서울특별시 송파구 올림픽로43길 34 (풍납동),02000,공동주택(아파트),697,0,7,9,0,941,117104169435,10301,0,00034,00000,113285.07,22756.2,5011.29,68201.53,22.02,299.71,20191114,20220813
10251405,2,11710,10400,0010,0000,,서울특별시 송파구 송파동 10번지,서울특별시 송파구 백제고분로41길 35-23 (송파동),02000,다세대주택,18,0,2,0,0,10,117104169193,10401,0,00035,00023,1262.09,481.1,282.08,0,58.63,216.73,,20220813
10251406,2,11710,10400,0033,0000,호수 임광 아파트,서울특별시 송파구 송파동 33번지,서울특별시 송파구 송파대로48길 37 (송파동),02000,공동주택,227,0,3,0,0,0,117104169350,10401,0,00037,00000,29105.21,6207.2,2349.1,0,37.84,313.82,,20220813
10251360,1,11710,10400,0057,0006,,서울특별시 송파구 송파동 57-6번지,,03000,,0,2,2,0,0,4,,,0,00000,00000,759.61,0,0,0,0,0,,20250529
10251100517341,2,11710,10400,0058,0015,트윈레이크팰리스빌,서울특별시 송파구 송파동 58-15번지,서울특별시 송파구 백제고분로45길 40 (송파동),14000,업무시설|도시형생활주택,29,0,2,0,44,50,117104169197,10401,0,00040,00000,3695.87,801.5,428.86,3198.28,53.51,399.04,20180427,20220813
10251100526603,1,11710,10400,0059,0009,,서울특별시 송파구 송파동 59-9번지,서울특별시 송파구 오금로 142 (송파동),04000,제2종근린생활시설,0,0,2,0,0,3,117103123014,10402,0,00142,00000,490.69,752.8,238.33,490.69,31.66,65.18,,20220813
10251127,1,11710,10400,0091,0004,송파동교회,서울특별시 송파구 송파동 91-4번지,서울특별시 송파구 백제고분로42길 18-17 (송파동),06000,문화및집회시설(종교집회장)| 교육연구및복지시설| 다가구주택,0,10,2,0,0,20,117104169194,10401,0,00018,00017,2299.68,1124.6,567.59,1476.84,50.47,131.32,,20220813
10251396,1,11710,10400,0092,0002,,서울특별시 송파구 송파동 92-2번지,서울특별시 송파구 가락로21길 4-51 (송파동),01000,단독주택,9,3,3,0,0,0,117104169009,10401,0,00004,00051,368.32,0,0,0,0,0,,20220813
10251452,1,11710,10400,0094,0007,,서울특별시 송파구 송파동 94-7번지,서울특별시 송파구 가락로21길 4 (송파동),06000,문화및집회시설,0,2,3,0,0,0,117104169009,10401,0,00004,00000,743.06,0,0,0,0,0,,20220813
10251100526002,2,11710,10400,0094,0012,그린하우스,서울특별시 송파구 송파동 94-12번지,서울특별시 송파구 가락로21길 4-5 (송파동),02000,도시형생활주택(단지형다세대주택),18,0,2,0,0,14,117104169009,10401,0,00004,00005,935.09,453.2,264.38,895.37,58.34,197.57,,20220813
10251409,2,11710,10400,0094,0022,혜성빌라,서울특별시 송파구 송파동 94-22번지,서울특별시 송파구 가락로21길 4-8 (송파동),02000,공동주택(연립주택),19,0,2,0,0,17,117104169009,10401,0,00004,00008,2948.54,1283.1,507.52,2030.08,39.56,158.22,,20220813
10251397,1,11710,10400,0095,0006,,서울특별시 송파구 송파동 95-6번지,서울특별시 송파구 가락로19길 11 (송파동),04000,사무소|창고| 사무실|무기고,0,0,2,2,0,0,117104169008,10401,0,00011,00000,152.51,0,0,0,0,0,,20220813
10251398,1,11710,10400,0097,0040,,서울특별시 송파구 송파동 97-40번지,서울특별시 송파구 송파대로 366-6 (송파동),01000,다가구용단독주택,0,19,3,0,0,0,117102005011,10403,0,00366,00006,1279.35,676.4,235.08,0,34.75,102.95,,20220813
10251399,1,11710,10400,0099,0002,학교법인 서울학원,서울특별시 송파구 송파동 99-2번지,서울특별시 송파구 송파대로38길 8 (송파동),10000,교육연구시설,0,0,10,0,0,117,117104169341,10401,0,00008,00000,39444.93,35930.7,9178.49,36097.08,25.54,100.46,19761209,20250716
10251410,2,11710,10400,0100,0007,,서울특별시 송파구 송파동 100-7번지,서울특별시 송파구 송이로6길 11 (송파동),02000,다세대주택,12,0,2,0,0,0,117104169322,10401,0,00011,00000,487.26,0,0,0,0,0,,20220813
10251441,2,11710,10400,0100,0008,,서울특별시 송파구 송파동 100-8번지,서울특별시 송파구 송이로6길 9 (송파동),02000,다세대주택,12,0,2,0,0,0,117104169322,10401,0,00009,00000,576,0,0,0,0,0,,20220813
10251100505517,2,11710,10400,0104,0002,우암빌리지,서울특별시 송파구 송파동 104-2번지,,02000,도시형생활주택(단지형다세대),20,0,2,0,0,16,,,0,00000,00000,1192.86,596.5,308,1192.86,51.63,199.98,20170922,20220813
10251130,2,11710,10400,0111,0001,,서울특별시 송파구 송파동 111-1번지,서울특별시 송파구 송파대로42길 34-6 (송파동),02000,공동주택,15,0,2,0,0,0,117104169344,10401,0,00034,00006,527.12,0,0,0,0,0,,20220813
10251100560702,2,11710,10400,0117,0008,,서울특별시 송파구 송파동 117-8번지,,02000,도시형생활주택,26,0,2,0,0,17,,,0,00000,00000,1177.45,592.4,355.28,1177.45,59.97,198.76,20211222,20220813
10251100509781,2,11710,10400,0117,0041,송파아트빌라,서울특별시 송파구 송파동 117-41번지,,02000,도시형생활주택(단지형다세대주택),20,0,2,0,0,16,,,0,00000,00000,1500.91,554,272.8,1107.63,49.24,199.93,20171122,20220813
10251455,2,11710,10400,0119,0000,한양아파트,서울특별시 송파구 송파동 119번지,서울특별시 송파구 가락로 187 (송파동),02000,공동주택,576,0,6,0,0,18,117103123001,10401,0,00187,00000,75539.8761,0,0,0,0,0,,20240718
10251100503761,2,11710,10400,0136,0016,동광팰리스,서울특별시 송파구 송파동 136-16번지,,02000,도시형생활주택(단지형다세대주택),58,0,3,0,0,32,,,0,00000,00000,2581.96,952.7,525.08,1902.92,55.11,199.74,20170703,20220813
10251443,2,11710,10400,0139,0005,가동|나동,서울특별시 송파구 송파동 139-5번지,서울특별시 송파구 가락로31길 17 (송파동),02000,다세대주택,12,0,2,0,0,0,117104169014,10401,0,00017,00000,651.36,0,0,0,0,0,,20220813
10251100241779,1,11710,10400,0139,0006,성은교회,서울특별시 송파구 송파동 139-6번지,,06000,종교시설(교회|주차장|노유자시설|다가구주택),0,3,3,0,0,27,,,0,00000,00000,3431.93,3148,1439.34,2512.43,45.72,79.81,,20220813
10251444,2,11710,10400,0141,0028,,서울특별시 송파구 송파동 141-28번지,서울특별시 송파구 가락로31길 22 (송파동),02000,연립주택|다세대주택,15,0,2,0,0,0,117104169014,10401,0,00022,00000,1126.31,696.2,306.09,116.37,43.97,10.4,,20220813
10251401,1,11710,10400,0142,0008,,서울특별시 송파구 송파동 142-8번지,서울특별시 송파구 오금로 204 (송파동),04000,업무시설| 제1종 근린생활시설| 제2종 근린생활시설,0,0,2,0,0,20,117103123014,10402,0,00204,00000,2002.56,882,423,1634.76,47.96,185.35,,20220813
10251100480003,2,11710,10400,0143,0001,동광팰리스,서울특별시 송파구 송파동 143-1번지,,02000,도시형생활주택(단지형다세대)|제2종근린생활시설,29,0,2,0,1,15,,,0,00000,00000,1044.35,522.2,302.84,1044.35,57.99,199.99,20160517,20220813
10251271,2,11710,10400,0145,0000,,서울특별시 송파구 송파동 145번지,서울특별시 송파구 백제고분로46길 31-18 (송파동),02000,공동주택,15,0,2,0,0,0,117104169198,10401,0,00031,00018,650.88,0,0,0,0,0,,20220813
10251100475903,2,11710,10400,0149,0005,송파빌라,서울특별시 송파구 송파동 149-5번지,,02000,도시형생활주택(단지형다세대주택),40,0,3,0,0,32,,,0,00000,00000,1833.56,917,544.48,1833.56,59.38,199.95,20160114,20220813
10251100532762,2,11710,10400,0150,0000,뜨라네,서울특별시 송파구 송파동 150번지,서울특별시 송파구 가락로28길 3-16 (송파동),02000,도시형생활주택(다세대주택)| 제1종 근린생활시설,20,0,2,0,1,13,117104169011,10401,0,00003,00016,911.989,456.3,251.566,911.989,55.13,199.87,20200319,20220813
10251100526622,2,11710,10400,0150,0001,더헤리움,서울특별시 송파구 송파동 150-1번지,서울특별시 송파구 가락로28길 5 (송파동),02000,도시형생활주택(단지형다세대주택),29,0,4,0,3,26,117104169011,10401,0,00005,00000,2225.11,888.2,488.29,1747.01,54.98,196.69,20190416,20220813
10251100532262,2,11710,10400,0150,0005,The테라,서울특별시 송파구 송파동 150-5번지,서울특별시 송파구 가락로28길 7-11 (송파동),02000,공동주택(도시형생활주택(다세대주택)),45,0,3,0,3,37,117104169011,10401,0,00007,00011,2765.79,1000,567.69,1999.65,56.77,199.96,20200214,20220813
10251131,2,11710,10400,0151,0000,2차한양아파트,서울특별시 송파구 송파동 151번지,서울특별시 송파구 가락로 192 (송파동),02000,공동주택,744,0,10,0,0,0,117103123001,10401,0,00192,00000,87965.857,0,0,0,0,0,,20220813
10251456,2,11710,10400,0161,0000,,서울특별시 송파구 송파동 161번지,서울특별시 송파구 오금로32길 10 (송파동),02000,공동주택,378,0,6,2,0,0,117104169391,10401,0,00010,00000,57862.195,0,0,0,0,0,,20220813
10251446,2,11710,10400,0162,0000,송파삼성래미안아파트,서울특별시 송파구 송파동 162번지,서울특별시 송파구 오금로32길 14 (송파동),02000,아파트| 생활편익시설,845,0,13,5,0,1382,117104169391,10401,0,00014,00000,158011.6,37133.7,7833,107933.68,21.09,290.66,,20221216
10251457,2,11710,10400,0163,0008,,서울특별시 송파구 송파동 163-8번지,서울특별시 송파구 송이로 23-1 (송파동),02000,공동주택,13,0,2,0,0,0,117103123011,10401,0,00023,00001,658.69,0,0,0,0,0,,20220813
10251100,2,11710,10400,0163,0014,,서울특별시 송파구 송파동 163-14번지,서울특별시 송파구 오금로32길 42 (송파동),02000,공동주택,243,0,3,4,0,0,117104169391,10401,0,00042,00000,29879.23,6575.4,1749.64,0,26.61,352.36,,20220813
10251179,2,11710,10400,0164,0000,송파KCC아파트,서울특별시 송파구 송파동 164번지,서울특별시 송파구 송이로 27-1 (송파동),02000,공동주택|아파트,106,0,1,3,0,111,117103123011,10401,0,00027,00001,15563.71,3867.7,936.76,10365.07,24.22,267.99,20030909,20220813
10251458,2,11710,10400,0166,0000,가락삼익맨숀,서울특별시 송파구 송파동 166번지,서울특별시 송파구 오금로 252 (송파동),02000,공동주택,936,0,14,3,0,0,117103123014,10402,0,00252,00000,124524.318,0,0,0,0,0,,20231228
10251100229694,1,11710,10400,0168,0000,가락중학교,서울특별시 송파구 송파동 168번지,서울특별시 송파구 송이로 45 (송파동),10000,교육연구시설,0,0,3,6,0,6,117103123011,10401,0,00045,00000,12213.05,19673.2,3826.51,11762.42,19.45,59.79,,20220813
10251132,2,11710,10400,0171,0000,잠실더샵루벤,서울특별시 송파구 송파동 171번지,서울특별시 송파구 송이로12길 11 (송파동),02000,공동주택(아파트),327,0,3,4,0,398,117104169299,10401,0,00011,00000,58929.4616,10286.1,4170.73,44069.1216,40.55,428.43,,20250513
10251403,1,11710,10400,0172,0000,서울가락고등학교,서울특별시 송파구 송파동 172번지,서울특별시 송파구 송이로 42 (송파동),10000,교육연구시설,0,0,4,4,0,28,117103123011,10401,0,00042,00000,13894.8,16503.9,4501.49,13431.66,27.28,81.38,,20220813
10251155,1,11710,10400,0173,0015,,서울특별시 송파구 송파동 173-15번지,서울특별시 송파구 송이로10길 9 (송파동),06000,문화및집회시설,0,4,2,1,0,0,117104169298,10401,0,00009,00000,1232.12,650.3,386.08,1042.33,59.37,160.28,,20220813
10251447,2,11710,10400,0177,0003,가동|나동,서울특별시 송파구 송파동 177-3번지,서울특별시 송파구 송파대로36길 31-6 (송파동),02000,다세대주택,12,0,2,0,0,0,117104169339,10401,0,00031,00006,659.52,0,0,0,0,0,,20220813
10251448,2,11710,10400,0177,0009,가동|나동,서울특별시 송파구 송파동 177-9번지,서울특별시 송파구 송파대로36길 31-20 (송파동),02000,다세대주택,15,0,2,0,0,0,117104169339,10401,0,00031,00020,649.38,0,0,0,0,0,,20220813
10251129,1,11710,10400,0181,0000,,서울특별시 송파구 송파동 181번지,서울특별시 송파구 송파대로36길 34 (송파동),06000,성당(종교시설)| 사제관,0,0,2,0,0,39,117104169339,10401,0,00034,00000,6184.29,3285.5,1149.14,0,34.98,89.04,,20220813
10251449,2,11710,10400,0182,0002,,서울특별시 송파구 송파동 182-2번지,서울특별시 송파구 송파대로34가길 30 (송파동),02000,다세대주택(19세대),19,0,2,0,0,0,117104169336,10401,0,00030,00000,1310.17,511.4,294.43,0,57.57,207.1,,20220813
10251100243499,2,11710,10400,0243,0000,래미안 송파 파인탑,서울특별시 송파구 송파동 243번지,,02000,아파트,794,0,10,4,57,978,,,0,00000,00000,117966.39,28497.5,5759.21,72309.63,20.21,253.74,,20220813
1000000000000004454987,2,11710,10400,0245,0000,송파 파밀리에 더 퍼스트,서울특별시 송파구 송파동 245번지,,02000,아파트,102,0,3,13,0,105,,,,00000,00000,15072.23,4253.4,1866.8723,8604.0187,43.89,202.28,20231219,20250919
10251100459197,2,11710,10500,0021,0007,미주하이츠,서울특별시 송파구 석촌동 21-7번지,,02000,단지형다세대주택,16,0,2,0,0,16,,,0,00000,00000,1236.7,619.4,371.28,1236.7,59.94,199.66,20131219,20220813
10251467,1,11710,10500,0036,0000,,서울특별시 송파구 석촌동 36번지,,01000,단독주택,0,4,4,0,0,0,,,0,00000,00000,171.24,0,0,0,0,0,,20220813
10251468,1,11710,10500,0037,0000,,서울특별시 송파구 석촌동 37번지,,01000,단독주택,0,11,14,3,0,0,,,0,00000,00000,583.33,0,0,0,0,0,,20220813
10251270,2,11710,10500,0058,0009,,서울특별시 송파구 석촌동 58-9번지,서울특별시 송파구 백제고분로36가길 7-8 (석촌동),02000,다세대주택,10,0,2,0,0,0,117104169185,10501,0,00007,00008,454.56,0,0,0,0,0,,20220813
1000000000000004460824,2,11710,10500,0173,0001,루컴스 힐 더 테라스,서울특별시 송파구 석촌동 173-1번지,,02000,공동주택(도시형생활주택)|업무시설(오피스텔)|제1|2종근린생활시설,25,0,4,0,0,65,,,,00000,00000,7486.0048,1731.2,864.4229,4737.0899,49.93,273.63,20241018,20241212
10251354,1,11710,10500,0173,0008,,서울특별시 송파구 석촌동 173-8번지,서울특별시 송파구 백제고분로 349 (석촌동),03000,,0,0,2,0,0,0,117103123006,10503,0,00349,00000,1360.56,0,0,0,0,0,,20220813
10251459,1,11710,10500,0174,0013,한솔병원,서울특별시 송파구 석촌동 174-13번지,서울특별시 송파구 송파대로 445 (석촌동),09000,의료시설,0,0,1,0,0,27,117102005011,10504,0,00445,00000,2636.29,918.5,231.66,1560.61,25.22,169.91,,20231116
10251427,1,11710,10500,0183,0001,,서울특별시 송파구 석촌동 183-1번지,서울특별시 송파구 석촌호수로 242 (석촌동),04000,제2종근린생활시설외 1,0,0,2,0,0,0,117103123009,10503,0,00242,00000,386.59,0,0,0,0,0,,20220813
1000000000000000060385,2,11710,10500,0213,0013,리버팰리스,서울특별시 송파구 석촌동 213-13번지,서울특별시 송파구 삼학사로10길 3 (석촌동),02000,도시형생활주택(단지형다세대주택 29세대),29,0,3,0,0,21,117104169217,10501,0,00003,00000,1788.07,765.18,382,1757.27,49.92,229.65,20220818,20220819
10251471,1,11710,10500,0220,0000,,서울특별시 송파구 석촌동 220번지,,13000,운동시설,0,0,3,0,0,0,,,0,00000,00000,431.82,17011.2,431.82,431.82,2.54,2.54,,20220813
10251100472222,2,11710,10500,0221,0007,석촌빌라,서울특별시 송파구 석촌동 221-7번지,,02000,도시형생활주택(단지형다세대주택),33,0,3,0,0,27,,,0,00000,00000,1763.46,886,499.76,1763.46,56.41,199.04,20150904,20220813
10251100517481,2,11710,10500,0223,0001,,서울특별시 송파구 석촌동 223-1번지,서울특별시 송파구 가락로 12 (석촌동),02000,도시형생활주택,49,0,3,3,0,40,117103123001,10502,0,00012,00000,2615.33,962.7,564.98,1924.64,58.69,199.92,20180503,20220813
1000000000000003643254,2,11710,10500,0227,0002,한울맨션,서울특별시 송파구 석촌동 227-2번지,,02000,도시형생활주택,20,0,2,0,0,16,,,,00000,00000,1313.8,582.1,345.78,1163.12,59.4,199.82,20240501,20240502
10251100459066,2,11710,10500,0236,0005,아인스빌,서울특별시 송파구 석촌동 236-5번지,,02000,단지형 다세대주택(16세대),16,0,2,0,0,12,,,0,00000,00000,824.08,413.2,239.04,824.08,57.85,199.44,20131213,20220813
10251100232498,1,11710,10500,0239,0003,대한도시가스 콜센터,서울특별시 송파구 석촌동 239-3번지,서울특별시 송파구 가락로 39 (석촌동),,,0,0,2,0,0,17,117103123001,10502,0,00039,00000,509.52,1359.8,485.58,485.58,35.71,35.71,,20220813
10251461,1,11710,10500,0239,0006,,서울특별시 송파구 석촌동 239-6번지,서울특별시 송파구 가락로 43 (석촌동),03000,근린생활시설| 단독주택,0,1,2,0,0,0,117103123001,10502,0,00043,00000,1260.81,1178.4,459.74,0,39.01,98.68,,20220813
10251462,1,11710,10500,0239,0008,,서울특별시 송파구 석촌동 239-8번지,서울특별시 송파구 가락로 47 (석촌동),04000,근린생활시설,0,0,2,0,0,0,117103123001,10502,0,00047,00000,690.77,1151.5,505.54,0,43.9,50.28,,20220813
10251100479239,1,11710,10500,0240,0001,,서울특별시 송파구 석촌동 240-1번지,,04000,근린생활시설,0,0,2,1,0,0,,,0,00000,00000,494.72,1052.1,397.97,494.72,37.83,47.02,,20220813
10251100540022,2,11710,10500,0252,0005,서도휴빌,서울특별시 송파구 석촌동 252-5번지,서울특별시 송파구 가락로 68 (석촌동),02000,도시형생활주택(단지형다세대),36,0,3,0,0,29,117103123001,10502,0,00068,00000,1979.81,1011.4,521.04,1979.81,51.52,195.75,20201231,20220813
10251472,1,11710,10500,0256,0001,,서울특별시 송파구 석촌동 256-1번지,서울특별시 송파구 가락로11길 5-9 (석촌동),04000,제2종근린생활시설,0,0,2,0,0,0,117104169001,10501,0,00005,00009,161.19,0,0,0,0,0,,20220813
10251175,1,11710,10500,0267,0000,서울석촌초등학교,서울특별시 송파구 석촌동 267번지,서울특별시 송파구 가락로11길 26 (석촌동),10000,교육연구및복지시설,0,0,3,4,0,44,117104169001,10501,0,00026,00000,9775.24,13870.5,2936.11,9775.24,21.16,70.48,,20220813
10251224,1,11710,10500,0272,0005,그때그시절,서울특별시 송파구 석촌동 272-5번지,서울특별시 송파구 가락로 83 (석촌동),04000,제2종근린생활시설,0,0,3,0,0,2,117103123001,10502,0,00083,00000,256.58,866.3,256.58,256.58,29.62,29.62,,20220813
1025195,2,11710,10500,0285,0000,잠실한솔아파트,서울특별시 송파구 석촌동 285번지,서울특별시 송파구 백제고분로 348 (석촌동),02000,공동주택외1,393,0,8,2,0,423,117103123006,10503,0,00348,00000,53293.22,11259,2932.26,37852.19,26.04,336.19,,20220813
10251466,2,11710,10500,0297,0020,송파제일교회,서울특별시 송파구 석촌동 297-20번지,서울특별시 송파구 송파대로37길 10 (석촌동),02000,종교시설(교회),11,0,1,0,0,26,117104169340,10501,0,00010,00000,3338.82,2127.9,992.88,2249.62,46.66,105.72,,20220813
10251342,1,11710,10600,0003,0005,대한예수교장로회승복교회,서울특별시 송파구 삼전동 3-5번지,서울특별시 송파구 삼전로10길 3 (삼전동),06000,문화및집회시설|종교집회장(교회),0,0,2,0,0,16,117104169206,10601,0,00003,00000,1797.72,1012.6,484.96,1471.53,47.89,145.32,20060303,20220813
10251477,1,11710,10600,0022,0006,,서울특별시 송파구 삼전동 22-6번지,서울특별시 송파구 석촌호수로 146 (삼전동),04000,제1종근린생활시설,0,1,2,0,0,0,117103123009,10604,0,00146,00000,639.64,0,0,0,0,0,,20220813
10251479,2,11710,10600,0039,0000,,서울특별시 송파구 삼전동 39번지,서울특별시 송파구 백제고분로22길 37 (삼전동),02000,공동주택,120,0,2,1,0,0,117104169174,10601,0,00037,00000,12947.36,0,0,0,0,0,,20220813
10251480,2,11710,10600,0053,0011,,서울특별시 송파구 삼전동 53-11번지,서울특별시 송파구 삼전로2길 45 (삼전동),02000,공동주택,12,0,2,0,0,0,117104169210,10601,0,00045,00000,562.11,0,0,0,0,0,,20220813
10251137,2,11710,10600,0053,0020,,서울특별시 송파구 삼전동 53-20번지,서울특별시 송파구 백제고분로28길 36-11 (삼전동),02000,공동주택,12,0,2,0,0,0,117104169179,10601,0,00036,00011,608.16,0,0,0,0,0,,20220813
10251100455188,1,11710,10600,0062,0002,송파구의회 및 구민회관,서울특별시 송파구 삼전동 62-2번지,,,,0,0,2,0,0,86,,,0,00000,00000,9884.62,4981,0,6746.68,38.7,135.45,,20220813
10251100226914,1,11710,10600,0063,0000,서울삼전초등학교,서울특별시 송파구 삼전동 63번지,서울특별시 송파구 백제고분로28길 19 (삼전동),10000,교육연구시설,0,0,2,2,0,0,117104169179,10601,0,00019,00000,11805.39,13882.8,3017.85,11553.48,21.74,83.22,,20220813
10251100525522,2,11710,10600,0065,0002,어반하임A동|B동,서울특별시 송파구 삼전동 65-2번지,,02000,도시형생활주택,39,0,2,0,0,20,,,0,00000,00000,1281.76,642.3,348.48,1281.76,54.26,199.56,20190228,20220813
10251474,2,11710,10600,0069,0019,가동|나동,서울특별시 송파구 삼전동 69-19번지,서울특별시 송파구 백제고분로28길 35-39 (삼전동),02000,다세대주택,12,0,2,0,0,0,117104169179,10601,0,00035,00039,580.98,0,0,0,0,0,,20220813
10251475,2,11710,10600,0099,0001,,서울특별시 송파구 삼전동 99-1번지,서울특별시 송파구 백제고분로27길 11-15 (삼전동),02000,다세대주택,19,0,2,0,0,0,117104169178,10601,0,00011,00015,1305.13,542.7,323.85,0,59.67,202.56,,20220813
10251341,1,11710,10600,0131,0004,,서울특별시 송파구 삼전동 131-4번지,서울특별시 송파구 삼학사로 85 (삼전동),20000,자동차관련시설외2,0,0,2,0,0,2,117103123008,10603,0,00085,00000,321.95,402,165.65,321.95,41.21,80.09,20060214,20220813
10251100522216,2,11710,10600,0170,0002,에스에스팰리스,서울특별시 송파구 삼전동 170-2번지,,02000,도시형생활주택(단지형다세대주택),20,0,2,0,0,16,,,0,00000,00000,1317.48,679.3,354.13,1317.48,52.13,193.95,20181109,20220813
10251100190558,1,11710,10600,0171,0011,,서울특별시 송파구 삼전동 171-11번지,서울특별시 송파구 삼학사로1길 30 (삼전동),04000,제1|2종근린생활시설,0,0,2,0,0,2,117104169225,10601,0,00030,00000,232.16,348.4,116.08,232.16,33.32,66.64,,20220813
10251154,1,11710,10600,0172,0000,,서울특별시 송파구 삼전동 172번지,서울특별시 송파구 백제고분로32길 35 (삼전동),11000,교육연구및복지시설,0,0,2,0,0,0,117104169182,10601,0,00035,00000,4851.63,1500,752.94,3534.78,50.2,235.65,,20220813
10251100564322,1,11710,10600,0172,0001,배명중·고등학교,서울특별시 송파구 삼전동 172-1번지,서울특별시 송파구 삼학사로 11 (삼전동),10000,교육연구시설,0,0,15,0,0,120,117103123008,10603,0,00011,00000,24213.93,24796.3,8174.02,23289.55,32.964676,93.923488,,20220813
10251247,1,11710,10700,0007,0000,,서울특별시 송파구 가락동 7번지,서울특별시 송파구 오금로36길 8 (가락동),04000,제2종근린생활시설,0,0,2,0,0,20,117104169394,10701,0,00008,00000,0,1914.3,0,0,0,0,,20220813
10251138,1,11710,10700,0011,0001,,서울특별시 송파구 가락동 11-1번지,서울특별시 송파구 중대로23길 15 (가락동),03000,근린생활시설,0,0,2,0,0,0,117104169468,10701,0,00015,00000,2471.79,0,0,0,0,0,,20220813
10251100493854,2,11710,10700,0012,0000,이든하우스,서울특별시 송파구 가락동 12번지,,,도시형생활주택(단지형다세대),29,0,2,0,0,0,,,0,00000,00000,1012.72,506.4,287,1012.72,56.68,199.98,,20220813
10251490,2,11710,10700,0021,0006,가락2차쌍용아파트,서울특별시 송파구 가락동 21-6번지,서울특별시 송파구 송이로15길 33 (가락동),02000,공동주택(아파트),492,0,6,1,0,519,117104169301,10701,0,00033,00000,61164.76,13040.9,3234.91,46402.21,24.81,355.82,,20250618
10251491,2,11710,10700,0032,0000,현대연립,서울특별시 송파구 가락동 32번지,서울특별시 송파구 송이로17길 34 (가락동),02000,연립주택,36,0,2,2,0,0,117104169302,10701,0,00034,00000,6176.28,0,0,0,0,0,,20220813
10251221,1,11710,10700,0036,0006,,서울특별시 송파구 가락동 36-6번지,서울특별시 송파구 중대로 185 (가락동),03000,근린생활시설,0,0,2,0,0,2,117103123016,10701,0,00185,00000,242.77,332.3,177.53,232.69,53.42,70.02,,20220813
10251492,2,11710,10700,0038,0004,,서울특별시 송파구 가락동 38-4번지,서울특별시 송파구 송이로21길 32-12 (가락동),02000,다세대주택,12,0,2,0,0,0,117104169305,10701,0,00032,00012,650.76,0,0,0,0,0,,20220813
10251493,2,11710,10700,0038,0010,,서울특별시 송파구 가락동 38-10번지,서울특별시 송파구 송이로19길 25 (가락동),02000,다세대주택,12,0,2,0,0,0,117104169303,10701,0,00025,00000,642.72,0,0,0,0,0,,20220813
10251494,2,11710,10700,0039,0002,,서울특별시 송파구 가락동 39-2번지,서울특별시 송파구 송이로21길 32-15 (가락동),02000,다세대주택,12,0,2,0,0,0,117104169305,10701,0,00032,00015,658.74,0,0,0,0,0,,20220813
10251144,2,11710,10700,0039,0005,,서울특별시 송파구 가락동 39-5번지,서울특별시 송파구 송이로17길 24 (가락동),02000,다세대주택,12,0,2,0,0,0,117104169302,10701,0,00024,00000,658.74,0,0,0,0,0,,20220813
10251139,1,11710,10700,0043,0000,석촌중학교,서울특별시 송파구 가락동 43번지,서울특별시 송파구 송이로15길 13 (가락동),10000,교육연구및복지시설,0,0,2,3,0,56,117104169301,10701,0,00013,00000,11042.57,20189.4,3845.87,10764.68,19.04,53.32,,20250717
10251227,1,11710,10700,0043,0001,서울신가초등학교,서울특별시 송파구 가락동 43-1번지,서울특별시 송파구 송이로 75 (가락동),10000,교육연구시설,0,0,3,2,0,55,117103123011,10702,0,00075,00000,11063.99,16825.9,3515.83,11027.99,20.9,65.54,,20241127
10251481,1,11710,10700,0046,0015,,서울특별시 송파구 가락동 46-15번지,서울특별시 송파구 오금로36길 56 (가락동),20000,자동차관련시설,0,0,3,0,0,0,117104169394,10701,0,00056,00000,352.63,635.1,327.03,327.03,51.49,51.49,,20220813
10251244,2,11710,10700,0053,0000,가락3차 쌍용스윗닷홈,서울특별시 송파구 가락동 53번지,서울특별시 송파구 송이로21길 23 (가락동),02000,공동주택,99,0,2,0,0,99,117104169305,10701,0,00023,00000,11834.29,3123.7,879.69,9344.57,28.16,299.15,20050228,20220813
10251145,2,11710,10700,0055,0000,,서울특별시 송파구 가락동 55번지,서울특별시 송파구 송이로19길 8 (가락동),02000,공동주택,160,0,2,3,0,0,117104169303,10701,0,00008,00000,17689.84,0,0,0,0,0,,20220813
10251485,1,11710,10700,0058,0000,국립경찰병원,서울특별시 송파구 가락동 58번지,서울특별시 송파구 송이로 123 (가락동),09000,의료시설| 근린생활시설| 기숙사,0,0,3,1,0,341,117103123011,10702,0,00123,00000,37910.1,23868.4,8718.99,28984.43,36.53,121.43,,20250224
10251518,2,11710,10700,0070,0019,,서울특별시 송파구 가락동 70-19번지,서울특별시 송파구 송이로 88 (가락동),02000,공동주택,443,0,5,0,0,0,117103123011,10702,0,00088,00000,48209.86,0,0,0,0,0,,20220813
10251495,2,11710,10700,0095,0000,가락동부센트레빌,서울특별시 송파구 가락동 95번지,서울특별시 송파구 송파대로32길 33 (가락동),02000,공동주택,264,0,5,4,0,536,117104169335,10701,0,00033,00000,63270.34,13784.7,2651.32,41349.19,19.23,299.96,,20220813
10251496,2,11710,10700,0095,0001,가락금호아파트,서울특별시 송파구 가락동 95-1번지,서울특별시 송파구 송파대로32길 15 (가락동),02000,공동주택(아파트),978,0,9,0,0,0,117104169335,10701,0,00015,00000,105825.028,20624.6,4583.674,0,22.22,397.52,,20250408
10251519,2,11710,10700,0096,0001,,서울특별시 송파구 가락동 96-1번지,서울특별시 송파구 송파대로32길 8 (가락동),02000,공동주택,935,0,8,0,0,0,117104169335,10701,0,00008,00000,80924.646,0,0,0,0,0,,20240611
10251146,2,11710,10700,0102,0000,,서울특별시 송파구 가락동 102번지,서울특별시 송파구 송파대로 220 (가락동),02000,공동주택,256,0,3,2,0,0,117102005011,10705,0,00220,00000,33552.33,0,0,0,0,0,,20220813
10251100531121,1,11710,10700,0106,0000,서울평화초등학교,서울특별시 송파구 가락동 106번지,서울특별시 송파구 송파대로26길 22 (가락동),10000,교육연구시설(초등학교),0,0,2,3,0,67,117104169331,10701,0,00022,00000,6075.4,11643.3,2344.33,5986.6,20.13,51.42,,20250617
1025111,1,11710,10700,0106,0003,가원중학교,서울특별시 송파구 가락동 106-3번지,서울특별시 송파구 중대로10길 40-18 (가락동),10000,교육연구및복지시설,0,0,3,4,0,49,117104169460,10701,0,00040,00018,9921.44,11578.5,3460.16,9773.64,29.88,84.41,,20250819
10251100499563,2,11710,10700,0108,0017,성현리츠빌,서울특별시 송파구 가락동 108-17번지,,,,0,0,0,0,0,0,,,0,00000,00000,0,422.6,0,0,0,0,,20220813
10251497,2,11710,10700,0120,0004,가락우성2차아파트,서울특별시 송파구 가락동 120-4번지,서울특별시 송파구 중대로12길 35 (가락동),02000,공동주택(아파트),162,0,4,1,0,165,117104169461,10701,0,00035,00000,20701.15,3726.8,1195.531,14829.657,32.08,397.92,,20240129
10251238,1,11710,10700,0122,0006,,서울특별시 송파구 가락동 122-6번지,서울특별시 송파구 송이로 148 (가락동),10000,교육연구및복지시설외1,0,0,2,0,0,16,117103123011,10702,0,00148,00000,2305.24,1098.7,502.7,1435.45,45.75,130.65,,20220813
10251507,1,11710,10700,0133,0001,,서울특별시 송파구 가락동 133-1번지,서울특별시 송파구 송이로27길 16 (가락동),01000,단독주택,0,2,2,0,0,0,117104169309,10701,0,00016,00000,347.72,0,0,0,0,0,,20220813
10251520,2,11710,10700,0138,0000,,서울특별시 송파구 가락동 138번지,서울특별시 송파구 동남로 169 (가락동),02000,공동주택,435,0,5,0,0,0,117103000034,10701,0,00169,00000,42976.642,0,0,0,0,0,,20220813
10251487,1,11710,10700,0139,0000,송파중학교,서울특별시 송파구 가락동 139번지,서울특별시 송파구 동남로 203 (가락동),10000,교육연구시설,0,0,3,5,0,0,117103000034,10701,0,00203,00000,9921.82,16306.9,3356.46,9880.08,20.58,60.59,,20220813
10251498,2,11710,10700,0140,0000,가락쌍용아파트,서울특별시 송파구 가락동 140번지,서울특별시 송파구 동남로 193 (가락동),02000,공동주택(아파트),2065,0,18,0,0,0,117103000034,10701,0,00193,00000,248143.69,55641.4,13093.1,0,23.53,343,19970320,20220813
10251521,2,11710,10700,0142,0000,,서울특별시 송파구 가락동 142번지,서울특별시 송파구 중대로16길 15 (가락동),02000,공동주택,105,0,2,0,0,0,117104169464,10701,0,00015,00000,27016.78,0,0,0,0,0,,20220813
10251488,1,11710,10700,0147,0001,,서울특별시 송파구 가락동 147-1번지,서울특별시 송파구 중대로 178 (가락동),20000,자동차관련시설| 근린생활시설,0,0,2,0,0,0,117103123016,10701,0,00178,00000,271.28,349.7,174,271.28,49.75,77.57,,20220813
10251500,2,11710,10700,0153,0004,,서울특별시 송파구 가락동 153-4번지,서울특별시 송파구 송이로23길 52-28 (가락동),02000,연립주택,18,0,2,0,0,0,117104169306,10701,0,00052,00028,2304.41,0,0,0,0,0,,20220813
10251100560642,2,11710,10700,0155,0005,,서울특별시 송파구 가락동 155-5번지,서울특별시 송파구 중대로 182 (가락동),02000,단지형다세대주택,22,0,3,0,15,32,117103123016,10701,0,00182,00000,3531.32,759.2,373.47,1896.856,49.193,249.849,20211220,20220813
10251100556142,1,11710,10700,0156,0010,삼보 테니스코트,서울특별시 송파구 가락동 156-10번지,서울특별시 송파구 중대로20길 1 (가락동),13000,운동시설(실내테니스장),0,0,2,0,0,7,117104169466,10701,0,00001,00000,689.36,1382.7,689.36,689.36,49.8561,49.8561,20210805,20220813
10251176,1,11710,10700,0160,0003,다윤빌딩,서울특별시 송파구 가락동 160-3번지,서울특별시 송파구 오금로 332 (가락동),04000,제2종근린생활시설외2,0,0,2,0,0,8,117103123014,10703,0,00332,00000,1226.84,334.7,198.97,987.58,59.45,295.06,,20220813
10251522,2,11710,10700,0161,0001,,서울특별시 송파구 가락동 161-1번지,서울특별시 송파구 오금로38길 5-19 (가락동),02000,공동주택,90,0,2,0,0,0,117104169396,10701,0,00005,00019,10437.75,0,0,0,0,0,,20220813
10251235,1,11710,10700,0163,0000,서울가동초등학교,서울특별시 송파구 가락동 163번지,서울특별시 송파구 중대로20길 47 (가락동),10000,교육연구시설,0,0,4,3,0,56,117104169466,10701,0,00047,00000,11290.51,18047.6,3649.33,11254.51,20.22,62.36,19891123,20230612
10251100177054,2,11710,10700,0165,0000,래미안파크팰리스,서울특별시 송파구 가락동 165번지,서울특별시 송파구 동남로 225 (가락동),02000,공동주택 외 2,919,0,15,6,0,1209,117103000034,10701,0,00225,00000,149683.87,41001.3,6649.415,102408.954,16.21,249.77,20071115,20220813
10251100468002,2,11710,10700,0168,0000,보람해피빌리지,서울특별시 송파구 가락동 168번지,,02000,도시형생활주택(단지형다세대) 및 근린생활시설,47,0,5,0,2,39,,,0,00000,00000,2981.51,1491.7,840.51,2981.51,56.35,199.87,20150406,20220813
10251523,2,11710,10700,0176,0000,,서울특별시 송파구 가락동 176번지,서울특별시 송파구 오금로 432 (가락동),02000,공동주택,648,0,10,0,0,0,117103123014,10703,0,00432,00000,84351.413,0,0,0,0,0,,20220813
10251510,1,11710,10700,0179,0000,,서울특별시 송파구 가락동 179번지,,01000,단독주택,0,5,5,0,0,0,,,0,00000,00000,150.41,0,0,0,0,0,,20220813
10251193,1,11710,10700,0180,0007,서광교회,서울특별시 송파구 가락동 180-7번지,서울특별시 송파구 문정로 147 (가락동),06000,문화및집회시설,0,3,2,0,0,16,117103123005,10701,0,00147,00000,1776.98,711.4,421.89,1363.96,59.3,191.73,20031029,20220813
10251501,2,11710,10700,0183,0004,,서울특별시 송파구 가락동 183-4번지,서울특별시 송파구 문정로13길 3-16 (가락동),02000,연립주택,12,0,2,0,0,6,117104169133,10701,0,00003,00016,1467.36,846.5,367.41,1100.52,43.4,130,,20220813
10251161,1,11710,10700,0185,0001,성산교회,서울특별시 송파구 가락동 185-1번지,서울특별시 송파구 문정로13길 11-13 (가락동),06000,문화및집회시설외2,0,1,2,1,0,12,117104169133,10701,0,00011,00013,2139.18,1236.5,741.37,1297.61,59.96,104.94,,20220813
10251512,1,11710,10700,0187,0008,,서울특별시 송파구 가락동 187-8번지,서울특별시 송파구 문정로11길 18 (가락동),01000,단독주택,0,3,3,0,0,0,117104169132,10701,0,00018,00000,336.88,0,0,0,0,0,,20220813
10251149,2,11710,10700,0192,0000,,서울특별시 송파구 가락동 192번지,서울특별시 송파구 동남로18길 9 (가락동),02000,공동주택,555,0,8,0,0,0,117104169061,10701,0,00009,00000,89097.79,0,0,0,0,0,,20220813
10251100554762,2,11710,10700,0193,0010,동화포레스트,서울특별시 송파구 가락동 193-10번지,서울특별시 송파구 동남로18길 8-8 (가락동),02000,다세대주택(도시형생활주택),20,0,2,0,0,13,117104169061,10701,0,00008,00008,1113.33,529,264.28,1003.76,49.96,189.75,20210531,20220813
10251100467883,2,11710,10700,0197,0000,진성파크타운,서울특별시 송파구 가락동 197번지,,02000,도시형생활주택(단지형다세대주택-48세대),48,0,4,0,0,39,,,0,00000,00000,2446.32,1224.9,731.4,2446.32,59.71,199.72,20150331,20241211
10251503,2,11710,10700,0197,0013,씨티빌,서울특별시 송파구 가락동 197-13번지,서울특별시 송파구 동남로14길 17-33 (가락동),02000,다세대주택,8,0,2,0,0,10,117104169058,10701,0,00017,00033,1320.09,434.9,240.39,1003.52,55.27,230.75,,20220813
10251100538156,2,11710,10700,0198,0005,서도휴빌,서울특별시 송파구 가락동 198-5번지,서울특별시 송파구 동남로14길 17-26 (가락동),02000,도시형생활주택,59,0,5,0,0,42,117104169058,10701,0,00017,00026,3054.14,1507.7,806.7,3015.18,53.51,199.99,20201105,20220813
10251150,2,11710,10700,0199,0000,,서울특별시 송파구 가락동 199번지,서울특별시 송파구 동남로18길 44 (가락동),02000,공동주택,727,0,13,0,0,0,117104169061,10701,0,00044,00000,110066.316,0,0,0,0,0,,20220813
10251352,1,11710,10700,0277,0013,,서울특별시 송파구 가락동 277-13번지,,Z8000,,0,0,0,0,0,0,,,0,00000,00000,869.61,0,0,0,0,0,,20220813
10251143,1,11710,10700,0420,0000,,서울특별시 송파구 가락동 420번지,,01000,단독주택,0,2,2,0,0,0,,,0,00000,00000,79.01,0,0,0,0,0,,20220813
1025115,1,11710,10700,0457,0000,,서울특별시 송파구 가락동 457번지,,01000,단독주택,0,4,4,0,0,0,,,0,00000,00000,227.77,0,0,0,0,0,,20220813
10251100526762,1,11710,10700,0477,0000,서울가락초등학교,서울특별시 송파구 가락동 477번지,,10000,교육연구시설,0,0,2,3,0,73,,,0,00000,00000,13890.79,12892.8,3634.56,13576.72,28.19,105.3,,20220813
10251236,2,11710,10700,0478,0000,송파 동부센트레빌,서울특별시 송파구 가락동 478번지,서울특별시 송파구 송파대로37길 29 (가락동),02000,공동주택,206,0,5,2,0,245,117104169340,10702,0,00029,00000,29357.61,8730.8,1977.42,22155.67,22.65,253.76,20041215,20220813
10251100240066,1,11710,10700,0600,0000,,서울특별시 송파구 가락동 600번지,서울특별시 송파구 양재대로 932 (가락동),07000,판매및영업시설,0,0,15,0,0,0,117102000006,10701,,00932,00000,488482.24,531830,0,0,0,0,,20250605
10251100548706,2,11710,10700,0913,0000,헬리오시티,서울특별시 송파구 가락동 913번지,서울특별시 송파구 송파대로 345 (가락동),02000,공동주택(아파트),9510,0,93,75,617,12602,117102005011,10705,0,00345,00000,1563379.68,346570.4,67270.07,991121.07,19.41,285.98,20181228,20220813
10251100524247,1,11710,10700,0915,0000,가락1동 주민센터 및 구립어린이집,서울특별시 송파구 가락동 915번지,,14000,공공업무시설,0,0,2,0,6,19,,,0,00000,00000,2755.25,2830.1,1073.06,2312.52,37.916,81.7116,20181214,20220813
10251229,2,11710,10800,0001,0000,문정래미안아파트,서울특별시 송파구 문정동 1번지,서울특별시 송파구 문정로 83 (문정동),02000,공동주택,1696,0,33,6,0,3258,117103123005,10802,0,00083,00000,381065.09,89496.7,19107.51,262142.72,21.35,292.91,20040930,20230328
10251411,1,11710,10800,0002,0001,문정중학교,서울특별시 송파구 문정동 2-1번지,,10000,교육연구시설,0,0,2,4,0,0,,,0,00000,00000,9320.31,18317.8,2878.64,9284.31,15.7149,50.6846,,20220813
1000000000000001881527,1,11710,10800,0002,0005,송파구 지체장애인 쉼터,서울특별시 송파구 문정동 2-5번지,서울특별시 송파구 문정로 170 (문정동),04000,근린생활시설,0,0,2,1,0,3,117103123005,10802,0,00170,00000,327.93,26416.7,327.93,327.93,1.24,1.24,20230601,20230602
10251579,2,11710,10800,0003,0000,,서울특별시 송파구 문정동 3번지,서울특별시 송파구 동남로 160 (문정동),02000,공동주택,514,0,10,1,0,0,117103000034,10802,0,00160,00000,69744.2512,0,0,0,0,0,,20220813
10251100503961,2,11710,10800,0008,0002,,서울특별시 송파구 문정동 8-2번지,,02000,도시형생활주택(단지형 다세대),15,0,2,0,0,12,,,0,00000,00000,910.38,474.3,278.75,910.38,58.77,191.94,20170706,20220813
10251100566642,2,11710,10800,0008,0003,예원빌,서울특별시 송파구 문정동 8-3번지,,02000,(도시형생활주택-단지형다세대주택),26,0,3,0,0,21,,,0,00000,00000,1551.35,751.9,413.48,1499.33,54.99,199.41,20220628,20220813
10251581,2,11710,10800,0008,0006,,서울특별시 송파구 문정동 8-6번지,서울특별시 송파구 동남로8길 21 (문정동),02000,공동주택,9,0,2,0,0,0,117104169075,10801,0,00021,00000,497.82,0,0,0,0,0,,20220813
10251100500043,2,11710,10800,0008,0010,베루스 송파,서울특별시 송파구 문정동 8-10번지,,02000,도시형생활주택(단지형 다세대),29,0,2,0,0,21,,,0,00000,00000,1319.47,730,371.42,1319.47,50.8795,180.7493,20170426,20220813
10251412,1,11710,10800,0012,0001,문정중학교,서울특별시 송파구 문정동 12-1번지,서울특별시 송파구 문정로 73 (문정동),10000,교육연구시설,0,0,3,4,0,0,117103123005,10802,0,00073,00000,11232.47,18317.8,3698.64,11196.47,20.19,61.12,19900516,20240910
10251570,2,11710,10800,0013,0006,,서울특별시 송파구 문정동 13-6번지,서울특별시 송파구 송이로32길 27-1 (문정동),02000,공동주택,8,0,1,0,0,6,117104169314,10801,0,00027,00001,570.3,256.6,153.72,570.3,59.91,222.25,,20220813
10251571,2,11710,10800,0014,0002,,서울특별시 송파구 문정동 14-2번지,서울특별시 송파구 문정로5길 13-8 (문정동),02000,연립주택,18,0,2,0,0,8,117104169140,10801,0,00013,00008,1976.88,1025.7,512.28,1735.47,49.94,145.66,,20220813
10251368,2,11710,10800,0018,0000,문정푸르지오아파트,서울특별시 송파구 문정동 18번지,서울특별시 송파구 문정로 55 (문정동),02000,공동주택(아파트),233,0,5,1,0,242,117103123005,10802,0,00055,00000,30322.67,7062.7,1804.51,21790.61,25.55,308.53,19991020,20220813
10251572,2,11710,10800,0019,0000,문정푸르지오아파트,서울특별시 송파구 문정동 19번지,서울특별시 송파구 송이로32길 37 (문정동),02000,공동주택(아파트),165,0,2,2,0,196,117104169314,10801,0,00037,00000,24261.67,4849.7,1764.58,16733.93,36.39,345.05,,20250109
10251100518111,2,11710,10800,0021,0003,엠카운티,서울특별시 송파구 문정동 21-3번지,서울특별시 송파구 동남로8길 30-9 (문정동),02000,도시형생활주택,28,0,3,0,2,20,117104169075,10801,0,00030,00009,1637.32,834,469.24,1637.32,56.26,196.32,20180604,20220813
10251100524578,2,11710,10800,0022,0008,문정헤리츠,서울특별시 송파구 문정동 22-8번지,서울특별시 송파구 동남로8길 26-7 (문정동),02000,도시형생활주택(단지형다세대주택),23,0,2,0,0,17,117104169075,10801,0,00026,00007,1087.49,544.1,326.32,1087.49,59.97,199.87,20190121,20220813
10251100493483,2,11710,10800,0025,0003,다원펠리스,서울특별시 송파구 문정동 25-3번지,,02000,도시형생활주택(단지형다세대),29,0,3,0,0,21,,,0,00000,00000,1601.87,801.9,419.8,1601.87,52.35,199.76,20161128,20220813
10251100504821,2,11710,10800,0034,0001,모던펠리스,서울특별시 송파구 문정동 34-1번지,,02000,도시형생활주택(단지형 다세대),20,0,2,0,0,13,,,0,00000,00000,991.92,496.3,291.4,991.92,58.71,199.86,20170818,20220813
10251100562856,2,11710,10800,0036,0005,,서울특별시 송파구 문정동 36-5번지,서울특별시 송파구 동남로8길 30-46 (문정동),02000,단지형다세대주택,23,0,2,0,0,16,117104169075,10801,0,00030,00046,1487.96,586.3,324.91,1166.78,55.42,199.01,20220207,20220813
10251575,1,11710,10800,0046,0010,,서울특별시 송파구 문정동 46-10번지,,03000,제1종근린생활시설,0,0,0,0,0,0,,,0,00000,00000,92.4,0,0,0,0,0,,20220813
10251582,2,11710,10800,0058,0000,,서울특별시 송파구 문정동 58번지,서울특별시 송파구 송파대로16길 12 (문정동),02000,공동주택,108,0,2,0,0,0,117104169326,10801,0,00012,00000,12584.5,0,0,0,0,0,,20220813
10251100499026,2,11710,10800,0064,0004,벤틀리 하우스,서울특별시 송파구 문정동 64-4번지,,02000,도시형생활주택(단지형 다세대),43,0,3,0,0,28,,,0,00000,00000,1830.99,915.6,536.62,1830.99,58.61,199.98,20170324,20220813
10251100513301,2,11710,10800,0064,0015,제이제이파크,서울특별시 송파구 문정동 64-15번지,,02000,도시형생활주택(단지형 다세대),35,0,3,0,0,24,,,0,00000,00000,1655.85,828,475.74,1655.85,57.46,199.98,20180110,20220813
10251214,2,11710,10800,0072,0003,건영아파트,서울특별시 송파구 문정동 72-3번지,서울특별시 송파구 새말로8길 12 (문정동),02000,공동주택,545,0,6,0,0,0,117104169242,10801,0,00012,00000,58199.76,0,0,0,0,0,,20220813
10251358,1,11710,10800,0073,0000,,서울특별시 송파구 문정동 73번지,서울특별시 송파구 새말로8길 18 (문정동),01000,,0,5,2,0,0,0,117104169242,10801,0,00018,00000,434.53,0,0,0,0,0,,20220813
10251213,1,11710,10800,0080,0005,,서울특별시 송파구 문정동 80-5번지,서울특별시 송파구 새말로8길 29-49 (문정동),03000,제1종근린생활시설,0,2,2,0,0,0,117104169242,10801,0,00029,00049,253.52,0,0,0,0,0,,20220813
10251215,2,11710,10800,0080,0005,,서울특별시 송파구 문정동 80-5번지,,Z3000,근린생활시설| 주택,2,0,4,1,0,0,,,0,00000,00000,259.46,547.1,241.46,241.46,44.13,44.13,,20220813
10251177,1,11710,10800,0082,0006,,서울특별시 송파구 문정동 82-6번지,서울특별시 송파구 새말로 132 (문정동),04000,근린생활시설외1,0,0,2,0,0,0,117103123021,10801,0,00132,00000,560.64,809.2,323.52,529.44,39.98,65.43,19921008,20220813
10251100237937,1,11710,10800,0090,0003,서울문덕초등학교,서울특별시 송파구 문정동 90-3번지,서울특별시 송파구 송이로34길 60 (문정동),10000,교육연구시설,0,0,2,1,0,0,117104169316,10801,0,00060,00000,8485.46,8075.2,2337.96,8384.96,28.95,103.84,,20220813
10251436,1,11710,10800,0096,0015,부일빌딩,서울특별시 송파구 문정동 96-15번지,서울특별시 송파구 새말로 133 (문정동),04000,근린생활시설|주택|기계식주차,0,2,2,0,0,14,117103123021,10801,0,00133,00000,1805.34,439.2,250.48,1307.14,57.03,297.62,,20220813
10251100552722,2,11710,10800,0109,0007,그랑밸리,서울특별시 송파구 문정동 109-7번지,,02000,도시형생활주택,40,0,4,0,1,32,,,0,00000,00000,2271.51,1121.3,599.01,2242.04,53.42,199.95,20210329,20220813
10251100460746,2,11710,10800,0111,0001,,서울특별시 송파구 문정동 111-1번지,,,,0,0,0,0,0,0,,,0,00000,00000,0,0,0,0,0,0,,20220813
10251100482763,2,11710,10800,0112,0003,,서울특별시 송파구 문정동 112-3번지,,02000,도시형생활주택(단지형다세대주택),29,0,2,0,0,21,,,0,00000,00000,1305,678.7,375.86,1305,55.38,192.28,20160725,20220813
10251100499603,2,11710,10800,0113,0004,세종캐슬,서울특별시 송파구 문정동 113-4번지,,02000,도시형생활주택(단지형다세대)|제1종근린생활시설(소매점),29,0,2,0,1,24,,,0,00000,00000,1346.64,724.9,404.65,1346.64,55.82,185.77,20170407,20220813
102517,2,11710,10800,0114,0000,인택스빌아파트,서울특별시 송파구 문정동 114번지,서울특별시 송파구 새말로 185 (문정동),02000,공동주택,48,1,2,1,0,48,117103123021,10801,0,00185,00000,5871.88,1580,451.33,4644.14,28.56,293.93,20021109,20220813
10251100481363,2,11710,10800,0115,0009,드림팰리스,서울특별시 송파구 문정동 115-9번지,,02000,단지형 도시형 생활주택,20,0,2,0,0,16,,,0,00000,00000,1316.9,662.4,370.08,1316.9,55.87,198.81,20160620,20220813
10251100478482,2,11710,10800,0115,0013,센트로힐,서울특별시 송파구 문정동 115-13번지,,02000,단지형 다세대주택,24,0,2,0,0,18,,,0,00000,00000,1319.34,671.5,386.65,1319.34,57.58,196.48,20160323,20220813
10251573,2,11710,10800,0117,0000,문정3차푸르지오,서울특별시 송파구 문정동 117번지,서울특별시 송파구 송이로 257 (문정동),02000,공동주택,150,0,2,2,0,175,117103123011,10803,0,00257,00000,23569.96,4706.9,1308.28,16059.39,27.79,341.19,,20220813
10251287,2,11710,10800,0145,0000,,서울특별시 송파구 문정동 145번지,서울특별시 송파구 송이로31길 56 (문정동),02000,공동주택,1316,0,11,0,0,0,117104169313,10801,0,00056,00000,93833.393,0,0,0,0,0,,20220813
10251164,2,11710,10800,0146,0000,세양청마루아파트,서울특별시 송파구 문정동 146번지,서울특별시 송파구 송이로31길 66 (문정동),02000,공동주택,157,0,2,0,0,126,117104169313,10801,0,00066,00000,14742.7,4891.1,1119.59,12282.4,22.89,251.12,20040501,20220813
10251584,2,11710,10800,0150,0000,,서울특별시 송파구 문정동 150번지,서울특별시 송파구 중대로 24 (문정동),02000,공동주택,4524,0,60,0,0,0,117103123016,10802,0,00024,00000,650085.9214,0,0,0,0,0,,20220813
10251100226953,1,11710,10800,0150,0008,,서울특별시 송파구 문정동 150-8번지,서울특별시 송파구 중대로4길 4 (문정동),10000,교육연구 및 복지시설,0,0,2,0,0,32,117104169481,10801,0,00004,00000,7446.89,10206.5,1465.3,3629.99,14.36,35.57,,20241223
10251100472183,1,11710,10800,0150,0017,서울문정동우체국,서울특별시 송파구 문정동 150-17번지,,03000,우체국,0,0,2,1,0,6,,,0,00000,00000,745.16,990,504.88,701.66,51,70.87,,20220813
10251578,1,11710,10800,0247,0000,,서울특별시 송파구 문정동 247번지,,01000,단독주택,0,2,2,0,0,0,,,0,00000,00000,81.98,0,0,0,0,0,,20220813
1025199,1,11710,10800,0273,0007,,서울특별시 송파구 문정동 273-7번지,,01000,단독주택,0,2,2,0,0,0,,,0,00000,00000,129.39,0,0,0,0,0,,20220813
10251100486143,2,11710,10800,0618,0000,파크하비오,서울특별시 송파구 문정동 618번지,,14000,공동주택|업무시설|숙박시설|판매시설,999,0,18,5,4149,5396,,,0,00000,00000,604089.4823,61231,34003.17,366979.4167,55.53,599.34,20160929,20220813
10251100540163,1,11710,10800,0640,0005,AJ빌딩,서울특별시 송파구 문정동 640-5번지,서울특별시 송파구 정의로8길 9 (문정동),14000,업무시설,0,0,2,0,0,217,117104853410,10801,0,00009,00000,26987.14,3151.2,1870.72,18863.93,59.37,598.63,,20220813
10251100497624,2,11710,10800,0642,0000,송파 테라타워2,서울특별시 송파구 문정동 642번지,,17000,공장(지식산업센터)|공장(지식산업센터-창고)|공장(지원시설-업무시설|제1|2종근린생활시설|스마트시티관련업무시설-핵심앵커시설),0,0,2,0,0,1049,,,0,00000,00000,143730.11,14921,8606.88,89500.31,57.68,599.83,20170302,20220813
10251100484063,2,11710,10800,0643,0001,엠스테이트,서울특별시 송파구 문정동 643-1번지,,14000,업무시설|공장(지식산업센터)|판매시설| 근린생활시설,0,0,5,0,1317,1227,,,0,00000,00000,158198.59,16357,9787.45,98115.16,59.84,599.84,20160901,20220813
10251100491391,2,11710,10800,0651,0000,문정역테라타워,서울특별시 송파구 문정동 651번지,,17000,공장(지식산업센터)|공장(지식산업센터-창고)|공장(지원시설-업무시설|제1|2종근린생활시설|문화및집회시설),0,0,2,0,1013,1279,,,0,00000,00000,172747.67,17309,9792.8,103795.2,56.58,599.66,20161005,20240702
10251100240120,1,11710,10800,0654,0000,서울지방경찰청 제3기동단,서울특별시 송파구 문정동 654번지,,14000,공공업무시설,0,0,5,0,0,132,,,0,00000,00000,19678.28,13065,2317.76,12059.38,17.74,92.3,20111129,20220813
1000000000000005513127,2,11710,10800,0656,0000,힐스테이트 e편한세상 문정,서울특별시 송파구 문정동 656번지,서울특별시 송파구 송이로31길 20 (문정동),02000,공동주택(아파트),1265,0,15,16,19,1427,117104169313,10801,0,00020,00000,167890.827,44510.7,9855.91,109721.88,22.14,246.51,20240830,20250414
10251577,1,11710,10800,0656,0005,,서울특별시 송파구 문정동 656-5번지,서울특별시 송파구 송이로37가길 14 (문정동),06000,문화및집회시설,0,0,2,0,0,36,117104169318,10801,0,00014,00000,6465.74,0,0,0,0,0,,20251014
10251589,1,11710,10900,0104,0000,,서울특별시 송파구 장지동 104번지,,01000,단독주택,0,2,2,0,0,0,,,0,00000,00000,92.57,0,0,0,0,0,,20220813
10251590,1,11710,10900,0158,0000,,서울특별시 송파구 장지동 158번지,,01000,단독주택,0,3,3,0,0,0,,,0,00000,00000,216.54,0,0,0,0,0,,20220813
10251591,1,11710,10900,0160,0000,,서울특별시 송파구 장지동 160번지,,01000,단독주택,0,2,2,0,0,0,,,0,00000,00000,115.37,0,0,0,0,0,,20220813
1025196,1,11710,10900,0200,0000,,서울특별시 송파구 장지동 200번지,,01000,단독주택,0,3,3,0,0,0,,,0,00000,00000,97.85,0,0,0,0,0,,20220813
10251351,1,11710,10900,0201,0004,,서울특별시 송파구 장지동 201-4번지,,01000,단독주택,0,2,0,0,0,0,,,0,00000,00000,98.18,0,0,0,0,0,,20220813
10251592,1,11710,10900,0209,0000,,서울특별시 송파구 장지동 209번지,,01000,단독주택,0,3,3,0,0,0,,,0,00000,00000,99.17,0,0,0,0,0,,20220813
10251593,1,11710,10900,0224,0004,,서울특별시 송파구 장지동 224-4번지,,01000,단독주택,0,2,0,0,0,0,,,0,00000,00000,50.24,0,0,0,0,0,,20220813
10251107,1,11710,10900,0224,0006,,서울특별시 송파구 장지동 224-6번지,,01000,단독주택,0,1,0,0,0,0,,,0,00000,00000,58.84,0,0,0,0,0,,20220813
10251348,1,11710,10900,0225,0000,,서울특별시 송파구 장지동 225번지,,01000,단독주택,0,4,4,0,0,0,,,0,00000,00000,132.23,0,0,0,0,0,,20220813
10251222,1,11710,10900,0241,0010,,서울특별시 송파구 장지동 241-10번지,,01000,단독주택,0,4,5,0,0,0,,,0,00000,00000,353.05,0,0,0,0,0,,20220813
10251594,1,11710,10900,0242,0000,,서울특별시 송파구 장지동 242번지,,01000,단독주택,0,3,3,0,0,0,,,0,00000,00000,161.66,0,0,0,0,0,,20220813
10251585,1,11710,10900,0393,0000,,서울특별시 송파구 장지동 393번지,,23000,부속창고| 체력단련장,0,0,2,0,0,0,,,0,00000,00000,78.3,238683,78.3,78.3,0.03,0.03,,20220813
10251223,1,11710,10900,0420,0000,,서울특별시 송파구 장지동 420번지,,23000,군수창고| 장비고,0,0,2,0,0,0,,,0,00000,00000,430,850,430,430,50.59,50.59,,20220813
10251100560222,1,11710,10900,0646,0007,구도일장지동주유소,서울특별시 송파구 장지동 646-7번지,서울특별시 송파구 위례중앙로 10 (장지동),19000,주유소,0,0,2,0,0,1,117103000236,10901,0,00010,00000,279.08,1397,279.08,279.08,19.97,19.97,20211125,20220813
10251431,1,11710,10900,0743,0003,,서울특별시 송파구 장지동 743-3번지,,18000,관리사옥,0,0,2,0,0,0,,,0,00000,00000,184.86,1375,0,0,0,0,19900531,20220813
10251100228275,2,11710,10900,0833,0000,송파파인타운1단지,서울특별시 송파구 장지동 833번지,서울특별시 송파구 충민로 188 (장지동),02000,아파트,221,0,8,9,0,263,117103123017,10902,0,00188,00000,31808.37,16702,3525.79,23936.01,21.11,143.31,20100119,20220813
10251100187134,2,11710,10900,0835,0000,송파파인타운2단지,서울특별시 송파구 장지동 835번지,서울특별시 송파구 충민로 151 (장지동),02000,아파트,374,0,10,12,0,396,117103123017,10902,0,00151,00000,43248.7,21112,4397.78,30921.93,20.83,146.47,20080925,20250228
10251100174370,2,11710,10900,0837,0000,송파파인타운4단지,서울특별시 송파구 장지동 837번지,서울특별시 송파구 새말로12길 16 (장지동),02000,아파트외 1,181,0,5,10,3,200,117104169235,10902,0,00016,00000,23833.18,12186,2617.9,17927.24,21.48,147.11,20080403,20220813
10251100188086,2,11710,10900,0842,0000,송파파인타운8단지,서울특별시 송파구 장지동 842번지,서울특별시 송파구 충민로4길 6 (장지동),02000,아파트,700,0,6,12,0,706,117104169487,10901,0,00006,00000,72565.5,20553,3992.81,49052.82,19.42,238.66,20081020,20220813
10251100171873,2,11710,10900,0843,0000,송파파인타운 9단지,서울특별시 송파구 장지동 843번지,서울특별시 송파구 송파대로8길 17 (장지동),02000,공동주택,796,0,7,13,0,822,117104169355,10901,0,00017,00000,81605.38,23459,5243.99,54894.46,22.35,234,20071224,20220813
10251483,2,11710,10900,0844,0000,송파파인타운 7단지,서울특별시 송파구 장지동 844번지,서울특별시 송파구 충민로4길 19 (장지동),02000,공동주택 외 1,537,0,7,10,0,576,117104169487,10901,0,00019,00000,68512.16,20174,4438.41,48352.99,22,239.67,20071224,20220813
10251100180259,2,11710,10900,0845,0000,송파파인타운5단지,서울특별시 송파구 장지동 845번지,서울특별시 송파구 충민로4길 5 (장지동),02000,아파트,455,0,6,12,0,492,117104169487,10901,0,00005,00000,57373.49,16911,2721.52,40537.2,16.09,239.71,20080822,20220813
10251100179694,2,11710,10900,0847,0000,송파파인타운6단지,서울특별시 송파구 장지동 847번지,서울특별시 송파구 충민로6길 14 (장지동),02000,아파트,564,0,7,8,0,619,117104169488,10901,0,00014,00000,73224.32,22744,3827.82,52726.33,16.83,231.82,20080825,20220813
10251419,1,11710,10900,0848,0000,사단법인 아이코리아,서울특별시 송파구 장지동 848번지,서울특별시 송파구 충민로6길 17 (장지동),10000,교육연구시설,0,0,8,0,0,267,117104169488,10901,0,00017,00000,34573.26,46537,9662.25,23832.85,20.76,51.21,,20220813
10251100178748,2,11710,10900,0849,0000,송파파인타운3단지,서울특별시 송파구 장지동 849번지,서울특별시 송파구 충민로 152 (장지동),02000,아파트 외1,631,0,11,10,0,720,117103123017,10902,0,00152,00000,91403.76,28910,6129.9,66274.17,21.2,229.24,20080812,20220813
10251100241387,1,11710,10900,0850,0000,한림초중연예예술고등학교,서울특별시 송파구 장지동 850번지,서울특별시 송파구 충민로 172 (장지동),10000,교육연구시설(학교),0,0,2,0,0,61,117103123017,10902,0,00172,00000,13562.79,8520.8,3261.88,10661.56,38.28,125.12,,20220813
10251438,2,11710,10900,0854,0000,송파파인타운 11단지,서울특별시 송파구 장지동 854번지,서울특별시 송파구 송파대로8길 58 (장지동),02000,공동주택(아파트) 외 1,333,0,10,7,0,364,117104169355,10901,0,00058,00000,43661.66,16770,3685.29,33412.79,21.97,199.24,20070731,20220813
10251100234534,2,11710,10900,0855,0000,송파파인타운12단지,서울특별시 송파구 장지동 855번지,서울특별시 송파구 송파대로8길 42 (장지동),02000,아파트,149,0,4,9,0,169,117104169355,10901,0,00042,00000,22882.35,8528,1786.36,16860.3,20.95,197.71,20110127,20220813
10251439,2,11710,10900,0856,0000,송파파인타운 10단지,서울특별시 송파구 장지동 856번지,서울특별시 송파구 송파대로8길 20 (장지동),02000,공동주택(아파트) 외 1,545,0,10,7,0,552,117104169355,10901,0,00020,00000,58785.64,21598,4107.92,42734.6,19.01,197.86,20070820,20220813
10251100234322,2,11710,10900,0857,0000,송파파인타운13단지,서울특별시 송파구 장지동 857번지,서울특별시 송파구 송파대로8길 10 (장지동),02000,아파트,197,0,4,10,0,225,117104169355,10901,0,00010,00000,30646.47,12111,2509.85,22597.62,20.72,186.59,20110127,20220813
10251100227980,1,11710,10900,0862,0000,서울버스,서울특별시 송파구 장지동 862번지,서울특별시 송파구 충민로6길 61-29 (장지동),20000,자동차관련시설,0,0,6,0,0,21,117104169488,10901,0,00061,00029,4078.28,14913.5,1854.45,3861.38,12.43,25.89,20091210,20220813
10251100229193,1,11710,10900,0862,0001,진화운수,서울특별시 송파구 장지동 862-1번지,서울특별시 송파구 충민로6길 61-5 (장지동),20000,자동차관련시설,0,0,5,0,0,0,117104169488,10901,0,00061,00005,1535.28,8456.5,1059.98,1535.28,12.53,18.16,,20220813
10251100178674,1,11710,10900,0862,0002,버스공영차고지CNG충전시설,서울특별시 송파구 장지동 862-2번지,서울특별시 송파구 충민로6길 61-23 (장지동),19000,,0,0,3,0,0,1,117104169488,10901,0,00061,00023,135,1960,391.21,135,19.96,6.89,20080805,20220813
10251100461064,1,11710,10900,0863,0003,양지상운(주),서울특별시 송파구 장지동 863-3번지,,20000,,0,0,2,0,0,3,,,0,00000,00000,622.8,1855.4,207.6,490.05,11.19,26.41,,20220813
10251100469242,1,11710,10900,0875,0000,서울복합물류,서울특별시 송파구 장지동 875번지,서울특별시 송파구 송파대로 55 (장지동),18000,물류창고,0,0,2,2,0,1622,117102005011,10907,0,00055,00000,400162.27,147112,83932.15,194304.59,57.05,132.08,20150630,20230403
10251100239910,1,11710,10900,0877,0000,송파구 자원순환공원,서울특별시 송파구 장지동 877번지,,22000,분뇨 및 쓰레기처리시설,0,0,3,3,0,294,,,0,00000,00000,40073.02,35700,14501.06,17568.62,40.62,49.21,20111230,20220813
10251100466503,2,11710,10900,0878,0000,위례신도시 송파푸르지오,서울특별시 송파구 장지동 878번지,,02000,공동주택(아파트),549,0,8,12,6,1103,,,0,00000,00000,125603.3495,37158,8302.3083,77998.2128,22.34,209.91,20150123,20220813
10251100455706,2,11710,10900,0879,0000,송파더센트레,서울특별시 송파구 장지동 879번지,서울특별시 송파구 위례광장로 163 (장지동),02000,공동주택(아파트),1139,0,13,12,9,1198,117103000238,10901,0,00163,00000,130136.74,44191,7647.16,89949.68,17.3,203.55,20131101,20220813
10251100482093,2,11710,10900,0883,0000,힐스테이트송파위례,서울특별시 송파구 장지동 883번지,,02000,공동주택(아파트),490,0,10,22,59,855,,,0,00000,00000,111137.11,23948,6839.57,68265.39,28.56,285.06,20160719,20220813
10251100480515,2,11710,10900,0884,0000,위례2차아이파크,서울특별시 송파구 장지동 884번지,,02000,공동주택(아파트|근린생활시설),495,0,11,11,93,987,,,0,00000,00000,116553.0315,24109,8950.9895,72316.6794,37.12,299.96,20160527,20220813
10251100495043,2,11710,10900,0885,0000,위례스타힐스,서울특별시 송파구 장지동 885번지,,23000,군사시설(주거시설),1493,0,18,10,4,1776,,,0,00000,00000,209345.38,63916,11549.32,146880.41,18.07,229.8,20170106,20220813
1000000000000005330687,2,11710,10900,0891,0000,위례심포니아,서울특별시 송파구 장지동 891번지,,11000,노유자시설(노인복지주택|아동관련시설|어린이집),0,0,2,0,0,73,,,0,00000,00000,13298.1957,2947,1406.9576,5887.7314,47.742,199.7873,20250306,20250307
10251100528402,1,11710,10900,0892,0000,대신위례센터(Daishin Wirye Center),서울특별시 송파구 장지동 892번지,서울특별시 송파구 위례순환로 387 (장지동),10000,교육연구시설,0,0,3,1,0,115,117103000239,10901,0,00387,00000,19961.68,5599,2797.18,13684.83,49.96,244.42,20190722,20240819
10251100474322,2,11710,10900,0894,0000,위례아이파크,서울특별시 송파구 장지동 894번지,,02000,공동주택,400,0,11,16,153,825,,,0,00000,00000,98602.0603,21044,8465.2894,57856.2225,40.23,274.93,20151130,20220813
10251100476502,2,11710,10900,0895,0000,송파와이즈더샵,서울특별시 송파구 장지동 895번지,,02000,공동주택(아파트)|근린생활시설,390,0,7,5,128,718,,,0,00000,00000,84883.7383,20558,7933.4823,56499.9574,38.59,274.83,20160226,20220813
10251100494538,2,11710,10900,0896,0000,위례중앙푸르지오2단지,서울특별시 송파구 장지동 896번지,,02000,공동주택(아파트)|근린생활시설,148,0,3,0,82,298,,,0,00000,00000,37063.5945,8625,4511.9054,22422.3664,52.31,259.97,20161223,20220813
10251100494247,2,11710,10900,0897,0000,위례중앙푸르지오1단지,서울특별시 송파구 장지동 897번지,서울특별시 송파구 위례광장로 120 (장지동),02000,공동주택(아파트)|근린생활시설,163,0,3,0,93,338,117103000238,10901,0,00120,00000,40690.1167,9493,4914.9536,24679.0369,51.77,259.97,20161223,20220813
10251100456946,2,11710,10900,0901,0000,위례24단지,서울특별시 송파구 장지동 901번지,,02000,공동주택(아파트),1810,0,23,15,11,2080,,,0,00000,00000,229723.73,82398,14518.13,159892.28,17.62,194.05,20131108,20220813
10251100506261,2,11710,10900,0905,0000,위례포레샤인23단지,서울특별시 송파구 장지동 905번지,,02000,공동주택(아파트),2200,0,27,20,16,2345,,,0,00000,00000,261708.32,105589,17996.11,177881.2,17.04,168.47,20170928,20220813
10251100524242,1,11710,10900,0908,0000,스마트위례주유소,서울특별시 송파구 장지동 908번지,,19000,주유소,0,0,4,0,0,6,,,0,00000,00000,779.45,2586,592.25,779.45,22.9,30.14,20190116,20220813
10251100516501,1,11710,10900,0915,0000,송파공영차고지,서울특별시 송파구 장지동 915번지,서울특별시 송파구 헌릉로 870 (장지동),20000,자동차관련시설,0,0,5,0,0,33,117103000033,10901,0,00870,00000,5748.35,56233,3200.22,5318.42,5.69,9.46,20180323,20220813
10251100483043,1,11710,10900,0000,0000,GS가든파이브주유소,서울특별시 송파구 장지동 블록,,19000,위험물저장및처리시설(주유소)| 근린생활시설,0,0,2,0,0,3,,,0,00000,00000,524.58,2108,447.32,524.58,21.22,24.89,20160805,20220813
10251595,1,11710,11100,0037,0000,,서울특별시 송파구 방이동 37번지,서울특별시 송파구 오금로11길 21-20 (방이동),20000,자동차관련시설,0,0,2,0,0,2,117104169374,11101,0,00021,00020,320.26,381.6,107.44,0,28.16,49.58,,20220813
10251100521702,2,11710,11100,0049,0000,오르본 인투파크 오피스텔,서울특별시 송파구 방이동 49번지,,14000,오피스텔,0,0,2,0,180,97,,,0,00000,00000,9683.499,1011.8,606.4,8225.931,59.93,813,20181023,20220813
10251240,1,11710,11100,0053,0000,방이중학교,서울특별시 송파구 방이동 53번지,서울특별시 송파구 오금로11길 64 (방이동),10000,교육연구및복지시설,0,0,3,7,0,39,117104169374,11101,0,00064,00000,9575.46,14992.5,3157.58,9501.21,21.06,63.38,19850416,20230621
10251526,1,11710,11100,0070,0000,,서울특별시 송파구 방이동 70번지,,03000,제1종근린생활시설,0,1,2,0,0,0,,,0,00000,00000,1842.86,0,0,0,0,0,,20220813
10251110,1,11710,11100,0088,0000,방이동 88 업무시설 (서울올림픽기념국민체육진흥공단),서울특별시 송파구 방이동 88번지,서울특별시 송파구 올림픽로 424 (방이동),15000,관람집회시설| 근린생활시설| 숙박시설,0,0,6,0,0,980,117103123023,11104,0,00424,00000,86948.05,123492.3,17256.33,56392.01,13.9736,45.6644,,20220813
10251347,1,11710,11100,0088,0002,,서울특별시 송파구 방이동 88-2번지,서울특별시 송파구 올림픽로 424 (방이동),05000,공연장,0,0,19,0,0,1262,117103123023,11104,0,00424,00000,163178.96,656178.8,74770.28,124960.77,11.39,19.04,,20220813
10251527,1,11710,11100,0088,0003,,서울특별시 송파구 방이동 88-3번지,서울특별시 송파구 올림픽로 424 (방이동),05000,문화및집회시설,0,0,5,0,0,0,117103123023,11104,0,00424,00000,4050.87,0,0,0,0,0,,20250912
10251100237017,1,11710,11100,0088,0010,,서울특별시 송파구 방이동 88-10번지,,14000,빗물펌프장,0,0,2,0,0,0,,,0,00000,00000,3020.23,65028.6,2675.72,3020.23,4.11,4.64,,20220813
10251248,1,11710,11100,0088,0014,서울체육고등학교,서울특별시 송파구 방이동 88-14번지,서울특별시 송파구 강동대로 232 (방이동),10000,교육연구시설,0,0,13,6,0,0,117102123001,11102,0,00232,00000,29478.64,66100,13174.57,27527.36,19.93,41.65,20050711,20220813
10251425,1,11710,11100,0088,0015,한국체육대학교,서울특별시 송파구 방이동 88-15번지,서울특별시 송파구 양재대로 1239 (방이동),10000,,0,0,13,0,0,420,117102000006,11102,0,01239,00000,91938.708,111902.3,24200.695,74033.188,21.63,66.16,,20240725
10251100226955,1,11710,11100,0088,0021,,서울특별시 송파구 방이동 88-21번지,서울특별시 송파구 올림픽로 424 (방이동),05000,문화및집회시설|제2종근린생활시설|세계평화의문,0,0,2,0,0,0,117103123023,10202,0,00424,00000,14206.44,0,0,0,0,0,,20220813
10251534,2,11710,11100,0089,0000,,서울특별시 송파구 방이동 89번지,서울특별시 송파구 양재대로 1218 (방이동),02000,공동주택,5540,0,122,0,0,0,117102000006,11102,0,01218,00000,851634243,0,0,0,0,0,,20220813
10251100228074,1,11710,11100,0089,0007,오륜중학교,서울특별시 송파구 방이동 89-7번지,서울특별시 송파구 양재대로 1242 (방이동),10000,교육연구시설(학교),0,0,2,3,0,48,117102000006,11102,0,01242,00000,10154.91,11177.5,3207.08,9957.11,28.69,89.08,,20220813
10251434,1,11710,11100,0089,0016,서울오륜초등학교,서울특별시 송파구 방이동 89-16번지,서울특별시 송파구 양재대로 1196 (방이동),10000,교육연구시설,0,0,2,3,0,0,117102000006,11102,0,01196,00000,7332.84,14874.2,2761.99,7015.94,18.07,46.67,,20250723
10251600,1,11710,11100,0089,0022,보성고등학교,서울특별시 송파구 방이동 89-22번지,서울특별시 송파구 양재대로 1278 (방이동),10000,교육연구시설,0,0,3,6,0,111,117102000006,11102,0,01278,00000,26981.49,33032.1,8079.62,26307.19,24.45,79.64,,20220813
10251601,1,11710,11100,0089,0023,세륜초등학교,서울특별시 송파구 방이동 89-23번지,서울특별시 송파구 양재대로 1264 (방이동),10000,교육연구시설,0,0,4,0,0,35,117102000006,11102,0,01264,00000,8614.04,15082.1,2673.92,8309.24,17.73,55.09,,20220813
10251112,1,11710,11100,0109,0006,,서울특별시 송파구 방이동 109-6번지,서울특별시 송파구 오금로 143 (방이동),19000,위험물저장및처리시설| 근린생활시설| 자동차관련시설,0,0,2,0,0,5,117103123014,11104,0,00143,00000,1017.17,1109.5,591.97,917.25,53.35,82.67,,20220813
10251603,1,11710,11100,0110,0012,,서울특별시 송파구 방이동 110-12번지,서울특별시 송파구 오금로19길 5 (방이동),04000,근린생활시설,0,0,2,0,0,12,117104169380,11101,0,00005,00000,428.81,948,0,0,38.62,40.86,,20220813
10251100239586,2,11710,11100,0123,0002,덕산빌라,서울특별시 송파구 방이동 123-2번지,,02000,다세대주택(단지형다세대),16,0,2,0,0,13,,,0,00000,00000,1060.67,517.2,309.706,1060.37,59.88,205.02,20111220,20220813
10251435,1,11710,11100,0124,0006,수동교회,서울특별시 송파구 방이동 124-6번지,서울특별시 송파구 가락로33길 3 (방이동),06000,종교시설외 1,0,0,2,0,0,122,117104169015,11101,0,00003,00000,6060.98,2759.2,1376.71,4395.5,49.9,159.3,,20220813
10251156,2,11710,11100,0127,0022,서경그린빌라,서울특별시 송파구 방이동 127-22번지,서울특별시 송파구 가락로34길 5-8 (방이동),02000,공동주택(다세대주택),14,0,2,0,0,14,117104169016,11101,0,00005,00008,1012.22,468.7,280.8,1012.22,59.91,215.96,20040112,20220813
10251604,1,11710,11100,0128,0000,한전재경독신자합숙소,서울특별시 송파구 방이동 128번지,서울특별시 송파구 오금로27길 29 (방이동),02000,기숙사,0,60,3,0,0,99,117104169387,11101,0,00029,00000,17987.5,9270.1,3976.28,11943.28,42.89,128.83,,20220813
10251100173815,1,11710,11100,0136,0003,,서울특별시 송파구 방이동 136-3번지,서울특별시 송파구 가락로 249 (방이동),20000,,0,0,2,0,0,5,117103123001,11103,0,00249,00000,442.65,845.9,351.84,422.68,41.59,49.97,,20220813
10251100522482,2,11710,11100,0136,0011,로얄펠리스,서울특별시 송파구 방이동 136-11번지,,02000,도시형생활주택,16,0,2,0,0,13,,,0,00000,00000,839.72,421.2,244.2,839.72,57.98,199.36,20181120,20220813
10251100531442,2,11710,11100,0137,0011,라센트빌,서울특별시 송파구 방이동 137-11번지,서울특별시 송파구 위례성대로8길 41 (방이동),02000,도시형생활주택(단지형다세대주택),16,0,2,0,0,13,117104169459,11101,0,00041,00000,830.34,416.6,244.84,830.38,58.77,199.31,20191226,20220813
1000000000000002522149,2,11710,11100,0138,0002,엘림하우스,서울특별시 송파구 방이동 138-2번지,서울특별시 송파구 가락로 261 (방이동),02000,도시형생활주택(단지형다세대주택),42,0,4,0,0,34,117103123001,11103,0,00261,00000,2389.38,1196.7,712.42,2389.38,59.53,199.66,20231024,20231025
10251113,1,11710,11100,0139,0000,,서울특별시 송파구 방이동 139번지,서울특별시 송파구 가락로39길 11 (방이동),11000,교육연구및복지시설,0,0,2,0,0,0,117104169020,11101,0,00011,00000,221.07,0,0,0,0,0,,20220813
10251245,1,11710,11100,0141,0006,,서울특별시 송파구 방이동 141-6번지,서울특별시 송파구 백제고분로48길 31 (방이동),03000,근린생활시설,0,0,2,0,0,9,117104169200,11101,0,00031,00000,1239.05,0,0,962.08,0,0,,20230502
10251100517945,2,11710,11100,0145,0009,그랑시아,서울특별시 송파구 방이동 145-9번지,서울특별시 송파구 오금로21길 30 (방이동),,,22,0,0,0,0,0,117104169382,11101,0,00030,00000,0,487.6,0,0,24.91,90.42,20180530,20220813
10251117,2,11710,11100,0154,0009,,서울특별시 송파구 방이동 154-9번지,서울특별시 송파구 위례성대로6길 24-20 (방이동),02000,공동주택,9,0,2,0,0,0,117104169458,11101,0,00024,00020,396.6,0,0,0,0,0,,20220813
10251606,2,11710,11100,0157,0000,방이금호어울림,서울특별시 송파구 방이동 157번지,서울특별시 송파구 위례성대로8길 28 (방이동),02000,공동주택(아파트),144,0,2,3,0,156,117104169459,11101,0,00028,00000,20305.63,4773.08,1524.21,13561.27,31.93,284.12,,20220813
10251100525814,2,11710,11100,0158,0002,트윈스파크,서울특별시 송파구 방이동 158-2번지,,02000,도시형생활주택,20,0,2,0,0,16,,,0,00000,00000,1209.64,606,305.02,1209.64,50.33,199.61,20190315,20220813
1000000000000000085011,2,11710,11100,0160,0001,파크사이드빌,서울특별시 송파구 방이동 160-1번지,,02000,다세대주택,23,0,2,0,0,15,,,,00000,00000,1112.14,519.9,302.68,1038.44,58.22,199.74,20220907,20220908
10251538,2,11710,11100,0166,0014,,서울특별시 송파구 방이동 166-14번지,서울특별시 송파구 가락로42길 15-25 (방이동),02000,공동주택,18,0,3,0,0,0,117104169023,11101,0,00015,00025,720.72,0,0,0,0,0,,20220813
10251232,1,11710,11100,0167,0000,방이초등학교,서울특별시 송파구 방이동 167번지,서울특별시 송파구 위례성대로10길 4 (방이동),10000,교육연구및복지시설,0,0,3,2,0,0,117104169447,11101,0,00004,00000,9615.58,17017,3157.77,9615.58,18.56,56.51,,20220813
10251100520421,2,11710,11100,0168,0015,,서울특별시 송파구 방이동 168-15번지,서울특별시 송파구 백제고분로50길 41-8 (방이동),02000,도시형생활주택,18,0,2,0,0,14,117104169202,11101,0,00041,00008,1000.6,500.5,299.17,1000.6,59.77,199.92,20180816,20220813
10251100531202,2,11710,11100,0169,0015,한성백제아파트,서울특별시 송파구 방이동 169-15번지,서울특별시 송파구 백제고분로50길 41-27 (방이동),02000,도시형생활주택(단지형다세대주택),20,0,2,0,0,16,117104169202,11101,0,00041,00027,1313.74,669.6,347.72,1313.74,51.93,196.2,20191212,20220813
10251118,2,11710,11100,0171,0000,,서울특별시 송파구 방이동 171번지,서울특별시 송파구 위례성대로 58 (방이동),02000,공동주택,140,0,3,1,0,0,117102123002,11101,0,00058,00000,34758.9,0,0,0,0,0,,20220813
10251100494843,2,11710,11100,0172,0000,라온펠리체,서울특별시 송파구 방이동 172번지,,02000,도시형생활주택(단지형다세대),20,0,2,0,0,16,,,0,00000,00000,1119.8,560.1,305.6,1119.8,54.56,199.93,20170103,20220813
10251540,2,11710,11100,0172,0011,,서울특별시 송파구 방이동 172-11번지,서울특별시 송파구 오금로23길 65 (방이동),02000,공동주택,12,0,2,0,0,0,117104169384,11101,0,00065,00000,534.04,0,0,0,0,0,,20220813
10251106,2,11710,11100,0173,0003,,서울특별시 송파구 방이동 173-3번지,서울특별시 송파구 위례성대로6길 11 (방이동),02000,공동주택,18,0,2,0,0,0,117104169458,11101,0,00011,00000,655.56,0,0,0,0,0,,20220813
10251541,2,11710,11100,0174,0016,,서울특별시 송파구 방이동 174-16번지,서울특별시 송파구 위례성대로6길 8 (방이동),02000,공동주택,18,0,3,0,0,0,117104169458,11101,0,00008,00000,979.38,0,0,0,0,0,,20220813
10251607,2,11710,11100,0175,0008,,서울특별시 송파구 방이동 175-8번지,서울특별시 송파구 백제고분로50길 19-5 (방이동),02000,공동주택,18,0,3,0,0,0,117104169202,11101,0,00019,00005,985.5,0,0,0,0,0,,20220813
10251608,2,11710,11100,0179,0015,,서울특별시 송파구 방이동 179-15번지,서울특별시 송파구 위례성대로4길 8 (방이동),02000,다세대주택,15,0,2,0,0,0,117104169457,11101,0,00008,00000,658.74,0,0,0,0,0,,20220813
10251100499543,1,11710,11100,0183,0000,보원빌딩,서울특별시 송파구 방이동 183번지,,04000,근린생활시설| 자동차관련시설| 업무시설,0,0,2,0,0,0,,,0,00000,00000,4049.74,1132.4,565.81,2374.28,49.97,209.67,,20220813
10251100462339,2,11710,11100,0187,0012,,서울특별시 송파구 방이동 187-12번지,,02000,공동주택(도시형생활주택 단지형다세대주택),16,0,2,0,0,13,,,0,00000,00000,919.7,499.2,274.7,919.7,55.03,184.23,20140715,20220813
10251609,2,11710,11100,0194,0000,,서울특별시 송파구 방이동 194번지,서울특별시 송파구 위례성대로14길 10 (방이동),02000,연립주택,18,0,3,0,0,0,117104169449,11101,0,00010,00000,3478.43,0,0,0,0,0,,20220813
10251362,2,11710,11100,0194,0005,,서울특별시 송파구 방이동 194-5번지,서울특별시 송파구 위례성대로14길 18 (방이동),02000,,12,0,2,0,0,0,117104169449,11101,0,00018,00000,3120.74,0,0,0,0,0,,20220813
10251218,2,11710,11100,0197,0000,신구블레스밸리아파트,서울특별시 송파구 방이동 197번지,서울특별시 송파구 위례성대로12길 25 (방이동),02000,공동주택(아파트),104,0,2,3,0,204,117104169448,11101,0,00025,00000,22565.47,7982.2,1811.84,15948.8,22.69,199.8,20040522,20220813
10251100499486,2,11710,11100,0198,0013,방이빌라,서울특별시 송파구 방이동 198-13번지,,02000,도시형생활주택(단지형다세대),20,0,2,0,0,16,,,0,00000,00000,1295.02,607.3,304.86,1214.33,50.2,199.96,20170403,20220813
10251422,1,11710,11100,0205,0000,,서울특별시 송파구 방이동 205번지,서울특별시 송파구 양재대로71길 5 (방이동),04000,근린생활시설,0,0,2,0,0,7,117104169372,11101,0,00005,00000,1080.63,1370.2,631.06,1032.42,46.05,75.34,,20220813
10251100494014,2,11710,11100,0210,0001,보람파크빌리지,서울특별시 송파구 방이동 210-1번지,,,도시형생활주택(단지형다세대) 및 근린생활시설,112,0,12,0,7,0,,,0,00000,00000,9796.92,3768.5,1945.55,7514.56,51.63,199.4,20161216,20220813
10251610,2,11710,11100,0212,0008,코오롱아파트 상가A동|B동,서울특별시 송파구 방이동 212-8번지,서울특별시 송파구 오금로31길 27 (방이동),02000,근린생활시설,758,0,9,0,0,0,117104169390,11101,0,00027,00000,86235.41,0,0,0,0,0,,20220813
10251119,2,11710,11100,0217,0000,,서울특별시 송파구 방이동 217번지,서울특별시 송파구 양재대로 1109 (방이동),02000,공동주택,497,0,7,0,0,0,117102000006,11102,0,01109,00000,67912.225,0,0,0,0,0,,20250306
10251100451837,1,11710,11100,0220,0000,방산중학교,서울특별시 송파구 방이동 220번지,,10000,교육연구시설,0,0,2,4,0,18,,,0,00000,00000,9796.48,10640,3059.06,9746.98,28.75,91.6,,20220813
10251100230748,1,11710,11100,0220,0004,방산초등학교,서울특별시 송파구 방이동 220-4번지,서울특별시 송파구 오금로27길 42 (방이동),,,0,0,2,1,0,0,117104169387,11101,0,00042,00000,7960.47,9876.5,2527.58,7871.67,25.59,79.7,,20220813
1025141,1,11710,11100,0223,0012,,서울특별시 송파구 방이동 223-12번지,서울특별시 송파구 오금로31길 13 (방이동),04000,제1종근린생활시설,0,4,5,0,0,0,117104169390,11101,0,00013,00000,860.61,0,0,0,0,0,,20220813
10251542,2,11710,11100,0225,0000,,서울특별시 송파구 방이동 225번지,서울특별시 송파구 양재대로 1089 (방이동),02000,공동주택,273,0,0,0,0,0,117102000006,11102,0,01089,00000,30654.741,0,0,0,0,0,,20220813
10251543,2,11710,11100,0227,0001,인택스파크텔|인택스파크빌,서울특별시 송파구 방이동 227-1번지,서울특별시 송파구 오금로 231 (방이동),14000,공동주택,8,0,2,0,0,19,117103123014,11104,0,00231,00000,2237.41,648.4,388.42,1740.86,59.9,268.47,,20220813
1000000000000006492877,1,11710,11100,0437,0004,,서울특별시 송파구 방이동 437-4번지,서울특별시 송파구 동남로 434 (방이동),03000,제1종근린생활시설(전기자동차충전소),0,0,2,0,0,1,117103000034,11103,0,00434,00000,232.18,1396,232.18,232.18,16.6318,16.6318,20250911,20250918
10251109,2,11710,11200,0002,0000,,서울특별시 송파구 오금동 2번지,서울특별시 송파구 위례성대로 176 (오금동),02000,공동주택,480,0,6,0,0,0,117102123002,11202,0,00176,00000,62190.1,0,0,0,0,0,,20220813
10251544,1,11710,11200,0003,0001,,서울특별시 송파구 오금동 3-1번지,서울특별시 송파구 위례성대로 180 (오금동),14000,업무시설|근린생활시설|교육연구시설|판매시설,0,0,2,0,0,25,117102123002,11202,0,00180,00000,5110.38,996.8,494.1,3507.3,49.56,351.85,,20221024
102514,1,11710,11200,0007,0000,서울오금초등학교,서울특별시 송파구 오금동 7번지,서울특별시 송파구 위례성대로22길 11 (오금동),10000,교육연구및복지시설,0,0,3,1,0,46,117104169454,11201,0,00011,00000,9064.34,9221.6,2552.27,9014.84,27.67,97.76,19960628,20220813
10251100231698,1,11710,11200,0007,0003,서울세륜중학교,서울특별시 송파구 오금동 7-3번지,서울특별시 송파구 양재대로72길 41 (오금동),10000,교육연구시설,0,0,2,3,0,0,117104169373,11201,0,00041,00000,9071.15,10004.8,2510.74,8843.2,25.1,88.39,,20220813
10251554,2,11710,11200,0008,0010,,서울특별시 송파구 오금동 8-10번지,서울특별시 송파구 위례성대로22나길 3-17 (오금동),02000,다세대주택,19,0,2,0,0,0,117104169455,11201,0,00003,00017,1270.4,531.9,254.08,0,47.76,191.07,,20220813
10251564,2,11710,11200,0011,0000,,서울특별시 송파구 오금동 11번지,서울특별시 송파구 양재대로72길 15 (오금동),02000,공동주택,438,0,4,0,0,0,117104169373,11201,0,00015,00000,37273.8901,0,0,0,0,0,,20220813
10251189,2,11710,11200,0019,0000,,서울특별시 송파구 오금동 19번지,서울특별시 송파구 마천로7길 6 (오금동),02000,공동주택,269,0,3,0,0,0,117104169130,11201,0,00006,00000,34292.5,0,0,0,0,0,,20220813
10251560,1,11710,11200,0025,0002,,서울특별시 송파구 오금동 25-2번지,서울특별시 송파구 마천로 95 (오금동),20000,자동차관련시설,0,0,3,0,0,5,117103123004,11202,0,00095,00000,959.43,0,0,0,0,0,,20241011
10251256,2,11710,11200,0029,0000,오금동쌍용스윗닷홈,서울특별시 송파구 오금동 29번지,서울특별시 송파구 양재대로72길 42 (오금동),02000,아파트,110,0,2,1,0,126,117104169373,11201,0,00042,00000,17743.87,4398,1299.81,11914.21,29.55,270.9,20050913,20220813
10251243,1,11710,11200,0030,0000,,서울특별시 송파구 오금동 30번지,서울특별시 송파구 중대로 301 (오금동),03000,제1종근린생활시설 외1,0,1,2,0,0,4,117103123016,11203,0,00301,00000,514.61,602.5,300.76,425.23,49.92,70.58,,20220813
10251100483363,2,11710,11200,0032,0000,중앙클래식하우스,서울특별시 송파구 오금동 32번지,,02000,업무시설(오피스텔)및도시형생활주택,28,0,3,0,14,33,,,0,00000,00000,2328.64,931.6,462.58,2328.63,49.65,249.96,20160819,20220813
10251241,1,11710,11200,0034,0000,오금중학교,서울특별시 송파구 오금동 34번지,서울특별시 송파구 오금로35길 20 (오금동),10000,교육연구및복지시설,0,0,3,4,0,0,117104169393,11201,0,00020,00000,10688.13,16622.2,3715.46,10604.88,22.35,63.8,,20220813
102519,1,11710,11200,0034,0003,오금고등학교,서울특별시 송파구 오금동 34-3번지,서울특별시 송파구 중대로 247 (오금동),10000,교육연구시설,0,0,3,3,0,66,117103123016,11203,0,00247,00000,12996.45,17824.9,3690.73,12292.75,20.55,68.81,,20250805
10251100483743,2,11710,11200,0039,0005,,서울특별시 송파구 오금동 39-5번지,,02000,도시형생활주택(단지형다세대) 및 근린생활시설,20,0,3,0,0,17,,,0,00000,00000,1612.2,652.6,376.46,1284.74,57.68,196.86,20160831,20220813
10251565,2,11710,11200,0043,0000,,서울특별시 송파구 오금동 43번지,서울특별시 송파구 오금로35길 17 (오금동),02000,공동주택,1316,0,24,0,83,0,117104169393,11201,0,00017,00000,0,0,0,0,0,0,,20220813
10251561,1,11710,11200,0051,0000,,서울특별시 송파구 오금동 51번지,서울특별시 송파구 오금로 363 (오금동),10000,교육연구및복지시설 외2,0,1,7,0,0,0,117103123014,11205,0,00363,00000,16475.52,219167.4,0,0,0,0,,20220813
10251100246627,1,11710,11200,0052,0022,,서울특별시 송파구 오금동 52-22번지,,20000,자동차관련시설(세차장)|근린생활시설,0,0,2,0,0,2,,,0,00000,00000,352.2,581.7,282.81,327.21,48.61,56.25,,20220813
10251556,2,11710,11200,0053,0003,한승로얄맨션,서울특별시 송파구 오금동 53-3번지,서울특별시 송파구 5 (오금동),02000,다세대주택(17세대),17,0,2,0,0,0,117104169082,11201,0,00005,00000,889.12,456.8,258.5,0,56.59,150.23,,20220813
10251100519621,2,11710,11200,0053,0006,리멤버빌,서울특별시 송파구 오금동 53-6번지,서울특별시 송파구 동남로23가길 50 (오금동),02000,도시형생활주택 (단지형다세대주택),25,0,2,0,0,20,117104169545,11201,0,00050,00000,1270.27,635.2,365.6,1270.27,57.56,199.98,20180627,20220813
10251100554973,2,11710,11200,0055,0003,하이힐,서울특별시 송파구 오금동 55-3번지,서울특별시 송파구 동남로23가길 44 (오금동),02000,도시형생활주택,20,0,2,0,0,15,117104169545,11201,0,00044,00000,1208.29,467.7,266.98,930.49,57.08,198.95,20210614,20220813
10251344,1,11710,11200,0059,0000,오주중학교,서울특별시 송파구 오금동 59번지,서울특별시 송파구 동남로 281 (오금동),10000,교육연구및복지시설,0,0,4,0,0,53,117103000034,11204,0,00281,00000,10997.51,16007.8,3481.71,10658.61,21.75,66.58,19840608,20220813
10251557,2,11710,11200,0063,0010,,서울특별시 송파구 오금동 63-10번지,서울특별시 송파구 33 (오금동),02000,연립주택,12,0,2,0,0,0,117104169083,11201,0,00033,00000,1251.2,0,0,0,0,0,,20220813
10251283,2,11710,11200,0067,0000,,서울특별시 송파구 오금동 67번지,서울특별시 송파구 성내천로 50 (오금동),02000,공동주택(아파트),328,0,3,0,20,324,117103123010,11201,0,00050,00000,50633.2,8314.3,3176.38,35802.77,38.2,430.62,,20240226
10251100473122,2,11710,11200,0068,0004,그랑밸리,서울특별시 송파구 오금동 68-4번지,,02000,도시형생활주택(단지형다세대주택),20,0,2,0,0,17,,,0,00000,00000,1316.55,663.4,341.6,1316.55,51.49,198.45,20151023,20220813
10251100522722,2,11710,11200,0073,0003,오금동 인투파크,서울특별시 송파구 오금동 73-3번지,서울특별시 송파구 마천로 150 (오금동),02000,도시형생활주택,48,0,4,0,4,40,117103123004,11202,0,00150,00000,3446.3,1240.3,728.64,2480.51,58.75,199.99,20181128,20220813
1025194,2,11710,11200,0074,0007,,서울특별시 송파구 오금동 74-7번지,서울특별시 송파구 마천로17길 4 (오금동),02000,공동주택,16,0,2,0,0,0,117104169085,11201,0,00004,00000,1256.04,0,0,0,0,0,,20220813
10251268,2,11710,11200,0074,0011,,서울특별시 송파구 오금동 74-11번지,서울특별시 송파구 성내천로 40 (오금동),02000,공동주택,16,0,2,0,0,0,117103123010,11201,0,00040,00000,2257.92,0,0,0,0,0,,20220813
10251100479362,2,11710,11200,0076,0006,미하우스,서울특별시 송파구 오금동 76-6번지,,02000,도시형생활주택(단지형다세대),20,0,2,0,0,16,,,0,00000,00000,1064,533.6,273.85,1064,51.32,199.4,20160412,20220813
10251100472362,2,11710,11200,0076,0012,팰리스타운,서울특별시 송파구 오금동 76-12번지,,02000,도시형생활주택(단지형다세대),25,0,2,0,0,20,,,0,00000,00000,1170.09,585.6,332.33,1170.09,56.75,199.81,20150911,20220813
1000000000000006583256,2,11710,11200,0077,0000,더 휴림,서울특별시 송파구 오금동 77번지,,02000,도시형생활주택(단지형연립주택+단지형다세대주택),42,0,2,0,0,34,,,,00000,00000,2671.32,1151.6,671.47,2589.36,58.31,224.85,20251016,20251017
10251100471489,2,11710,11200,0079,0011,숨결79,서울특별시 송파구 오금동 79-11번지,,02000,도시형생활주택(단지형다세대),20,0,2,0,0,16,,,0,00000,00000,1036.56,519.1,270.91,1036.56,52.19,199.68,20150731,20220813
10251547,1,11710,11200,0081,0004,,서울특별시 송파구 오금동 81-4번지,서울특별시 송파구 중대로 294 (오금동),20000,자동차관련시설 외1,0,0,2,0,0,0,117103123016,11203,0,00294,00000,207.6,485.7,207.6,207.6,42.74,42.74,,20220813
10251100499585,2,11710,11200,0084,0003,,서울특별시 송파구 오금동 84-3번지,,02000,도시형생활주택,17,0,2,0,0,13,,,0,00000,00000,997,498.8,297.06,997,59.56,199.88,20170406,20220813
10251566,2,11710,11200,0084,0007,,서울특별시 송파구 오금동 84-7번지,서울특별시 송파구 마천로13길 7 (오금동),02000,공동주택,16,0,2,0,0,0,117104169079,11201,0,00007,00000,811.96,0,0,0,0,0,,20220813
10251100532123,1,11710,11200,0091,0000,,서울특별시 송파구 오금동 91번지,서울특별시 송파구 중대로38길 17 (오금동),08000,운수시설,0,0,3,0,0,0,117104169479,11201,0,00017,00000,1835.84,4192.8,494.83,1505.26,11.8,35.9,,20220813
10251100462422,2,11710,11200,0092,0003,,서울특별시 송파구 오금동 92-3번지,,02000,다세대주택(도시형생활주택 단지형),20,0,2,0,0,16,,,0,00000,00000,994.75,500,256.59,994.75,51.32,198.95,20140717,20220813
10251550,1,11710,11200,0111,0000,,서울특별시 송파구 오금동 111번지,서울특별시 송파구 문정로25길 17 (오금동),05000,문화및집회시설,0,0,2,0,0,40,117104169138,11201,0,00017,00000,5968.77,2534.2,1508.45,4299.92,59.52,169.68,,20220813
10251558,2,11710,11200,0112,0007,,서울특별시 송파구 오금동 112-7번지,서울특별시 송파구 문정로23길 14 (오금동),02000,다세대주택,18,0,2,0,0,0,117104169137,11201,0,00014,00000,909.72,395.9,205.76,0,51.9,192.1,,20220813
10251559,2,11710,11200,0112,0008,,서울특별시 송파구 오금동 112-8번지,서울특별시 송파구 문정로23길 12 (오금동),02000,다세대주택,19,0,2,0,0,0,117104169137,11201,0,00012,00000,939.84,0,0,0,0,0,,20220813
10251567,2,11710,11200,0113,0001,,서울특별시 송파구 오금동 113-1번지,서울특별시 송파구 문정로23길 3 (오금동),02000,공동주택,16,0,2,0,0,0,117104169137,11201,0,00003,00000,653.38,0,0,0,0,0,,20220813
10251100471433,2,11710,11200,0115,0007,서도휴빌,서울특별시 송파구 오금동 115-7번지,,02000,도시형생활주택(단지형 다세대주택),28,0,3,0,0,23,,,0,00000,00000,1567.22,783.7,398.65,1567.22,50.87,199.98,20150730,20220813
10251100523822,2,11710,11200,0118,0000,스타빌리지,서울특별시 송파구 오금동 118번지,서울특별시 송파구 동남로30길 30 (오금동),02000,도시형생활주택,20,0,2,0,0,16,117104169069,11201,0,00030,00000,1151.62,576.3,299.33,1151.62,51.94,199.83,20190102,20220813
10251100526722,2,11710,11200,0119,0007,더존에이스빌,서울특별시 송파구 오금동 119-7번지,서울특별시 송파구 마천로25길 11 (오금동),02000,도시형생활주택,20,0,2,0,0,16,117104169091,11201,0,00011,00000,1129.79,564.9,336.49,1129.79,59.57,200,20190423,20220813
10251364,1,11710,11200,0129,0000,,서울특별시 송파구 오금동 129번지,서울특별시 송파구 동남로 306 (오금동),04000,,0,1,2,0,0,0,117103000034,11204,0,00306,00000,500.43,0,0,0,0,0,,20220813
10251100520041,2,11710,11200,0131,0009,그랑밸리,서울특별시 송파구 오금동 131-9번지,서울특별시 송파구 동남로28길 11 (오금동),02000,도시형생활주택(단지형다세대주택),20,0,2,0,0,16,117104169066,11201,0,00011,00000,1265.58,633.7,332.67,1265.58,52.5,199.71,20180725,20220813
10251100565833,2,11710,11200,0133,0021,JK HOUSE,서울특별시 송파구 오금동 133-21번지,서울특별시 송파구 마천로 200 (오금동),02000,도시형생활주택,20,0,2,0,0,16,117103123004,11202,0,00200,00000,1246.86,623.6,335.12,1246.86,53.74,199.95,20220503,20220813
10251100525223,2,11710,11200,0135,0000,송파 두산위브,서울특별시 송파구 오금동 135번지,,02000,공동주택(아파트),269,0,3,3,0,283,,,0,00000,00000,35327.6121,6825.2,2138.7643,26346.47,31.34,386.02,20190227,20220813
10251190,2,11710,11200,0138,0000,오금동 우방아파트,서울특별시 송파구 오금동 138번지,서울특별시 송파구 성내천로 87 (오금동),02000,공동주택(아파트)| 생활편익시설,196,0,4,2,0,231,117103123010,11201,0,00087,00000,29078.96,5599.7,1864.8,20132.14,33.3,359.52,,20250512
10251100497030,2,11710,11200,0152,0005,제니스빌,서울특별시 송파구 오금동 152-5번지,,02000,도시형생활주택,24,0,2,0,0,20,,,0,00000,00000,1319.8,718.2,418.52,1319.8,58.27,183.76,20170209,20220813
10251551,1,11710,11200,0155,0010,,서울특별시 송파구 오금동 155-10번지,서울특별시 송파구 동남로24길 17 (오금동),03000,근린생활시설| 자동차관련시설,0,0,3,0,0,2,117104169064,11201,0,00017,00000,361.86,654.6,347.01,347.01,53.01,53.01,,20220813
10251568,2,11710,11200,0160,0000,,서울특별시 송파구 오금동 160번지,서울특별시 송파구 문정로 195 (오금동),02000,공동주택,237,0,3,0,0,93,117103123005,11203,0,00195,00000,22062.98,0,0,0,0,0,,20251023
10251433,1,11710,11200,0162,0000,보인중고등학교,서울특별시 송파구 오금동 162번지,서울특별시 송파구 오금로49길 18 (오금동),10000,교육연구시설,0,0,5,3,0,97,117104169405,11201,0,00018,00000,19460.38,24144.3,4823.15,16607.26,19.98,68.78,19790711,20220813
10251569,2,11710,11200,0164,0000,,서울특별시 송파구 오금동 164번지,서울특별시 송파구 동남로24길 6 (오금동),02000,공동주택,293,0,5,0,0,0,117104169064,11201,0,00006,00000,35430.58,0,0,0,0,0,,20251015
10251191,2,11710,11200,0165,0000,,서울특별시 송파구 오금동 165번지,서울특별시 송파구 오금로 407 (오금동),02000,공동주택,750,0,7,0,64,0,117103123014,11205,0,00407,00000,66979.77,0,0,0,0,0,,20220813
10251269,2,11710,11200,0166,0000,,서울특별시 송파구 오금동 166번지,서울특별시 송파구 오금로 405 (오금동),02000,공동주택,226,0,3,0,0,0,117103123014,11205,0,00405,00000,26349.07,0,0,0,0,0,,20220813
10251552,1,11710,11200,0227,0001,,서울특별시 송파구 오금동 227-1번지,,03000,근린생활시설,0,0,2,0,0,0,,,0,00000,00000,405.08,359.48,359.48,37.89,37.89,37.89,,20220813
10251563,1,11710,11200,0268,0000,,서울특별시 송파구 오금동 268번지,,21000,단독주택,0,2,2,0,0,0,,,0,00000,00000,203.97,0,0,0,0,0,,20220813
10251553,1,11710,11200,0341,0000,,서울특별시 송파구 오금동 341번지,,01000,주택,0,12,12,0,0,0,,,0,00000,00000,319.66,0,0,0,0,0,,20220813
10251264,1,11710,11200,0541,0000,,서울특별시 송파구 오금동 541번지,,01000,주택,0,2,2,0,0,0,,,0,00000,00000,68.1,0,0,0,0,0,,20220813
10251100508881,2,11710,11200,0616,0000,송파레미니스,서울특별시 송파구 오금동 616번지,,02000,공동주택(아파트),575,0,6,8,4,612,,,0,00000,00000,69081.24,21813,3625.7,47719.94,16.62,218.77,20171102,20220813
10251100518201,2,11710,11200,0617,0000,송파레미니스2단지,서울특별시 송파구 오금동 617번지,서울특별시 송파구 동남로 341 (오금동),02000,공동주택(아파트),818,0,8,9,7,886,117103000034,11204,0,00341,00000,96119.15,33255,5427.09,71882.36,16.32,216.16,20180605,20220813
10251100562942,1,11710,11200,0618,0003,센트럴오금,서울특별시 송파구 오금동 618-3번지,서울특별시 송파구 동남로29길 4 (오금동),04000,근린생활시설,0,0,2,1,47,62,117104169067,11201,0,00004,00000,7953.88,2066.7,1029.63,5164.73,49.82,249.9,20220210,20220813
10251100515241,2,11710,11200,0619,0000,송파호반베르디움더퍼스트,서울특별시 송파구 오금동 619번지,서울특별시 송파구 동남로 342 (오금동),02000,아파트,220,0,4,12,5,400,117103000034,11204,0,00342,00000,48124.8788,13113,2456.0459,29370.4773,18.73,223.98,20180223,20220813
10251167,1,11710,11300,0002,0002,,서울특별시 송파구 거여동 2-2번지,서울특별시 송파구 거마로15길 23 (거여동),01000,단독주택 외1,0,10,2,0,0,0,117104169038,11301,0,00023,00000,594.32,0,0,0,0,0,,20220813
10251216,2,11710,11300,0002,0014,,서울특별시 송파구 거여동 2-14번지,서울특별시 송파구 성내천로20길 9 (거여동),02000,공동주택,12,0,2,0,0,0,117104169251,11301,0,00009,00000,654.87,0,0,0,0,0,,20220813
10251100535502,2,11710,11300,0004,0004,더숲,서울특별시 송파구 거여동 4-4번지,서울특별시 송파구 성내천로 126-9 (거여동),02000,도시형생활주택,29,0,2,0,0,15,117103123010,11302,0,00126,00009,1057.25,549.5,302.28,1057.25,55.01,192.4,20200629,20220813
10251611,1,11710,11300,0005,0008,종합사회복지관,서울특별시 송파구 거여동 5-8번지,서울특별시 송파구 오금로51길 34 (거여동),11000,노유자시설,0,0,2,0,0,11,117104169407,11301,0,00034,00000,2197.87,1847.4,819.18,2018.92,44.34,109.28,,20220813
10251266,2,11710,11300,0010,0000,,서울특별시 송파구 거여동 10번지,서울특별시 송파구 거마로9길 35-3 (거여동),02000,공동주택,12,0,2,0,0,0,117104169050,11301,0,00035,00003,634.17,0,0,0,0,0,,20220813
10251278,1,11710,11300,0011,0000,,서울특별시 송파구 거여동 11번지,서울특별시 송파구 오금로51길 20 (거여동),11000,교육연구및복지시설 외1,0,0,3,0,0,0,117104169407,11301,0,00020,00000,208.68,0,0,0,0,0,,20220813
10251100237969,1,11710,11300,0012,0000,서울영풍초등학교,서울특별시 송파구 거여동 12번지,서울특별시 송파구 오금로57길 15 (거여동),,,0,0,2,4,0,39,117104169411,11301,0,00015,00000,9468.68,11274.2,2696.54,9410.33,23.92,83.47,,20220813
10251100447207,1,11710,11300,0019,0004,,서울특별시 송파구 거여동 19-4번지,,19000,위험물저장및처리시설(주유소)| 자동차관련시설(세차장),0,0,2,0,0,2,,,0,00000,00000,340.74,642.6,302.49,340.74,47.07,53.02,,20220813
10251100504201,2,11710,11300,0023,0001,성우스타팰리스,서울특별시 송파구 거여동 23-1번지,,02000,도시형생활주택,40,0,4,1,10,39,,,0,00000,00000,3853.03,1173.5,586.69,2930.56,49.99,249.72,20170718,20220813
10251366,2,11710,11300,0028,0000,쌍용스윗닷홈 거여역1차,서울특별시 송파구 거여동 28번지,서울특별시 송파구 오금로62길 10 (거여동),02000,공동주택(아파트),95,0,2,2,0,136,117104169414,11301,0,00010,00000,16369.76,5507.6,1385.17,11008.68,25.15,199.88,20060418,20220813
10251612,1,11710,11300,0041,0000,,서울특별시 송파구 거여동 41번지,서울특별시 송파구 거마로2길 3-12 (거여동),01000,단독주택,9,2,3,0,0,0,117104169045,11301,0,00003,00012,88.6,0,0,0,0,0,,20220813
10251641,2,11710,11300,0044,0000,,서울특별시 송파구 거여동 44번지,서울특별시 송파구 오금로61길 20 (거여동),02000,,280,0,4,0,0,0,117104169413,11301,0,00020,00000,3923.24,0,0,0,0,0,,20220813
10251168,1,11710,11300,0046,0000,,서울특별시 송파구 거여동 46번지,,01000,주택,0,2,2,0,0,0,,,0,00000,00000,101.16,0,0,0,0,0,,20220813
10251267,2,11710,11300,0046,0000,,서울특별시 송파구 거여동 46번지,,02000,공동주택,303,0,4,0,0,0,,,0,00000,00000,32508.02,0,0,0,0,0,,20220813
10251169,1,11710,11300,0058,0001,,서울특별시 송파구 거여동 58-1번지,서울특별시 송파구 문정로 160-7 (거여동),10000,교육연구및복지시설,0,0,2,1,0,0,117103123005,11304,0,00160,00007,1066.6,0,0,0,0,0,,20220813
10251621,2,11710,11300,0129,0000,성동레인보우아파트,서울특별시 송파구 거여동 129번지,서울특별시 송파구 거마로15길 12 (거여동),02000,아파트| 근린생활시설,42,0,2,1,0,43,117104169038,11301,0,00012,00000,5757.18,2000.6,689.59,4242.54,34.47,212.06,,20220813
10251100512122,1,11710,11300,0135,0050,,서울특별시 송파구 거여동 135-50번지,,01000,단독주택,0,2,2,0,0,3,,,0,00000,00000,366.66,326,149.12,322.98,45.74,99.07,,20220813
10251622,2,11710,11300,0136,0000,삼호아파트,서울특별시 송파구 거여동 136번지,서울특별시 송파구 거마로9길 19 (거여동),02000,공동주택(아파트)| 부대시설,142,0,2,2,0,147,117104169050,11301,0,00019,00000,18027.81,4077.7,1175.78,14078.66,28.83,345.26,,20220813
1025132,1,11710,11300,0145,0035,,서울특별시 송파구 거여동 145-35번지,서울특별시 송파구 오금로 460 (거여동),23000,공공용시설,0,0,6,1,0,0,117103123014,11306,0,00460,00000,17076.01,0,0,0,0,0,,20220813
10251631,1,11710,11300,0174,0000,,서울특별시 송파구 거여동 174번지,,01000,단독주택,0,5,5,0,0,0,,,0,00000,00000,200.65,0,0,0,0,0,,20220813
10251262,1,11710,11300,0178,0003,,서울특별시 송파구 거여동 178-3번지,서울특별시 송파구 오금로59길 19 (거여동),01000,단독주택,0,7,3,0,0,0,117104169412,11301,0,00019,00000,288.66,0,0,0,0,0,,20220813
1025127,1,11710,11300,0195,0000,,서울특별시 송파구 거여동 195번지,,01000,단독주택,0,2,2,0,0,0,,,0,00000,00000,74.38,0,0,0,0,0,,20220813
10251632,1,11710,11300,0213,0000,,서울특별시 송파구 거여동 213번지,,01000,단독주택,0,2,2,0,0,0,,,0,00000,00000,417.93,0,0,0,0,0,,20220813
10251616,1,11710,11300,0225,0014,,서울특별시 송파구 거여동 225-14번지,,01000,단독주택,0,2,2,1,0,0,,,0,00000,00000,88.87,142,0,0,0,0,,20220813
10251617,1,11710,11300,0225,0015,,서울특별시 송파구 거여동 225-15번지,,02000,단독주택,8,0,1,0,0,0,,,0,00000,00000,106.27,0,0,0,0,0,,20220813
10251429,1,11710,11300,0225,0133,,서울특별시 송파구 거여동 225-133번지,서울특별시 송파구 오금로68길 25-4 (거여동),01000,근린생활시설| 주택,0,8,2,0,0,14,117104169423,11301,0,00025,00004,1720.9,792,407.54,1000.85,51.45,126.37,,20220813
10251249,1,11710,11300,0251,0023,기쁨의 샘터 증축공사,서울특별시 송파구 거여동 251-23번지,서울특별시 송파구 양산로8길 17 (거여동),11000,교육연구및복지시설|장애인복지시설,0,0,3,0,0,0,117104169365,11301,0,00017,00000,3996.87,2285,1038.29,3636.46,45.43,159.14,,20220813
10251642,2,11710,11300,0251,0071,,서울특별시 송파구 거여동 251-71번지,서울특별시 송파구 양산로 40-22 (거여동),02000,공동주택,15,0,2,0,0,0,117103123022,11301,0,00040,00022,1043.17,594,0,0,0,0,,20220813
10251643,2,11710,11300,0290,0000,,서울특별시 송파구 거여동 290번지,서울특별시 송파구 양산로8길 8 (거여동),02000,공동주택(아파트),1004,0,10,5,0,554,117104169365,11301,0,00008,00000,79417.5,23445.8,7271.75,6465.2,30,275.57,,20220813
10251644,2,11710,11300,0291,0000,,서울특별시 송파구 거여동 291번지,서울특별시 송파구 양산로8길 24 (거여동),02000,공동주택(아파트),478,0,12,5,0,0,117104169365,11301,0,00024,00000,90784.6,27940.5,6024.45,65724.16,21.55,235.13,,20220813
10251626,2,11710,11300,0292,0000,거여3단지아파트,서울특별시 송파구 거여동 292번지,서울특별시 송파구 양산로2길 44 (거여동),02000,공동주택(아파트)| 근린생활시설,598,0,10,4,0,430,117104169362,11301,0,00044,00000,52376.697,16950.1,4817.126,36738.03,28.42,216.74,,20240423
10251627,2,11710,11300,0293,0000,거여4단지아파트,서울특별시 송파구 거여동 293번지,서울특별시 송파구 양산로4길 8 (거여동),02000,공동주택(아파트),545,0,6,0,0,0,117104169363,11301,0,00008,00000,43710.8,15688.7,3779.44,0,24.3,240.54,,20221116
10251645,2,11710,11300,0294,0000,,서울특별시 송파구 거여동 294번지,서울특별시 송파구 양산로4길 16 (거여동),02000,공동주택,605,0,7,7,0,0,117104169363,11301,0,00016,00000,61834.14,14586,4362.71,0,29.9,344.14,,20220813
10251618,2,11710,11300,0295,0000,거여6단지아파트,서울특별시 송파구 거여동 295번지,서울특별시 송파구 양산로2길 38 (거여동),02000,공동주택(아파트),660,0,7,0,0,0,117104169362,11301,0,00038,00000,47207.85,0,3949.71,0,30.02,277.86,,20220813
10251100468962,1,11710,11300,0331,0000,서울인공지능고등학교,서울특별시 송파구 거여동 331번지,,10000,교육연구시설(고등학교),0,0,2,2,0,8,,,0,00000,00000,15547.37,16272,4503.35,15238.82,27.68,93.65,,20240724
1025134,1,11710,11300,0341,0000,,서울특별시 송파구 거여동 341번지,,01000,단독주택,0,4,4,0,0,0,,,0,00000,00000,153.38,0,0,0,0,0,,20220813
10251628,2,11710,11300,0356,0000,우방1차아파트,서울특별시 송파구 거여동 356번지,서울특별시 송파구 오금로56길 16 (거여동),02000,공동주택(아파트)| 부대복리시설,257,0,4,3,0,285,117104169410,11301,0,00016,00000,36893.941,7926.3,2380.769,25699.247,30.04,324.23,,20220813
10251646,2,11710,11300,0362,0000,,서울특별시 송파구 거여동 362번지,서울특별시 송파구 오금로54길 10 (거여동),02000,공동주택,497,0,6,0,0,318,117104169409,11301,0,00010,00000,51595.51,0,0,0,0,0,,20240318
10251280,1,11710,11300,0375,0000,,서울특별시 송파구 거여동 375번지,,01000,단독주택,0,2,0,0,0,0,,,0,00000,00000,69.75,0,0,0,0,0,,20220813
10251172,1,11710,11300,0544,0002,,서울특별시 송파구 거여동 544-2번지,서울특별시 송파구 오금로66길 7-1 (거여동),01000,단독주택,0,6,2,0,0,0,117104169421,11301,0,00007,00001,267.02,0,0,0,0,0,,20220813
1025136,1,11710,11300,0544,0004,,서울특별시 송파구 거여동 544-4번지,서울특별시 송파구 오금로66길 9-1 (거여동),01000,단독주택,0,2,2,0,0,0,117104169421,11301,0,00009,00001,95.07,0,0,0,0,0,,20220813
10251263,1,11710,11300,0545,0005,,서울특별시 송파구 거여동 545-5번지,서울특별시 송파구 오금로66길 6-6 (거여동),01000,단독주택,0,3,3,0,0,0,117104169421,11301,0,00006,00006,92.3,183,92.3,92.3,50.44,50.44,,20220813
10251281,1,11710,11300,0548,0003,,서울특별시 송파구 거여동 548-3번지,,01000,단독주택,0,2,2,0,0,0,,,0,00000,00000,151.9,0,0,0,0,0,,20220813
1025137,1,11710,11300,0548,0008,,서울특별시 송파구 거여동 548-8번지,,01000,단독주택,0,2,2,0,0,0,,,0,00000,00000,253.79,0,0,0,0,0,,20220813
10251173,1,11710,11300,0550,0005,,서울특별시 송파구 거여동 550-5번지,,01000,단독주택,0,2,2,0,0,0,,,0,00000,00000,90.45,0,0,0,0,0,,20220813
10251153,2,11710,11300,0593,0000,어울림 아파트,서울특별시 송파구 거여동 593번지,서울특별시 송파구 오금로56길 28 (거여동),02000,공동주택,140,0,3,3,0,209,117104169410,11301,0,00028,00000,24426.18,5518.8,1332.29,17719.78,24.14,321.08,20031129,20250716
10251100561362,2,11710,11300,0597,0000,송파 레이크파크 호반써밋Ⅰ,서울특별시 송파구 거여동 597번지,서울특별시 송파구 위례송파로 40 (거여동),02000,공동주택(아파트),689,0,11,5,16,1692,117103352706,11301,0,00040,00000,175221.677,50151.4,9211.5644,95277.6911,18.37,189.98,20220128,20220813
10251100539182,2,11710,11300,0599,0000,위례 포레샤인 13단지,서울특별시 송파구 거여동 599번지,서울특별시 송파구 위례서이로 25 (거여동),02000,공동주택(아파트),560,0,10,12,4,584,117103353116,11301,0,00025,00000,66974.41,23297,4451.72,43542.81,19.11,186.9,20201222,20220813
10251100530182,1,11710,11300,0601,0000,위례제일주유소,서울특별시 송파구 거여동 601번지,서울특별시 송파구 위례서로 260 (거여동),19000,위험물저장및처리시설,0,0,2,0,0,5,117103000237,11302,0,00260,00000,782.65,1871,564.12,782.65,30.15,41.83,20191115,20220813
10251100558122,2,11710,11300,0606,0000,송파 레이크힐,서울특별시 송파구 거여동 606번지,서울특별시 송파구 위례송파로 89 (거여동),02000,공동주택(아파트),394,0,6,24,5,501,117103352706,11301,0,00089,00000,58332.25,20420,4174.71,39989.14,20.44,195.83,20210810,20220813
10251100562084,2,11710,11300,0607,0000,송파 레이크파크 호반써밋Ⅱ,서울특별시 송파구 거여동 607번지,서울특별시 송파구 위례송파로 80 (거여동),02000,공동주택(아파트),700,0,12,7,15,1719,117103352706,11301,0,00080,00000,180155.2462,46568,9983.8973,97545.2251,21.44,209.47,20220128,20220813
10251100537302,2,11710,11300,0648,0000,위례 포레샤인 18단지,서울특별시 송파구 거여동 648번지,서울특별시 송파구 위례북로4길 12 (거여동),02000,공동주택(아파트),685,0,14,10,7,863,117104858472,11301,0,00012,00000,101048.44,32454,12778.13,72258.53,39.37,222.65,20201028,20220813
10251100556202,2,11710,11300,0651,0000,포레나송파,서울특별시 송파구 거여동 651번지,서울특별시 송파구 위례송파로 123 (거여동),02000,공동주택(아파트),1282,0,20,23,19,1667,117103352706,11301,0,00123,00000,195996.32,61476.1,12183.77,130871.46,19.82,212.88,20210806,20221216
10251100559122,2,11710,11300,0654,0000,송파 위례 리슈빌,서울특별시 송파구 거여동 654번지,서울특별시 송파구 위례송파로 124 (거여동),02000,공동주택(아파트),494,0,9,11,15,915,117103352706,11301,0,00124,00000,106742.3237,33017.6,6135.8941,69328.3819,18.58,209.97,20211012,20220813
10251100564442,2,11710,11300,0696,0000,e편한세상 송파 파크센트럴,서울특별시 송파구 거여동 696번지,서울특별시 송파구 오금로 551 (거여동),02000,아파트,1199,0,15,8,33,1479,117103123014,11306,0,00551,00000,180054.32,43504.4,8963.44,120147.33,20.6,276.17,20210517,20220813
1000000000000001009902,2,11710,11300,0697,0000,송파시그니처롯데캐슬,서울특별시 송파구 거여동 697번지,서울특별시 송파구 거마로 56 (거여동),02000,공동주택(아파트),1945,0,18,16,53,2448,117103123003,11301,0,00056,00000,296331.05,68726,13394.41,187845.59,19.49,273.33,20211231,20230103
10251640,1,11710,11300,0058,0000,,서울특별시 송파구 거여동 산58번지,,01000,단독주택,0,3,3,0,0,0,,,0,00000,00000,105.12,0,0,0,0,0,,20220813
1000000000000002522112,1,11710,11300,0000,0000,근린공원 3호 공중화장실,서울특별시 송파구 거여동 블록,,03000,공중화장실,0,0,2,0,0,0,,,0,00000,00000,99.92,42448,99.92,99.92,0.24,0.24,20231025,20231025
10251100479642,2,11710,11400,0001,0012,해담채,서울특별시 송파구 마천동 1-12번지,,02000,도시형생활주택(단지형다세대),24,0,3,0,0,18,,,0,00000,00000,1811,1070,442.7,1354.14,41.37,126.56,20160427,20220813
10251647,1,11710,11400,0004,0000,,서울특별시 송파구 마천동 4번지,,01000,단독주택,0,4,4,0,0,0,,,0,00000,00000,137.86,0,0,0,0,0,,20220813
10251100468594,2,11710,11400,0005,0014,레이크뷰2차,서울특별시 송파구 마천동 5-14번지,,02000,도시형생활주택(단지형다세대),30,0,3,0,0,24,,,0,00000,00000,1899.12,952,496.71,1899.12,52.18,199.49,,20220813
10251100464935,2,11710,11400,0005,0021,레이크뷰,서울특별시 송파구 마천동 5-21번지,,02000,도시형생활주택(단지형다세대),30,0,3,0,0,24,,,0,00000,00000,1873.605,937.4,493.62,1873.605,52.66,199.87,20141107,20220813
10251648,1,11710,11400,0006,0000,,서울특별시 송파구 마천동 6번지,,01000,단독주택,0,2,2,0,0,0,,,0,00000,00000,87.61,0,0,0,0,0,,20220813
10251100480463,2,11710,11400,0008,0000,대성파크앤리버,서울특별시 송파구 마천동 8번지,,02000,단지형다세대주택,20,0,2,0,0,16,,,0,00000,00000,1052.28,526.4,299.87,1052.28,56.97,199.9,20160603,20220813
1025168,1,11710,11400,0011,0000,,서울특별시 송파구 마천동 11번지,서울특별시 송파구 성내천로23길 12 (마천동),11000,단독주택 외1,0,2,6,0,0,0,117104169255,11401,0,00012,00000,355.64,0,0,0,0,0,,20220813
10251208,2,11710,11400,0012,0001,,서울특별시 송파구 마천동 12-1번지,서울특별시 송파구 거마로27길 30 (마천동),02000,공동주택,9,0,2,0,0,0,117104169044,11401,0,00030,00000,472.95,0,0,0,0,0,,20220813
10251100483513,2,11710,11400,0015,0001,더존에이스빌,서울특별시 송파구 마천동 15-1번지,,02000,도시형생활주택(단지형다세대주택),15,0,2,0,0,12,,,0,00000,00000,830.06,437.8,241.99,830.06,55.27,189.6,20160824,20220813
10251253,1,11710,11400,0015,0006,,서울특별시 송파구 마천동 15-6번지,서울특별시 송파구 마천로31길 22 (마천동),04000,제2종근린생활시설,0,0,2,0,0,0,117104169096,11401,0,00022,00000,1223.3,0,0,0,0,0,,20220813
1025190,2,11710,11400,0015,0011,,서울특별시 송파구 마천동 15-11번지,서울특별시 송파구 성내천로23길 36-7 (마천동),02000,공동주택,12,0,2,0,0,0,117104169255,11401,0,00036,00007,565.68,0,0,0,0,0,,20220813
1025160,2,11710,11400,0020,0000,신동아 아파트,서울특별시 송파구 마천동 20번지,서울특별시 송파구 마천로 237 (마천동),02000,공동주택(아파트)| 생활편익시설,134,0,3,3,0,141,117103123004,11404,0,00237,00000,16486.08,4651.5,1451.18,12775.21,31.2,274.65,,20230731
10251100521261,2,11710,11400,0021,0000,송파건원여미지아파트,서울특별시 송파구 마천동 21번지,,02000,아파트,107,0,2,0,0,92,,,0,00000,00000,10494.912,3244.3,839.6,8110.111,25.88,249.98,20181008,20220813
10251100447166,2,11710,11400,0026,0007,브라운캐슬,서울특별시 송파구 마천동 26-7번지,,02000,공동주택,16,0,2,0,0,13,,,0,00000,00000,794.34,403.5,242,794.34,59.97,196.86,20130225,20220813
10251100447266,2,11710,11400,0026,0015,신여명,서울특별시 송파구 마천동 26-15번지,,02000,,16,0,2,0,0,11,,,0,00000,00000,739.886,381.5,213.57,739.886,55.98,193.94,20130305,20220813
10251100456926,1,11710,11400,0027,0000,1,서울특별시 송파구 마천동 27번지,,,,0,0,0,0,0,0,,,0,00000,00000,0,0,0,0,0,0,,20220813
10251100526982,2,11710,11400,0048,0000,라비앙빌리지,서울특별시 송파구 마천동 48번지,서울특별시 송파구 성내천로24길 1 (마천동),02000,도시형생활주택단지형다세대 및 근린생활시설,27,0,2,0,0,17,117104169256,11401,0,00001,00000,1227.64,539.7,320.83,1077.4,59.45,199.63,20190426,20220813
1025161,2,11710,11400,0085,0001,,서울특별시 송파구 마천동 85-1번지,,02000,연립주택,54,0,5,0,0,0,,,0,00000,00000,3726.15,0,0,0,0,0,,20220813
10251653,1,11710,11400,0088,0028,,서울특별시 송파구 마천동 88-28번지,서울특별시 송파구 마천로39길 38-23 (마천동),01000,단독주택,0,1,1,1,0,0,117104169100,11401,0,00038,00023,154.03,0,0,0,0,0,,20220813
10251343,1,11710,11400,0093,0005,,서울특별시 송파구 마천동 93-5번지,서울특별시 송파구 거마로24길 11 (마천동),06000,교육연구및복지시설|어린이집,0,0,3,2,0,21,117104169043,11401,0,00011,00000,3003.52,2933,1004.37,2201.26,34.24,75.05,,20220813
10251194,1,11710,11400,0127,0001,,서울특별시 송파구 마천동 127-1번지,서울특별시 송파구 마천로 287 (마천동),03000,공공업무시설(동주민센터)|노유자시설(어린이집),0,0,2,0,0,0,117103123004,11404,0,00287,00000,2572.5,1941,699.18,1858.98,36.02,95.77,,20250514
10251279,1,11710,11400,0128,0001,,서울특별시 송파구 마천동 128-1번지,서울특별시 송파구 마천로41길 26 (마천동),04000,제2종근린생활시설,0,0,2,0,0,0,117104169102,11401,0,00026,00000,1303.5,0,0,0,0,0,,20220813
10251657,1,11710,11400,0128,0095,,서울특별시 송파구 마천동 128-95번지,,03000,근린생활시설| 단독주택,0,1,2,0,0,0,,,0,00000,00000,556.35,343.2,0,0,0,0,,20220813
1025170,1,11710,11400,0133,0001,,서울특별시 송파구 마천동 133-1번지,서울특별시 송파구 거마로22길 26-14 (마천동),04000,,0,0,2,0,0,0,117104169042,11401,0,00026,00014,77.49,0,0,0,0,0,,20220813
1025171,1,11710,11400,0134,0005,,서울특별시 송파구 마천동 134-5번지,,01000,,0,3,3,0,0,0,,,0,00000,00000,100.33,0,0,0,0,0,,20220813
10251255,1,11710,11400,0134,0011,,서울특별시 송파구 마천동 134-11번지,서울특별시 송파구 거마로22길 32 (마천동),03000,,0,2,2,0,0,0,117104169042,11401,0,00032,00000,134.47,0,0,0,0,0,,20220813
10251196,1,11710,11400,0134,0013,,서울특별시 송파구 마천동 134-13번지,서울특별시 송파구 마천로45길 17 (마천동),03000,,0,1,3,0,0,0,117104169105,11401,0,00017,00000,165.68,0,0,0,0,0,,20220813
1025172,1,11710,11400,0135,0011,,서울특별시 송파구 마천동 135-11번지,서울특별시 송파구 마천로41길 25-1 (마천동),03000,제1종근린생활시설,0,1,2,0,0,0,117104169102,11401,0,00025,00001,438.66,0,0,0,0,0,,20220813
10251242,1,11710,11400,0140,0002,,서울특별시 송파구 마천동 140-2번지,,03000,제2종근린생활시설 외1,0,0,2,0,0,0,,,0,00000,00000,1196.45,0,0,0,0,0,,20220813
10251361,2,11710,11400,0140,0002,,서울특별시 송파구 마천동 140-2번지,,07000,,0,0,4,0,0,0,,,0,00000,00000,1841.15,0,0,0,0,0,,20220813
1025169,1,11710,11400,0141,0013,,서울특별시 송파구 마천동 141-13번지,,03000,제1종근린생활시설,0,2,2,0,0,0,,,0,00000,00000,147.19,0,0,0,0,0,,20220813
102515,1,11710,11400,0146,0007,,서울특별시 송파구 마천동 146-7번지,서울특별시 송파구 마천로51가길 23 (마천동),03000,근린생활시설,0,2,2,0,0,2,117104169111,11401,0,00023,00000,616.71,290.74,173.53,489.21,59.69,168.26,,20220813
10251257,1,11710,11400,0151,0000,,서울특별시 송파구 마천동 151번지,,01000,주택,0,3,3,0,0,0,,,0,00000,00000,117.68,0,0,0,0,0,,20220813
1025173,1,11710,11400,0156,0002,,서울특별시 송파구 마천동 156-2번지,,01000,단독주택,0,2,2,0,0,0,,,0,00000,00000,236.97,0,0,0,0,0,,20220813
10251178,1,11710,11400,0158,0002,,서울특별시 송파구 마천동 158-2번지,서울특별시 송파구 성내천로 223 (마천동),03000,근린생활시설,0,0,3,0,0,10,117103123010,11403,0,00223,00000,1172.01,712,269.74,957.55,37.88,134.49,,20220813
10251198,1,11710,11400,0159,0212,,서울특별시 송파구 마천동 159-212번지,서울특별시 송파구 성내천로33가길 10 (마천동),01000,단독주택,0,2,2,0,0,0,117104169267,11401,0,00010,00000,639.6,0,0,0,0,0,,20220813
1025162,2,11710,11400,0159,0217,,서울특별시 송파구 마천동 159-217번지,서울특별시 송파구 성내천로35길 5 (마천동),02000,연립주택| 관리사무실,84,0,3,3,0,0,117104169550,11401,0,00005,00000,11419.52,0,0,0,0,0,,20220813
10251658,1,11710,11400,0169,0001,,서울특별시 송파구 마천동 169-1번지,서울특별시 송파구 성내천로32가길 2 (마천동),01000,주택,0,2,2,0,0,0,117104169264,11401,0,00002,00000,188.65,0,0,0,0,0,,20220813
1025163,2,11710,11400,0170,0003,,서울특별시 송파구 마천동 170-3번지,서울특별시 송파구 성내천로34가길 11 (마천동),02000,공동주택,18,0,3,0,0,0,117104169271,11401,0,00011,00000,2922,0,0,0,0,0,,20220813
1025164,2,11710,11400,0170,0033,,서울특별시 송파구 마천동 170-33번지,서울특별시 송파구 성내천로34가길 9 (마천동),02000,다세대주택,18,0,2,0,0,0,117104169271,11401,0,00009,00000,1162.38,0,0,0,0,0,,20220813
10251659,1,11710,11400,0178,0000,,서울특별시 송파구 마천동 178번지,,01000,주택,0,3,3,0,0,0,,,0,00000,00000,112.73,0,0,0,0,0,,20220813
10251660,1,11710,11400,0181,0004,,서울특별시 송파구 마천동 181-4번지,,01000,주택,0,2,2,0,0,0,,,0,00000,00000,339.7,0,0,0,0,0,,20220813
10251239,1,11710,11400,0183,0004,서울마천초등학교,서울특별시 송파구 마천동 183-4번지,서울특별시 송파구 마천로61다길 24 (마천동),10000,교육연구시설,0,0,3,5,0,0,117104169123,11401,0,00024,00000,10526.71,11217,3284,10526.71,29.28,93.85,,20220813
10251661,1,11710,11400,0183,0056,마천어린이집,서울특별시 송파구 마천동 183-56번지,서울특별시 송파구 마천로61다길 28-7 (마천동),11000,새마을유아원,0,0,2,0,0,0,117104169123,11401,0,00028,00007,813.32,1344,468.7,789.35,34.8735,58.7314,,20230111
10251662,1,11710,11400,0185,0001,,서울특별시 송파구 마천동 185-1번지,,02000,근린생활시설| 주택,16,0,1,1,0,0,,,0,00000,00000,125.29,0,0,0,0,0,,20220813
10251275,1,11710,11400,0185,0002,,서울특별시 송파구 마천동 185-2번지,,03000,단독주택 외1,0,3,3,0,0,0,,,0,00000,00000,944.58,0,0,0,0,0,,20220813
1025175,1,11710,11400,0190,0042,,서울특별시 송파구 마천동 190-42번지,서울특별시 송파구 마천로51가길 2 (마천동),04000,근린생활시설,0,0,2,0,0,0,117104169111,11401,0,00002,00000,396.01,0,0,0,0,0,,20220813
10251365,1,11710,11400,0194,0001,,서울특별시 송파구 마천동 194-1번지,서울특별시 송파구 성내천로34길 12 (마천동),20000,근린생활시설 외2,0,0,3,0,0,0,117104169272,11401,0,00012,00000,1667.9,1811,545.1,1380.9,30.01,76.25,,20220813
10251265,2,11710,11400,0199,0025,,서울특별시 송파구 마천동 199-25번지,서울특별시 송파구 성내천로35길 8-7 (마천동),02000,공동주택,12,0,2,0,0,0,117104169550,11401,0,00008,00007,899.56,0,0,0,0,0,,20220813
10251100529682,1,11710,11400,0202,0017,,서울특별시 송파구 마천동 202-17번지,,01000,단독주택,0,0,2,0,0,0,,,0,00000,00000,468.79,0,0,0,0,0,,20220813
1025116,1,11710,11400,0207,0034,,서울특별시 송파구 마천동 207-34번지,,01000,단독주택,0,2,2,0,0,0,,,0,00000,00000,365.04,0,0,0,0,0,,20220813
10251415,1,11710,11400,0211,0008,,서울특별시 송파구 마천동 211-8번지,서울특별시 송파구 성내천로 282 (마천동),01000,단독주택,0,2,2,0,0,0,117103123010,11403,0,00282,00000,69.84,100,0,0,0,0,,20220813
10251663,1,11710,11400,0211,0024,,서울특별시 송파구 마천동 211-24번지,서울특별시 송파구 성내천로46길 2-3 (마천동),01000,단독주택,0,2,2,0,0,0,117104169287,11401,0,00002,00003,45.12,0,0,0,0,0,,20220813
10251363,1,11710,11400,0211,0039,,서울특별시 송파구 마천동 211-39번지,서울특별시 송파구 마천로61길 26 (마천동),04000,,0,1,2,0,0,0,117104169121,11401,0,00026,00000,1940.61,0,0,0,0,0,,20220813
10251664,1,11710,11400,0213,0004,,서울특별시 송파구 마천동 213-4번지,서울특별시 송파구 성내천로 287 (마천동),20000,근린생활시설| 자동차관련시설,0,0,2,0,0,2,117103123010,11403,0,00287,00000,323.94,576.3,263.94,345.01,45.79,59.87,,20220813
1025176,1,11710,11400,0272,0000,,서울특별시 송파구 마천동 272번지,,01000,단독주택,0,3,3,0,0,0,,,0,00000,00000,167.28,0,0,0,0,0,,20220813
1025177,1,11710,11400,0274,0008,,서울특별시 송파구 마천동 274-8번지,,01000,단독주택,0,2,2,0,0,0,,,0,00000,00000,464.43,0,0,0,0,0,,20220813
10251210,2,11710,11400,0277,0005,,서울특별시 송파구 마천동 277-5번지,서울특별시 송파구 감이남로 1 (마천동),02000,공동주택,12,0,2,0,0,0,117103123002,11401,0,00001,00000,644.37,0,0,0,0,0,,20220813
10251432,1,11710,11400,0277,0013,,서울특별시 송파구 마천동 277-13번지,서울특별시 송파구 성내천로 333-4 (마천동),11000,교육연구및복지시설| 공공용시설,0,0,2,0,0,0,117103123010,11403,0,00333,00004,869.61,0,0,0,0,0,,20220813
1025165,2,11710,11400,0279,0007,,서울특별시 송파구 마천동 279-7번지,서울특별시 송파구 성내천로 311-10 (마천동),02000,다세대주택,8,0,2,0,0,0,117103123010,11403,0,00311,00010,440.39,251,123.38,316.84,49.15,126.23,19930506,20220813
1025117,1,11710,11400,0299,0012,,서울특별시 송파구 마천동 299-12번지,서울특별시 송파구 마천로57길 28-16 (마천동),01000,단독주택,0,2,2,0,0,0,117104169116,11401,0,00028,00016,59.44,0,0,0,0,0,,20220813
1025118,1,11710,11400,0299,0041,,서울특별시 송파구 마천동 299-41번지,서울특별시 송파구 성내천로44길 2-3 (마천동),03000,,0,1,2,0,0,0,117104169286,11401,0,00002,00003,109.92,0,0,0,0,0,,20220813
1025178,1,11710,11400,0299,0046,,서울특별시 송파구 마천동 299-46번지,서울특별시 송파구 마천로57길 28-15 (마천동),01000,단독주택,0,2,2,0,0,0,117104169116,11401,0,00028,00015,60.95,0,0,0,0,0,,20220813
102512,2,11710,11400,0304,0000,마천 금호아파트,서울특별시 송파구 마천동 304번지,,02000,공동주택,199,0,2,2,0,201,,,0,00000,00000,25232.94,5965.5,1596.48,18105.91,26.76,303.51,,20220813
10251371,2,11710,11400,0319,0000,마천동 금호 어울림 2차 아파트,서울특별시 송파구 마천동 319번지,서울특별시 송파구 성내천로 314 (마천동),02000,공동주택|아파트,173,0,4,5,0,210,117103123010,11403,0,00314,00000,25549.46,8733.8,2325.03,19769.42,26.62,226.36,20060424,20220813
10251211,2,11710,11400,0322,0006,,서울특별시 송파구 마천동 322-6번지,서울특별시 송파구 마천로61마길 14 (마천동),02000,공동주택,9,0,2,0,0,0,117104169125,11401,0,00014,00000,576.12,0,0,0,0,0,,20220813
10251428,1,11710,11400,0323,0192,,서울특별시 송파구 마천동 323-192번지,서울특별시 송파구 마천로 355 (마천동),03000,근린생활시설| 주택,0,1,2,0,0,0,117103123004,11404,0,00355,00000,718.47,0,0,0,0,0,,20220813
10251430,1,11710,11400,0326,0006,,서울특별시 송파구 마천동 326-6번지,서울특별시 송파구 성내천로 320 (마천동),01000,단독주택| 근린생활시설,0,1,2,0,0,0,117103123010,11403,0,00320,00000,199.51,318.58,0,0,0,0,,20220813
10251345,1,11710,11400,0327,0000,,서울특별시 송파구 마천동 327번지,,01000,단독주택,0,2,2,0,0,0,,,0,00000,00000,84.63,0,0,0,0,0,,20220813
1025119,1,11710,11400,0336,0002,,서울특별시 송파구 마천동 336-2번지,서울특별시 송파구 성내천로33다길 27 (마천동),02000,단독주택,6,5,6,0,0,0,117104169270,11401,0,00027,00000,92.23,0,0,0,0,0,,20220813
1025179,1,11710,11400,0336,0003,,서울특별시 송파구 마천동 336-3번지,,01000,단독주택,0,3,3,0,0,0,,,0,00000,00000,62.67,0,0,0,0,0,,20220813
10251667,1,11710,11400,0338,0001,,서울특별시 송파구 마천동 338-1번지,서울특별시 송파구 성내천로29다길 11 (마천동),01000,단독주택,0,2,2,0,0,0,117104169262,11401,0,00011,00000,140.49,0,0,0,0,0,,20220813
1025120,1,11710,11400,0338,0002,,서울특별시 송파구 마천동 338-2번지,,01000,단독주택,0,2,2,0,0,0,,,0,00000,00000,47.53,0,0,0,0,0,,20220813
10251200,1,11710,11400,0338,0007,,서울특별시 송파구 마천동 338-7번지,,01000,단독주택,0,2,2,0,0,0,,,0,00000,00000,38.72,0,0,0,0,0,,20220813
1025121,1,11710,11400,0339,0006,,서울특별시 송파구 마천동 339-6번지,,01000,단독주택,0,4,4,2,0,0,,,0,00000,00000,113.72,0,0,0,0,0,,20220813
1025180,1,11710,11400,0340,0007,,서울특별시 송파구 마천동 340-7번지,서울특별시 송파구 성내천로33가길 19 (마천동),01000,단독주택,0,2,2,0,0,0,117104169267,11401,0,00019,00000,261.06,0,0,0,0,0,,20220813
1025122,1,11710,11400,0340,0010,,서울특별시 송파구 마천동 340-10번지,,01000,단독주택,0,3,3,0,0,0,,,0,00000,00000,79.92,0,0,0,0,0,,20220813
1025123,1,11710,11400,0340,0014,,서울특별시 송파구 마천동 340-14번지,,01000,단독주택,0,3,3,0,0,0,,,0,00000,00000,97.61,0,0,0,0,0,,20220813
10251668,1,11710,11400,0341,0011,,서울특별시 송파구 마천동 341-11번지,,01000,단독주택,0,2,2,0,0,0,,,0,00000,00000,77.82,0,0,0,0,0,,20220813
10251669,1,11710,11400,0341,0015,,서울특별시 송파구 마천동 341-15번지,,01000,단독주택,0,2,2,0,0,0,,,0,00000,00000,76.97,0,0,0,0,0,,20220813
10251670,1,11710,11400,0342,0006,,서울특별시 송파구 마천동 342-6번지,,01000,주택| 근린생활시설,0,2,2,2,0,0,,,0,00000,00000,101.65,0,0,0,0,0,,20220813
10251671,1,11710,11400,0342,0010,,서울특별시 송파구 마천동 342-10번지,서울특별시 송파구 성내천로33다길 22 (마천동),01000,다가구용단독주택(5가구)| 단독주택,0,7,3,0,0,0,117104169270,11401,0,00022,00000,242.83,110.8,0,0,0,0,,20220813
10251201,1,11710,11400,0342,0013,,서울특별시 송파구 마천동 342-13번지,,01000,단독주택,0,2,2,0,0,0,,,0,00000,00000,54.75,120.7,0,0,0,0,,20220813
10251672,1,11710,11400,0342,0015,,서울특별시 송파구 마천동 342-15번지,,01000,단독주택및화장실|창고,0,2,2,1,0,0,,,0,00000,00000,79.56,129.7,0,0,0,0,,20220813
10251673,1,11710,11400,0343,0005,,서울특별시 송파구 마천동 343-5번지,,01000,단독주택,0,2,2,1,0,0,,,0,00000,00000,57.91,0,0,0,0,0,,20220813
10251359,1,11710,11400,0343,0017,,서울특별시 송파구 마천동 343-17번지,,01000,,0,2,2,0,0,0,,,0,00000,00000,51.24,0,0,0,0,0,,20220813
10251674,1,11710,11400,0345,0003,,서울특별시 송파구 마천동 345-3번지,서울특별시 송파구 성내천로29나길 8 (마천동),01000,다가구용단독주택| 단독주택,0,6,2,0,0,0,117104169261,11401,0,00008,00000,171.28,0,0,0,0,0,,20220813
10251202,1,11710,11400,0345,0007,,서울특별시 송파구 마천동 345-7번지,,01000,단독주택,0,4,4,0,0,0,,,0,00000,00000,87.28,0,0,0,0,0,,20220813
10251675,1,11710,11400,0345,0009,,서울특별시 송파구 마천동 345-9번지,,01000,단독주택,0,3,3,0,0,0,,,0,00000,00000,172.46,160.3,0,0,0,0,,20220813
10251203,1,11710,11400,0345,0019,,서울특별시 송파구 마천동 345-19번지,서울특별시 송파구 성내천로33길 11-8 (마천동),01000,단독주택,0,2,2,0,0,0,117104169268,11401,0,00011,00008,43.24,90.6,0,0,0,0,,20220813
10251676,1,11710,11400,0346,0004,,서울특별시 송파구 마천동 346-4번지,서울특별시 송파구 성내천로29나길 16 (마천동),01000,단독주택,0,2,2,0,0,0,117104169261,11401,0,00016,00000,77.96,105.78,0,0,0,0,,20220813
10251677,1,11710,11400,0346,0007,,서울특별시 송파구 마천동 346-7번지,,01000,단독주택,0,3,3,0,0,0,,,0,00000,00000,63.2,117.4,0,0,0,0,,20220813
10251258,1,11710,11400,0346,0008,,서울특별시 송파구 마천동 346-8번지,서울특별시 송파구 성내천로33나길 5-1 (마천동),01000,단독주택,0,3,3,0,0,0,117104169269,11401,0,00005,00001,59.59,116.1,0,0,0,0,,20220813
10251678,1,11710,11400,0346,0010,,서울특별시 송파구 마천동 346-10번지,,01000,단독주택,0,3,3,0,0,0,,,0,00000,00000,64.42,91.2,0,0,0,0,,20220813
10251679,1,11710,11400,0347,0006,,서울특별시 송파구 마천동 347-6번지,,01000,단독주택,0,2,2,0,0,0,,,0,00000,00000,90.39,0,0,0,0,0,,20220813
10251680,1,11710,11400,0347,0007,,서울특별시 송파구 마천동 347-7번지,,01000,단독주택,0,3,3,0,0,0,,,0,00000,00000,72.15,109.4,0,0,0,0,,20220813
10251681,1,11710,11400,0347,0011,,서울특별시 송파구 마천동 347-11번지,,01000,단독주택,0,2,2,0,0,0,,,0,00000,00000,36.36,0,0,0,0,0,,20220813
1025124,1,11710,11400,0350,0002,,서울특별시 송파구 마천동 350-2번지,,01000,단독주택,0,2,2,0,0,0,,,0,00000,00000,73,0,0,0,0,0,,20220813
1025181,1,11710,11400,0350,0005,,서울특별시 송파구 마천동 350-5번지,서울특별시 송파구 성내천로33길 9-5 (마천동),02000,단독주택,3,4,3,0,0,0,117104169268,11401,0,00009,00005,236.97,0,0,0,0,0,,20220813
10251682,1,11710,11400,0350,0012,,서울특별시 송파구 마천동 350-12번지,,01000,단독주택,0,3,3,0,0,0,,,0,00000,00000,99.1,147.4,0,0,0,0,,20220813
10251259,1,11710,11400,0350,0014,,서울특별시 송파구 마천동 350-14번지,,01000,단독주택,0,3,3,0,0,0,,,0,00000,00000,106.15,172.6,0,0,0,0,,20220813
10251205,1,11710,11400,0351,0003,,서울특별시 송파구 마천동 351-3번지,서울특별시 송파구 성내천로29가길 4 (마천동),01000,단독주택,0,3,3,0,0,0,117104169259,11401,0,00004,00000,57.46,100.8,0,0,0,0,,20220813
10251683,1,11710,11400,0351,0006,,서울특별시 송파구 마천동 351-6번지,,01000,단독주택,0,3,3,0,0,0,,,0,00000,00000,79.88,0,0,0,0,0,,20220813
10251684,1,11710,11400,0351,0008,,서울특별시 송파구 마천동 351-8번지,,01000,단독주택,0,3,3,0,0,0,,,0,00000,00000,69.25,0,0,0,0,0,,20220813
1025125,1,11710,11400,0352,0002,,서울특별시 송파구 마천동 352-2번지,,01000,단독주택,0,2,2,0,0,0,,,0,00000,00000,55.41,0,0,0,0,0,,20220813
10251685,1,11710,11400,0354,0011,,서울특별시 송파구 마천동 354-11번지,,01000,단독주택,0,3,3,0,0,0,,,0,00000,00000,83.3,130.2,0,0,0,0,,20220813
1025126,1,11710,11400,0354,0023,,서울특별시 송파구 마천동 354-23번지,서울특별시 송파구 성내천로39길 13 (마천동),02000,단독주택,2,2,3,1,0,0,117104169276,11401,0,00013,00000,41,0,0,0,0,0,,20220813
10251687,1,11710,11400,0354,0026,,서울특별시 송파구 마천동 354-26번지,서울특별시 송파구 성내천로41길 13-6 (마천동),01000,단독주택,0,3,3,0,0,0,117104169277,11401,0,00013,00006,90.97,138.6,0,0,0,0,,20220813
10251688,1,11710,11400,0355,0008,,서울특별시 송파구 마천동 355-8번지,,01000,단독주택,0,4,4,0,0,0,,,0,00000,00000,93.92,150.4,0,0,0,0,,20220813
10251689,1,11710,11400,0355,0014,,서울특별시 송파구 마천동 355-14번지,,01000,단독주택,0,3,3,0,0,0,,,0,00000,00000,81.76,190.1,0,0,0,0,,20220813
1025182,1,11710,11400,0357,0012,,서울특별시 송파구 마천동 357-12번지,서울특별시 송파구 성내천로43나길 13-8 (마천동),01000,단독주택,0,5,2,0,0,0,117104169281,11401,0,00013,00008,399.17,0,0,0,0,0,,20220813
10251206,1,11710,11400,0357,0021,,서울특별시 송파구 마천동 357-21번지,서울특별시 송파구 성내천로43나길 7 (마천동),01000,단독주택,0,6,2,0,0,0,117104169281,11401,0,00007,00000,258.88,0,0,0,0,0,,20220813
1025183,1,11710,11400,0358,0006,,서울특별시 송파구 마천동 358-6번지,,01000,단독주택,0,2,2,0,0,0,,,0,00000,00000,104.82,0,0,0,0,0,,20220813
10251417,1,11710,11400,0358,0025,,서울특별시 송파구 마천동 358-25번지,서울특별시 송파구 성내천로43나길 8 (마천동),01000,단독주택,0,2,2,0,0,0,117104169281,11401,0,00008,00000,150.54,0,0,0,0,0,,20220813
10251690,1,11710,11400,0359,0006,,서울특별시 송파구 마천동 359-6번지,서울특별시 송파구 성내천로43마길 7-1 (마천동),01000,협동주택,0,2,2,0,0,0,117104169284,11401,0,00007,00001,224.1,0,0,0,0,0,,20220813
10251691,1,11710,11400,0359,0013,,서울특별시 송파구 마천동 359-13번지,,01000,단독주택|창고,0,2,2,1,0,0,,,0,00000,00000,184.9,144.3,0,0,0,0,,20220813
10251692,1,11710,11400,0359,0017,,서울특별시 송파구 마천동 359-17번지,,01000,단독주택,0,3,3,0,0,0,,,0,00000,00000,68.47,106.6,0,0,0,0,,20220813
10251260,1,11710,11400,0359,0020,,서울특별시 송파구 마천동 359-20번지,,01000,단독주택|근린생활시설,0,5,5,0,0,0,,,0,00000,00000,137.43,0,0,0,0,0,,20220813
1025146,1,11710,11400,0359,0022,,서울특별시 송파구 마천동 359-22번지,,01000,단독주택,0,3,3,0,0,0,,,0,00000,00000,59.28,92.6,0,0,0,0,,20220813
1025147,1,11710,11400,0359,0023,,서울특별시 송파구 마천동 359-23번지,,01000,단독주택,0,2,2,0,0,0,,,0,00000,00000,66.4,104.4,0,0,0,0,,20220813
1025148,1,11710,11400,0359,0024,,서울특별시 송파구 마천동 359-24번지,,01000,단독주택,0,3,3,0,0,0,,,0,00000,00000,106.3,167.3,0,0,0,0,,20220813
1025149,1,11710,11400,0359,0027,,서울특별시 송파구 마천동 359-27번지,,01000,단독주택,0,3,3,0,0,0,,,0,00000,00000,126,139,0,0,0,0,,20220813
1025184,1,11710,11400,0361,0005,,서울특별시 송파구 마천동 361-5번지,서울특별시 송파구 성내천로43다길 1 (마천동),01000,단독주택,0,3,3,0,0,0,117104169282,11401,0,00001,00000,227.57,0,0,0,0,0,,20220813
10251261,1,11710,11400,0361,0020,,서울특별시 송파구 마천동 361-20번지,서울특별시 송파구 성내천로43라길 10 (마천동),01000,단독주택,0,2,2,0,0,0,117104169283,11401,0,00010,00000,92.69,0,0,0,0,0,,20220813
1025186,1,11710,11400,0362,0009,,서울특별시 송파구 마천동 362-9번지,,01000,단독주택,0,3,3,0,0,0,,,0,00000,00000,50.16,0,0,0,0,0,,20220813
10251207,1,11710,11400,0362,0015,,서울특별시 송파구 마천동 362-15번지,,01000,단독주택,0,3,3,0,0,0,,,0,00000,00000,239.16,0,0,0,0,0,,20220813
1025187,1,11710,11400,0363,0006,,서울특별시 송파구 마천동 363-6번지,,01000,단독주택,0,2,2,0,0,0,,,0,00000,00000,58.65,0,0,0,0,0,,20220813
1025150,1,11710,11400,0366,0004,,서울특별시 송파구 마천동 366-4번지,서울특별시 송파구 성내천로43라길 14 (마천동),01000,점포주택|단독주택,0,2,2,0,0,0,117104169283,11401,0,00014,00000,307.84,0,0,0,0,0,,20220813
1025151,1,11710,11400,0366,0010,,서울특별시 송파구 마천동 366-10번지,,01000,단독주택,0,4,4,0,0,0,,,0,00000,00000,71.72,0,0,0,0,0,,20220813
10251277,1,11710,11400,0368,0011,,서울특별시 송파구 마천동 368-11번지,서울특별시 송파구 성내천로49길 7-15 (마천동),01000,단독주택,3,3,4,0,0,0,117104169289,11401,0,00007,00015,221.04,0,0,0,0,0,,20220813
1025154,1,11710,11400,0368,0015,,서울특별시 송파구 마천동 368-15번지,,01000,단독주택|근린생활시설,0,2,2,0,0,0,,,0,00000,00000,125.1,95.6,0,0,0,0,,20220813
1025155,1,11710,11400,0368,0020,,서울특별시 송파구 마천동 368-20번지,,01000,단독주택,0,2,2,0,0,0,,,0,00000,00000,57.28,90.3,0,0,0,0,,20220813
1025157,1,11710,11400,0373,0000,,서울특별시 송파구 마천동 373번지,,01000,주택,0,2,2,0,0,0,,,0,00000,00000,64.79,0,0,0,0,0,,20220813
1025158,1,11710,11400,0373,0007,,서울특별시 송파구 마천동 373-7번지,서울특별시 송파구 마천로63길 1-12 (마천동),01000,단독주택,0,2,2,0,0,0,117104169127,11401,0,00001,00012,64.74,0,0,0,0,0,,20220813
1025159,1,11710,11400,0376,0023,,서울특별시 송파구 마천동 376-23번지,서울특별시 송파구 마천로63길 10 (마천동),01000,단독주택,0,1,1,0,0,0,117104169127,11401,0,00010,00000,137.65,116.4,0,0,0,0,,20220813
1025130,2,11710,11400,0566,0001,,서울특별시 송파구 마천동 566-1번지,서울특별시 송파구 감이남로 15 (마천동),02000,공동주택,19,0,2,0,0,0,117103123002,11401,0,00015,00000,1178.48,0,0,0,0,0,,20220813
102513,2,11710,11400,0574,0000,대성아파트,서울특별시 송파구 마천동 574번지,서울특별시 송파구 성내천로34길 8 (마천동),02000,공동주택,71,0,2,0,0,0,117104169272,11401,0,00008,00000,5114.85,2087.81,799.24,4397.92,38.28,210.64,,20220813
1025166,2,11710,11400,0575,0000,마천금호어울림1차아파트,서울특별시 송파구 마천동 575번지,서울특별시 송파구 성내천로 245 (마천동),02000,아파트,215,0,3,4,0,296,117103123010,11403,0,00245,00000,34990.91,7229,1865.2,25499.96,25.8,352.75,,20220813
102516,2,11710,11400,0576,0000,우방아파트,서울특별시 송파구 마천동 576번지,서울특별시 송파구 성내천로 211 (마천동),02000,공동주택,247,0,4,3,17,266,117103123010,11403,0,00211,00000,33396.67,6952.5,2103.5,24123.48,30.26,346.98,,20220813
10251100233470,2,11710,11400,0582,0000,송파파크데일1단지,서울특별시 송파구 마천동 582번지,서울특별시 송파구 성내천로37길 37 (마천동),02000,아파트,812,0,16,15,7,891,117104169549,11401,0,00037,00000,105770.07,38840,9134.11,74576.64,23.52,192.01,20110127,20220813
10251100499083,2,11710,11400,0605,0000,송파파크데일3단지,서울특별시 송파구 마천동 605번지,,02000,도시형생활주택,148,0,3,1,0,81,,,0,00000,00000,8091.75,3118.1,1081.15,5757.24,34.67,184.64,20170327,20220813
10251100232547,2,11710,11400,0607,0000,송파파크데일2단지,서울특별시 송파구 마천동 607번지,서울특별시 송파구 성내천로47길 38 (마천동),02000,아파트,889,0,14,13,6,967,117104169288,11401,0,00038,00000,116106.55,41867,9167.83,79700.7,21.9,190.37,20110127,20220813
10251421,1,11710,11400,0002,0000,,서울특별시 송파구 마천동 산2번지,서울특별시 송파구 성내천로33가길 16 (마천동),11000,노유자시설,0,0,4,0,0,0,117104169267,11401,0,00016,00000,2820.79,167912,0,0,0,0,,20220813
1025131,1,11710,11400,0003,0000,,서울특별시 송파구 마천동 산3번지,,01000,단독주택,0,3,3,0,0,0,,,0,00000,00000,96.52,0,0,0,0,0,,20220813
