3611010700|세종특별자치시||나성동||0|776|0|361102000002|0|194|0|21554|
3611011000|세종특별자치시||어진동||0|573|0|361102000002|0|402|0|20331|
3611011000|세종특별자치시||어진동||0|583|0|361102000002|0|402|0|20332|
3611011000|세종특별자치시||어진동||0|585|0|361102000002|0|402|0|20333|
3611011000|세종특별자치시||어진동||0|591|0|361102000002|0|402|0|20334|
3611011000|세종특별자치시||어진동||0|592|0|361102000002|0|402|0|20335|
3611012000|세종특별자치시||누리동||0|119|11|361102000002|0|927|0|27971|
3611012000|세종특별자치시||누리동||0|119|12|361102000002|0|927|0|27972|
3611012000|세종특별자치시||누리동||0|119|14|361102000002|0|927|0|27973|
3611012000|세종특별자치시||누리동||1|2|0|361102000002|0|927|0|27974|
3611012000|세종특별자치시||누리동||0|168|7|361102000002|0|927|0|27975|
3611012000|세종특별자치시||누리동||0|168|9|361102000002|0|927|0|27976|
3611012000|세종특별자치시||누리동||1|4|0|361102000002|0|927|0|27977|
3611012000|세종특별자치시||누리동||0|168|1|361102000002|0|927|0|27978|
3611012000|세종특별자치시||누리동||1|6|0|361102000002|0|927|0|27979|
3611012000|세종특별자치시||누리동||0|168|8|361102000002|0|927|0|27980|
3611012000|세종특별자치시||누리동||1|43|0|361102000002|0|927|0|27981|
3611012300|세종특별자치시||용호동||0|496|0|361102000002|0|1168|0|23469|
3611012300|세종특별자치시||용호동||0|501|7|361102000002|0|1168|0|23470|
3611012300|세종특별자치시||용호동||0|500|0|361102000002|0|1168|0|23471|
3611011800|세종특별자치시||집현동||0|914|2|361102000002|0|1744|0|29100|
3611010100|세종특별자치시||반곡동||0|863|0|361102000002|0|1820|0|30046|
3611010100|세종특별자치시||반곡동||0|864|0|361102000002|0|1824|0|30045|
3611010100|세종특별자치시||반곡동||0|831|0|361102000002|0|1839|0|30120|
3611010100|세종특별자치시||반곡동||0|897|1|361102000002|0|1839|0|30121|
3611010100|세종특별자치시||반곡동||0|851|1|361102000002|0|1864|0|30041|
3611010100|세종특별자치시||반곡동||0|844|0|361102000002|0|1940|0|31640|
3611010100|세종특별자치시||반곡동||0|841|0|361102000002|0|1948|0|28923|
3611010300|세종특별자치시||보람동||0|664|183|361102348105|0|53|0|25946|
3611010100|세종특별자치시||반곡동||1|66|0|361102348105|0|365|0|30040|
3611010100|세종특별자치시||반곡동||0|878|0|361102348105|0|370|0|28920|
3611010100|세종특별자치시||반곡동||0|871|0|361102348105|0|531|0|30049|
3611010100|세종특별자치시||반곡동||0|858|1|361102348105|0|546|0|30048|
3611010100|세종특별자치시||반곡동||0|869|0|361102348105|0|547|0|30050|
3611010100|세종특별자치시||반곡동||0|1035|0|361102348105|0|580|0|30060|
3611034021|세종특별자치시||금남면|용포리|0|205|1|361103000098|0|1|0|283|
3611034038|세종특별자치시||금남면|신촌리|0|297|8|361103000098|0|3|3|284|
3611034038|세종특별자치시||금남면|신촌리|0|297|3|361103000098|0|3|3|285|
3611010400|세종특별자치시||대평동||0|77|76|361103000098|0|3|5|14853|
3611034038|세종특별자치시||금남면|신촌리|0|297|1|361103000098|0|3|5|14854|
3611034038|세종특별자치시||금남면|신촌리|0|297|2|361103000098|0|3|5|14855|
3611010400|세종특별자치시||대평동||0|77|68|361103000098|0|3|9|300|
3611010400|세종특별자치시||대평동||0|77|76|361103000098|0|3|9|301|
3611010400|세종특별자치시||대평동||0|77|68|361103000098|0|3|11|294|
3611034038|세종특별자치시||금남면|신촌리|0|297|3|361103000098|0|3|11|295|
3611010400|세종특별자치시||대평동||0|75|24|361103000098|0|3|13|24427|
3611010400|세종특별자치시||대평동||0|77|50|361103000098|0|19|0|28932|
3611010400|세종특별자치시||대평동||0|77|193|361103000098|0|19|0|28933|
3611034038|세종특별자치시||금남면|신촌리|0|129|1|361103000098|0|62|0|14857|
3611034038|세종특별자치시||금남면|신촌리|0|134|1|361103000098|0|62|0|14858|
3611034038|세종특별자치시||금남면|신촌리|0|127|2|361103000098|0|62|0|14859|
3611034038|세종특별자치시||금남면|신촌리|0|140|2|361103000098|0|62|0|14860|
3611034038|세종특별자치시||금남면|신촌리|0|158|18|361103000098|0|62|0|14861|
3611034038|세종특별자치시||금남면|신촌리|0|115|2|361103000098|0|110|5|14862|
3611034038|세종특별자치시||금남면|신촌리|0|115|6|361103000098|0|110|5|14863|
3611034038|세종특별자치시||금남면|신촌리|0|113|3|361103000098|0|110|9|20869|
3611034037|세종특별자치시||금남면|호탄리|0|57|5|361103000098|0|214|0|28208|
3611034037|세종특별자치시||금남면|호탄리|0|56|6|361103000098|0|214|0|28209|
3611034036|세종특별자치시||금남면|장재리|0|561|2|361103000098|0|224|0|14868|
3611034036|세종특별자치시||금남면|장재리|0|350|2|361103000098|0|254|0|18063|
3611034036|세종특별자치시||금남면|장재리|0|109|2|361103000098|0|332|20|14869|
3611034036|세종특별자치시||금남면|장재리|0|100|1|361103000098|0|356|0|14870|
3611034034|세종특별자치시||금남면|대박리|0|367|5|361103000098|0|529|0|18622|
3611034034|세종특별자치시||금남면|대박리|0|77|4|361103000098|0|617|0|14874|
3611034034|세종특별자치시||금남면|대박리|0|241|18|361103000098|0|626|0|14877|
3611034034|세종특별자치시||금남면|대박리|0|241|5|361103000098|0|626|0|14878|
3611034033|세종특별자치시||금남면|박산리|0|23|2|361103000098|0|801|9|14879|
3611034033|세종특별자치시||금남면|박산리|0|22|2|361103000098|0|801|9|14880|
3611034025|세종특별자치시||금남면|용담리|0|316|0|361103000100|0|231|4|24563|
3611034025|세종특별자치시||금남면|용담리|0|318|10|361103000100|0|231|4|24564|
3611034025|세종특별자치시||금남면|용담리|0|305|1|361103000100|0|231|32|16612|
3611034025|세종특별자치시||금남면|용담리|0|309|0|361103000100|0|231|40|27463|
3611034025|세종특별자치시||금남면|용담리|0|207|0|361103000100|0|316|0|16613|
3611034024|세종특별자치시||금남면|두만리|0|537|10|361103000100|0|351|28|19240|
3611034024|세종특별자치시||금남면|두만리|0|537|3|361103000100|0|351|30|16616|
3611034024|세종특별자치시||금남면|두만리|0|537|8|361103000100|0|351|30|16617|
3611034024|세종특별자치시||금남면|두만리|0|434|3|361103000100|0|453|38|31140|
3611034024|세종특별자치시||금남면|두만리|0|438|5|361103000100|0|453|40|21669|
3611034024|세종특별자치시||금남면|두만리|0|401|7|361103000100|0|464|0|16618|
3611034023|세종특별자치시||금남면|감성리|0|126|3|361103000100|0|533|8|16619|
3611034023|세종특별자치시||금남면|감성리|0|126|8|361103000100|0|533|8|16620|
3611038031|세종특별자치시||전동면|심중리|0|236|0|361103000167|0|134|5|16579|
3611038031|세종특별자치시||전동면|심중리|0|146|1|361103000167|0|240|0|16580|
3611038031|세종특별자치시||전동면|심중리|0|52|3|361103000167|0|363|0|24560|
3611033024|세종특별자치시||부강면|갈산리|0|269|6|361103000168|0|745|38|25224|
3611033025|세종특별자치시||부강면|문곡리|0|731|0|361103000168|0|1042|0|17980|
3611033025|세종특별자치시||부강면|문곡리|1|89|6|361103000168|0|1047|0|10495|
3611033025|세종특별자치시||부강면|문곡리|0|7|0|361103000168|0|1147|26|21638|
3611033025|세종특별자치시||부강면|문곡리|0|3|8|361103000168|0|1147|26|21639|
3611033025|세종특별자치시||부강면|문곡리|0|3|2|361103000168|0|1147|26|21640|
3611033025|세종특별자치시||부강면|문곡리|0|3|1|361103000168|0|1147|26|21641|
3611033025|세종특별자치시||부강면|문곡리|0|3|0|361103000168|0|1147|26|21642|
3611033025|세종특별자치시||부강면|문곡리|0|183|0|361103000168|0|1147|26|21643|
3611033025|세종특별자치시||부강면|문곡리|0|182|1|361103000168|0|1147|26|21644|
3611033025|세종특별자치시||부강면|문곡리|0|182|0|361103000168|0|1147|26|21645|
3611033025|세종특별자치시||부강면|문곡리|0|180|0|361103000168|0|1147|26|21646|
3611033025|세종특별자치시||부강면|문곡리|0|178|2|361103000168|0|1147|26|21647|
3611033025|세종특별자치시||부강면|문곡리|0|178|1|361103000168|0|1147|26|21648|
3611033025|세종특별자치시||부강면|문곡리|0|176|0|361103000168|0|1147|26|21649|
3611033025|세종특별자치시||부강면|문곡리|1|13|3|361103000168|0|1147|26|21650|
3611033025|세종특별자치시||부강면|문곡리|1|12|2|361103000168|0|1147|26|21651|
3611033025|세종특별자치시||부강면|문곡리|0|1100|2|361103000168|0|1147|26|21652|
3611033025|세종특별자치시||부강면|문곡리|0|153|1|361103000168|0|1161|0|22209|
3611033025|세종특별자치시||부강면|문곡리|0|154|0|361103000168|0|1167|0|20710|
3611034024|세종특별자치시||금남면|두만리|0|433|1|361103000189|0|215|0|16373|
3611034024|세종특별자치시||금남면|두만리|0|434|2|361103000189|0|215|0|16374|
3611034024|세종특별자치시||금남면|두만리|0|430|2|361103000189|0|215|1|22849|
3611034024|세종특별자치시||금남면|두만리|0|583|11|361103000189|0|219|0|18140|
3611011300|세종특별자치시||아름동||0|813|1|361103000189|0|1334|0|20205|
3611031021|세종특별자치시||연기면|연기리|0|475|1|361103000189|0|1782|0|24184|
3611031021|세종특별자치시||연기면|연기리|0|485|1|361103000189|0|1782|0|24185|
3611031021|세종특별자치시||연기면|연기리|0|485|2|361103000189|0|1782|0|24186|
3611031021|세종특별자치시||연기면|연기리|0|487|2|361103000189|0|1782|0|24187|
3611031021|세종특별자치시||연기면|연기리|0|488|0|361103000189|0|1782|0|24188|
3611031021|세종특별자치시||연기면|연기리|0|485|3|361103000189|0|1782|0|24189|
3611031021|세종특별자치시||연기면|연기리|0|488|0|361103000189|0|1788|0|23690|
3611031021|세종특별자치시||연기면|연기리|0|475|1|361103000189|0|1788|0|23691|
3611031021|세종특별자치시||연기면|연기리|0|487|2|361103000189|0|1788|0|23692|
3611031021|세종특별자치시||연기면|연기리|0|506|8|361103000189|0|1788|0|23693|
3611031021|세종특별자치시||연기면|연기리|0|487|0|361103000189|0|1788|0|23694|
3611031021|세종특별자치시||연기면|연기리|0|506|5|361103000189|0|1788|0|23695|
3611031021|세종특별자치시||연기면|연기리|0|506|3|361103000189|0|1788|0|23696|
3611031021|세종특별자치시||연기면|연기리|0|507|30|361103000189|0|1802|0|24183|
3611031022|세종특별자치시||연기면|보통리|0|365|11|361103000189|0|1833|0|23697|
3611031022|세종특별자치시||연기면|보통리|0|291|0|361103000189|0|1858|42|16376|
3611031022|세종특별자치시||연기면|보통리|0|291|1|361103000189|0|1858|42|16377|
3611031022|세종특별자치시||연기면|보통리|0|293|0|361103000189|0|1858|42|16378|
3611036021|세종특별자치시||연서면|월하리|0|138|19|361103000189|0|2083|0|17900|
3611036021|세종특별자치시||연서면|월하리|0|461|18|361103000189|0|2112|0|24667|
3611036021|세종특별자치시||연서면|월하리|0|648|2|361103000189|0|2139|7|16379|
3611025031|세종특별자치시||조치원읍|번암리|0|189|12|361103000189|0|2167|0|23677|
3611025031|세종특별자치시||조치원읍|번암리|0|171|73|361103000189|0|2176|0|131|
3611025031|세종특별자치시||조치원읍|번암리|0|175|2|361103000189|0|2178|0|16381|
3611025031|세종특별자치시||조치원읍|번암리|0|134|34|361103000189|0|2203|0|25149|
3611025029|세종특별자치시||조치원읍|신흥리|0|278|2|361103000189|0|2336|0|16382|
3611025028|세종특별자치시||조치원읍|침산리|0|80|4|361103000189|0|2390|0|30220|
3611025028|세종특별자치시||조치원읍|침산리|0|80|4|361103000189|0|2390|1|29155|
3611025028|세종특별자치시||조치원읍|침산리|0|44|2|361103000189|0|2425|0|26521|
3611025034|세종특별자치시||조치원읍|서창리|0|201|0|361103000189|0|2511|0|16384|
3611025032|세종특별자치시||조치원읍|신안리|0|88|3|361103000189|0|2552|0|16385|
3611025032|세종특별자치시||조치원읍|신안리|0|78|12|361103000189|0|2668|0|16386|
3611025032|세종특별자치시||조치원읍|신안리|0|173|3|361103000189|0|2685|27|16387|
3611025032|세종특별자치시||조치원읍|신안리|0|173|1|361103000189|0|2685|39|608|
3611038031|세종특별자치시||전동면|심중리|0|328|5|361103000189|0|3046|16|23010|
3611038024|세종특별자치시||전동면|석곡리|0|342|1|361103000189|0|3310|26|351|
3611037022|세종특별자치시||전의면|동교리|0|19|13|361103000189|0|3594|0|16388|
3611037026|세종특별자치시||전의면|유천리|0|546|0|361103000189|0|3881|0|25036|
3611037026|세종특별자치시||전의면|유천리|0|546|1|361103000189|0|3881|0|25037|
3611037026|세종특별자치시||전의면|유천리|0|547|8|361103000189|0|3881|0|25038|
3611037026|세종특별자치시||전의면|유천리|0|547|10|361103000189|0|3881|0|25039|
3611037026|세종특별자치시||전의면|유천리|0|546|9|361103000189|0|3883|0|22032|
3611037026|세종특별자치시||전의면|유천리|0|587|6|361103000189|0|3907|0|16389|
3611039022|세종특별자치시||소정면|운당리|0|74|1|361103000189|0|4200|0|27540|
3611039022|세종특별자치시||소정면|운당리|0|43|1|361103000189|0|4249|0|16390|
3611039022|세종특별자치시||소정면|운당리|0|50|3|361103000189|0|4268|8|18706|
3611039022|세종특별자치시||소정면|운당리|0|50|5|361103000189|0|4268|8|18707|
3611039022|세종특별자치시||소정면|운당리|0|53|5|361103000189|0|4268|10|16391|
3611039022|세종특별자치시||소정면|운당리|0|19|1|361103000189|0|4288|0|31800|
3611039023|세종특별자치시||소정면|대곡리|0|339|19|361103000189|0|4677|0|16392|
3611039023|세종특별자치시||소정면|대곡리|0|373|4|361103000189|0|4746|0|17862|
3611025032|세종특별자치시||조치원읍|신안리|0|244|10|361103000195|0|51|16|23529|
3611038031|세종특별자치시||전동면|심중리|0|462|0|361103000195|0|218|10|16938|
3611038031|세종특별자치시||전동면|심중리|0|355|1|361103000195|0|232|0|16939|
3611038021|세종특별자치시||전동면|노장리|0|632|1|361103000195|0|355|0|16940|
3611038021|세종특별자치시||전동면|노장리|0|632|1|361103000195|0|359|0|16941|
3611038021|세종특별자치시||전동면|노장리|0|646|7|361103000195|0|362|0|16942|
3611038021|세종특별자치시||전동면|노장리|0|632|1|361103000195|0|363|0|16944|
3611038021|세종특별자치시||전동면|노장리|0|583|9|361103000195|0|386|0|28328|
3611038023|세종특별자치시||전동면|청송리|0|474|3|361103000195|0|584|0|16946|
3611038028|세종특별자치시||전동면|청람리|0|10|2|361103000195|0|702|4|16947|
3611038028|세종특별자치시||전동면|청람리|0|13|0|361103000195|0|702|4|16948|
3611038028|세종특별자치시||전동면|청람리|0|11|0|361103000195|0|702|12|16949|
3611038028|세종특별자치시||전동면|청람리|0|24|1|361103000195|0|714|0|26081|
3611038028|세종특별자치시||전동면|청람리|0|25|1|361103000195|0|714|0|26082|
3611038029|세종특별자치시||전동면|미곡리|0|219|22|361103000195|0|946|10|16951|
3611038029|세종특별자치시||전동면|미곡리|0|357|3|361103000195|0|994|11|16952|
3611038029|세종특별자치시||전동면|미곡리|0|357|0|361103000195|0|994|17|16953|
3611037022|세종특별자치시||전의면|동교리|0|7|1|361103000195|0|1024|0|16954|
3611037022|세종특별자치시||전의면|동교리|0|13|20|361103000195|0|1024|0|16955|
3611038029|세종특별자치시||전동면|미곡리|0|358|1|361103000195|0|1024|0|16956|
3611037022|세종특별자치시||전의면|동교리|0|13|2|361103000195|0|1032|0|16957|
3611037022|세종특별자치시||전의면|동교리|0|3|18|361103000195|0|1061|0|16958|
3611037022|세종특별자치시||전의면|동교리|0|3|19|361103000195|0|1061|0|16959|
3611037022|세종특별자치시||전의면|동교리|0|165|0|361103000195|0|1143|0|16960|
3611037022|세종특별자치시||전의면|동교리|0|157|13|361103000195|0|1162|0|21929|
3611037022|세종특별자치시||전의면|동교리|0|190|3|361103000195|0|1177|1|16961|
3611037021|세종특별자치시||전의면|읍내리|0|254|24|361103000195|0|1196|0|18680|
3611037021|세종특별자치시||전의면|읍내리|0|253|2|361103000195|0|1197|0|16962|
3611037021|세종특별자치시||전의면|읍내리|0|254|12|361103000195|0|1198|0|17640|
3611037021|세종특별자치시||전의면|읍내리|0|256|3|361103000195|0|1200|1|16963|
3611037021|세종특별자치시||전의면|읍내리|0|175|0|361103000195|0|1204|9|16964|
3611037021|세종특별자치시||전의면|읍내리|0|259|16|361103000195|0|1209|0|311|
3611037021|세종특별자치시||전의면|읍내리|0|259|41|361103000195|0|1209|0|312|
3611037021|세종특별자치시||전의면|읍내리|0|258|34|361103000195|0|1210|0|17620|
3611037021|세종특별자치시||전의면|읍내리|0|258|6|361103000195|0|1210|0|17621|
3611037021|세종특별자치시||전의면|읍내리|0|228|33|361103000195|0|1212|0|26900|
3611037021|세종특별자치시||전의면|읍내리|0|149|8|361103000195|0|1228|0|24823|
3611037021|세종특별자치시||전의면|읍내리|0|311|2|361103000195|0|1239|0|16967|
3611037021|세종특별자치시||전의면|읍내리|0|146|1|361103000195|0|1240|0|16968|
3611037021|세종특별자치시||전의면|읍내리|0|151|2|361103000195|0|1240|0|16969|
3611037021|세종특별자치시||전의면|읍내리|0|98|1|361103000195|0|1260|4|16970|
3611037021|세종특별자치시||전의면|읍내리|0|151|5|361103000195|0|1260|6|16971|
3611037021|세종특별자치시||전의면|읍내리|0|117|1|361103000195|0|1276|0|28340|
3611037021|세종특별자치시||전의면|읍내리|0|117|16|361103000195|0|1276|0|28341|
3611037021|세종특별자치시||전의면|읍내리|0|117|17|361103000195|0|1276|0|28342|
3611037021|세종특별자치시||전의면|읍내리|0|100|17|361103000195|0|1276|0|28343|
3611037021|세종특별자치시||전의면|읍내리|0|115|1|361103000195|0|1276|0|28344|
3611037021|세종특별자치시||전의면|읍내리|0|117|18|361103000195|0|1276|0|28345|
3611037021|세종특별자치시||전의면|읍내리|0|100|22|361103000195|0|1276|0|28346|
3611037021|세종특별자치시||전의면|읍내리|0|117|11|361103000195|0|1276|0|28347|
3611037021|세종특별자치시||전의면|읍내리|0|100|24|361103000195|0|1276|0|28348|
3611037021|세종특별자치시||전의면|읍내리|0|117|15|361103000195|0|1276|0|28349|
3611037021|세종특별자치시||전의면|읍내리|0|117|22|361103000195|0|1276|0|28350|
3611037026|세종특별자치시||전의면|유천리|0|537|17|361103000195|0|1350|0|20557|
3611037026|세종특별자치시||전의면|유천리|0|528|1|361103000195|0|1398|0|16974|
3611037026|세종특별자치시||전의면|유천리|0|531|0|361103000195|0|1398|0|16975|
3611037026|세종특별자치시||전의면|유천리|0|496|0|361103000195|0|1410|1|16976|
3611037026|세종특별자치시||전의면|유천리|0|496|1|361103000195|0|1410|1|16977|
3611037026|세종특별자치시||전의면|유천리|0|495|7|361103000195|0|1410|11|31400|
3611037026|세종특별자치시||전의면|유천리|0|454|0|361103000195|0|1466|0|16978|
3611037026|세종특별자치시||전의면|유천리|0|438|4|361103000195|0|1474|0|22171|
3611037023|세종특별자치시||전의면|서정리|0|391|0|361103000195|0|1510|0|16979|
3611037023|세종특별자치시||전의면|서정리|0|393|2|361103000195|0|1510|0|16980|
3611037026|세종특별자치시||전의면|유천리|0|216|1|361103000195|0|1510|0|16981|
3611037026|세종특별자치시||전의면|유천리|0|292|0|361103000195|0|1512|0|16982|
3611037026|세종특별자치시||전의면|유천리|0|305|5|361103000195|0|1512|0|16983|
3611037026|세종특별자치시||전의면|유천리|0|305|6|361103000195|0|1512|0|16984|
3611037026|세종특별자치시||전의면|유천리|0|292|2|361103000195|0|1512|0|16985|
3611037026|세종특별자치시||전의면|유천리|0|292|1|361103000195|0|1512|0|16986|
3611037026|세종특별자치시||전의면|유천리|0|305|4|361103000195|0|1512|0|16987|
3611037026|세종특별자치시||전의면|유천리|0|305|2|361103000195|0|1512|0|16988|
3611037026|세종특별자치시||전의면|유천리|0|97|9|361103000195|0|1585|10|19866|
3611037026|세종특별자치시||전의면|유천리|0|347|2|361103000195|0|1585|12|22550|
3611037026|세종특별자치시||전의면|유천리|0|88|1|361103000195|0|1591|24|28183|
3611037026|세종특별자치시||전의면|유천리|0|89|2|361103000195|0|1591|24|28184|
3611037026|세종특별자치시||전의면|유천리|0|873|3|361103000195|0|1591|24|28185|
3611037026|세종특별자치시||전의면|유천리|0|76|1|361103000195|0|1612|0|26420|
3611011500|세종특별자치시||산울동||0|681|0|361103000231|0|1527|0|21623|
3611011500|세종특별자치시||산울동||0|679|0|361103000231|0|1527|0|21624|
3611011500|세종특별자치시||산울동||0|686|0|361103000231|0|1527|0|21625|
3611011500|세종특별자치시||산울동||0|689|0|361103000231|0|1527|0|21626|
3611011500|세종특별자치시||산울동||0|683|0|361103000231|0|1527|0|21627|
3611011500|세종특별자치시||산울동||0|687|0|361103000231|0|1527|0|21628|
3611011500|세종특별자치시||산울동||0|691|0|361103000231|0|1527|0|21629|
3611011500|세종특별자치시||산울동||0|678|0|361103000231|0|1527|0|21630|
3611011500|세종특별자치시||산울동||0|688|0|361103000231|0|1527|0|21631|
3611011500|세종특별자치시||산울동||0|690|0|361103000231|0|1527|0|21632|
3611011500|세종특별자치시||산울동||0|684|0|361103000231|0|1527|0|21633|
3611011500|세종특별자치시||산울동||0|685|0|361103000231|0|1527|0|21634|
3611011500|세종특별자치시||산울동||0|660|0|361103000231|0|1569|0|21590|
3611011500|세종특별자치시||산울동||0|666|0|361103000231|0|1569|0|21591|
3611011500|세종특별자치시||산울동||0|801|0|361103000231|0|1569|0|21592|
3611011500|세종특별자치시||산울동||0|677|0|361103000231|0|1569|0|21593|
3611011500|세종특별자치시||산울동||0|646|0|361103000231|0|1569|0|21594|
3611011500|세종특별자치시||산울동||0|648|0|361103000231|0|1569|0|21595|
3611011500|세종특별자치시||산울동||0|672|0|361103000231|0|1569|0|21596|
3611011500|세종특별자치시||산울동||0|674|0|361103000231|0|1569|0|21597|
3611011500|세종특별자치시||산울동||0|675|0|361103000231|0|1569|0|21598|
3611011500|세종특별자치시||산울동||0|662|0|361103000231|0|1569|0|21599|
3611011500|세종특별자치시||산울동||0|802|0|361103000231|0|1569|0|21600|
3611011500|세종특별자치시||산울동||0|207|103|361103000231|0|1569|0|21601|
3611011500|세종특별자치시||산울동||0|667|0|361103000231|0|1569|0|21602|
3611011500|세종특별자치시||산울동||0|659|0|361103000231|0|1569|0|21603|
3611011500|세종특별자치시||산울동||0|653|0|361103000231|0|1569|0|21604|
3611011500|세종특별자치시||산울동||0|665|0|361103000231|0|1569|0|21605|
3611011500|세종특별자치시||산울동||0|656|0|361103000231|0|1569|0|21606|
3611011500|세종특별자치시||산울동||0|657|0|361103000231|0|1569|0|21607|
3611011500|세종특별자치시||산울동||0|652|0|361103000231|0|1569|0|21608|
3611011500|세종특별자치시||산울동||0|649|0|361103000231|0|1569|0|21609|
3611011500|세종특별자치시||산울동||0|647|0|361103000231|0|1569|0|21610|
3611011500|세종특별자치시||산울동||0|645|0|361103000231|0|1569|0|21611|
3611011500|세종특별자치시||산울동||0|668|0|361103000231|0|1569|0|21612|
3611011500|세종특별자치시||산울동||0|669|0|361103000231|0|1569|0|21613|
3611011500|세종특별자치시||산울동||0|676|0|361103000231|0|1569|0|21614|
3611011500|세종특별자치시||산울동||0|658|0|361103000231|0|1569|0|21615|
3611011500|세종특별자치시||산울동||0|654|0|361103000231|0|1569|0|21616|
3611011500|세종특별자치시||산울동||0|650|0|361103000231|0|1569|0|21617|
3611011500|세종특별자치시||산울동||0|655|0|361103000231|0|1569|0|21618|
3611011500|세종특별자치시||산울동||0|651|0|361103000231|0|1569|0|21619|
3611011500|세종특별자치시||산울동||0|670|0|361103000231|0|1569|0|21620|
3611011500|세종특별자치시||산울동||0|671|0|361103000231|0|1569|0|21621|
3611011500|세종특별자치시||산울동||0|673|0|361103000231|0|1569|0|21622|
3611036027|세종특별자치시||연서면|청라리|0|493|0|361103015019|0|198|0|15363|
3611036027|세종특별자치시||연서면|청라리|0|493|1|361103015019|0|198|0|15364|
3611036027|세종특별자치시||연서면|청라리|0|445|1|361103015019|0|213|1|15365|
3611036027|세종특별자치시||연서면|청라리|0|174|0|361103015019|0|349|0|15366|
3611036026|세종특별자치시||연서면|쌍류리|0|294|5|361103015019|0|409|0|15367|
3611036026|세종특별자치시||연서면|쌍류리|0|309|4|361103015019|0|409|0|15368|
3611036026|세종특별자치시||연서면|쌍류리|0|315|3|361103015019|0|409|0|15369|
3611036026|세종특별자치시||연서면|쌍류리|0|294|1|361103015019|0|409|0|15370|
3611036026|세종특별자치시||연서면|쌍류리|0|315|2|361103015019|0|409|0|15371|
3611036026|세종특별자치시||연서면|쌍류리|0|706|113|361103015019|0|429|0|21995|
3611036026|세종특별자치시||연서면|쌍류리|0|706|114|361103015019|0|429|0|21996|
3611036026|세종특별자치시||연서면|쌍류리|0|706|74|361103015019|0|429|0|21997|
3611036026|세종특별자치시||연서면|쌍류리|0|706|82|361103015019|0|429|0|21998|
3611036026|세종특별자치시||연서면|쌍류리|0|706|116|361103015019|0|429|0|21999|
3611036026|세종특별자치시||연서면|쌍류리|0|706|119|361103015019|0|429|0|22000|
3611036026|세종특별자치시||연서면|쌍류리|0|706|120|361103015019|0|429|0|22001|
3611036026|세종특별자치시||연서면|쌍류리|0|268|2|361103015019|0|435|0|15372|
3611036026|세종특별자치시||연서면|쌍류리|0|272|0|361103015019|0|435|0|15373|
3611036026|세종특별자치시||연서면|쌍류리|0|706|75|361103015019|0|435|0|15374|
3611036026|세종특별자치시||연서면|쌍류리|0|270|1|361103015019|0|435|0|15375|
3611036026|세종특별자치시||연서면|쌍류리|0|706|134|361103015019|0|437|0|25980|
3611036026|세종특별자치시||연서면|쌍류리|0|706|135|361103015019|0|437|0|25981|
3611036026|세종특별자치시||연서면|쌍류리|0|185|1|361103015019|0|527|1|15376|
3611036026|세종특별자치시||연서면|쌍류리|0|186|1|361103015019|0|527|2|15377|
3611036026|세종특별자치시||연서면|쌍류리|0|706|98|361103015019|0|547|0|15379|
3611036025|세종특별자치시||연서면|용암리|0|203|5|361103015019|0|586|0|28286|
3611036025|세종특별자치시||연서면|용암리|0|203|6|361103015019|0|586|0|28287|
3611036025|세종특별자치시||연서면|용암리|0|178|1|361103015019|0|591|26|23029|
3611036025|세종특별자치시||연서면|용암리|0|179|1|361103015019|0|591|26|23030|
3611036025|세종특별자치시||연서면|용암리|0|185|6|361103015019|0|593|0|242|
3611036025|세종특별자치시||연서면|용암리|0|184|4|361103015019|0|599|0|28443|
3611036025|세종특별자치시||연서면|용암리|0|184|12|361103015019|0|599|0|28444|
3611036025|세종특별자치시||연서면|용암리|0|185|4|361103015019|0|599|0|28445|
3611036025|세종특별자치시||연서면|용암리|0|184|8|361103015019|0|599|0|28446|
3611036025|세종특별자치시||연서면|용암리|0|176|5|361103015019|0|613|2|29760|
3611036025|세종특별자치시||연서면|용암리|0|75|8|361103015019|0|713|4|15381|
3611036025|세종특별자치시||연서면|용암리|0|75|7|361103015019|0|713|4|15382|
3611036024|세종특별자치시||연서면|고복리|1|51|1|361103015019|0|881|0|15384|
3611036024|세종특별자치시||연서면|고복리|0|436|1|361103015019|0|911|5|15386|
3611036024|세종특별자치시||연서면|고복리|0|410|5|361103015019|0|979|10|15387|
3611036024|세종특별자치시||연서면|고복리|0|401|4|361103015019|0|985|0|15388|
3611036024|세종특별자치시||연서면|고복리|0|401|5|361103015019|0|985|0|15389|
3611036024|세종특별자치시||연서면|고복리|0|205|0|361103015019|0|1057|0|15390|
3611036024|세종특별자치시||연서면|고복리|0|205|1|361103015019|0|1057|0|15391|
3611036024|세종특별자치시||연서면|고복리|0|206|3|361103015019|0|1057|0|15392|
3611036024|세종특별자치시||연서면|고복리|0|206|0|361103015019|0|1057|0|15393|
3611036024|세종특별자치시||연서면|고복리|0|205|2|361103015019|0|1057|0|15394|
3611036024|세종특별자치시||연서면|고복리|0|206|1|361103015019|0|1057|0|15395|
3611036024|세종특별자치시||연서면|고복리|0|206|8|361103015019|0|1057|0|15396|
3611036024|세종특별자치시||연서면|고복리|0|66|2|361103015019|0|1079|0|15397|
3611036024|세종특별자치시||연서면|고복리|0|75|6|361103015019|0|1109|25|21429|
3611036024|세종특별자치시||연서면|고복리|0|31|1|361103015019|0|1131|7|30842|
3611036024|세종특별자치시||연서면|고복리|0|31|6|361103015019|0|1131|7|30843|
3611036023|세종특별자치시||연서면|성제리|0|586|54|361103015019|0|1221|0|15403|
3611036023|세종특별자치시||연서면|성제리|0|586|144|361103015019|0|1221|0|15404|
3611036023|세종특별자치시||연서면|성제리|0|607|0|361103015019|0|1221|0|15405|
3611034042|세종특별자치시||금남면|성강리|0|467|11|361103015020|0|228|0|6826|
3611034042|세종특별자치시||금남면|성강리|0|74|0|361103015020|0|228|0|6827|
3611034042|세종특별자치시||금남면|성강리|0|467|12|361103015020|0|228|0|6828|
3611034042|세종특별자치시||금남면|성강리|0|467|14|361103015020|0|228|0|6829|
3611034042|세종특별자치시||금남면|성강리|0|473|0|361103015020|0|228|0|6830|
3611037035|세종특별자치시||전의면|다방리|0|479|2|361103015023|0|24|0|17114|
3611037034|세종특별자치시||전의면|금사리|0|158|5|361103015023|0|55|0|17116|
3611037034|세종특별자치시||전의면|금사리|0|26|3|361103015023|0|114|33|26660|
3611037034|세종특별자치시||전의면|금사리|0|26|4|361103015023|0|114|34|17117|
3611037034|세종특별자치시||전의면|금사리|0|59|0|361103015023|0|125|38|17118|
3611037033|세종특별자치시||전의면|달전리|0|237|0|361103015023|0|188|18|17119|
3611037033|세종특별자치시||전의면|달전리|0|237|1|361103015023|0|188|18|17120|
3611037033|세종특별자치시||전의면|달전리|0|300|1|361103015023|0|190|0|17121|
3611037033|세종특별자치시||전의면|달전리|0|304|1|361103015023|0|205|0|17122|
3611037033|세종특별자치시||전의면|달전리|0|243|3|361103015023|0|250|0|26860|
3611037033|세종특별자치시||전의면|달전리|0|243|8|361103015023|0|250|0|26861|
3611037033|세종특별자치시||전의면|달전리|1|72|2|361103015023|0|252|0|24523|
3611037033|세종특별자치시||전의면|달전리|0|532|5|361103015023|0|382|16|17123|
3611037033|세종특별자치시||전의면|달전리|0|519|17|361103015023|0|412|2|17124|
3611037033|세종특별자치시||전의면|달전리|0|555|1|361103015023|0|412|9|17125|
3611037033|세종특별자치시||전의면|달전리|0|555|2|361103015023|0|412|9|17126|
3611037032|세종특별자치시||전의면|양곡리|0|388|5|361103015023|0|477|0|19206|
3611037032|세종특별자치시||전의면|양곡리|0|552|2|361103015023|0|478|5|17127|
3611037032|세종특별자치시||전의면|양곡리|0|552|2|361103015023|0|478|7|17128|
3611037032|세종특별자치시||전의면|양곡리|0|343|15|361103015023|0|487|0|24423|
3611037032|세종특별자치시||전의면|양곡리|0|344|2|361103015023|0|489|0|23111|
3611037032|세종특별자치시||전의면|양곡리|0|343|9|361103015023|0|489|0|23112|
3611037032|세종특별자치시||전의면|양곡리|0|345|3|361103015023|0|497|6|20237|
3611037032|세종특별자치시||전의면|양곡리|0|404|1|361103015023|0|497|36|345|
3611037032|세종특별자치시||전의면|양곡리|0|379|1|361103015023|0|530|0|17132|
3611037032|세종특별자치시||전의면|양곡리|0|379|2|361103015023|0|530|0|17133|
3611037032|세종특별자치시||전의면|양곡리|0|399|0|361103015023|0|535|18|17134|
3611035031|세종특별자치시||장군면|송학리|0|468|7|361103015023|0|538|19|24061|
3611035031|세종특별자치시||장군면|송학리|0|126|1|361103015023|0|607|0|8659|
3611035031|세종특별자치시||장군면|송학리|0|124|0|361103015023|0|618|0|18710|
3611035031|세종특별자치시||장군면|송학리|0|124|4|361103015023|0|618|0|18711|
3611037030|세종특별자치시||전의면|신방리|0|382|2|361103015023|0|622|0|17135|
3611035031|세종특별자치시||장군면|송학리|0|86|0|361103015023|0|647|4|8652|
3611035031|세종특별자치시||장군면|송학리|0|75|5|361103015023|0|659|0|8650|
3611035031|세종특별자치시||장군면|송학리|0|75|6|361103015023|0|659|0|8651|
3611037031|세종특별자치시||전의면|영당리|0|115|0|361103015023|0|663|0|18712|
3611037031|세종특별자치시||전의면|영당리|0|116|1|361103015023|0|663|0|18713|
3611037031|세종특별자치시||전의면|영당리|0|505|30|361103015023|0|663|0|18714|
3611037031|세종특별자치시||전의면|영당리|0|505|31|361103015023|0|663|0|18715|
3611035031|세종특별자치시||장군면|송학리|0|50|0|361103015023|0|692|0|8648|
3611035031|세종특별자치시||장군면|송학리|0|233|2|361103015023|0|701|0|18716|
3611035031|세종특별자치시||장군면|송학리|0|232|4|361103015023|0|701|0|18717|
3611035031|세종특별자치시||장군면|송학리|0|233|5|361103015023|0|701|0|18718|
3611037031|세종특별자치시||전의면|영당리|0|56|0|361103015023|0|705|0|17143|
3611037031|세종특별자치시||전의면|영당리|0|44|2|361103015023|0|709|9|17144|
3611037031|세종특별자치시||전의면|영당리|0|44|1|361103015023|0|709|12|17145|
3611037031|세종특별자치시||전의면|영당리|0|58|1|361103015023|0|718|0|18719|
3611037031|세종특별자치시||전의면|영당리|0|82|1|361103015023|0|718|0|18720|
3611037031|세종특별자치시||전의면|영당리|0|34|1|361103015023|0|735|0|18721|
3611035031|세종특별자치시||장군면|송학리|0|270|0|361103015023|0|763|18|8669|
3611037025|세종특별자치시||전의면|신흥리|0|47|2|361103015023|0|807|0|13720|
3611037025|세종특별자치시||전의면|신흥리|0|97|1|361103015023|0|807|0|13721|
3611037025|세종특별자치시||전의면|신흥리|0|98|2|361103015023|0|807|0|13722|
3611037025|세종특별자치시||전의면|신흥리|0|48|2|361103015023|0|825|20|18723|
3611037024|세종특별자치시||전의면|원성리|0|312|4|361103015023|0|895|0|319|
3611037025|세종특별자치시||전의면|신흥리|0|191|0|361103015023|0|895|0|320|
3611037024|세종특별자치시||전의면|원성리|0|309|12|361103015023|0|904|0|18724|
3611037030|세종특별자치시||전의면|신방리|0|513|23|361103015023|0|908|0|18725|
3611037021|세종특별자치시||전의면|읍내리|0|285|13|361103015023|0|958|19|18726|
3611037022|세종특별자치시||전의면|동교리|0|200|40|361103015052|0|6|0|22589|
3611037022|세종특별자치시||전의면|동교리|0|197|16|361103015052|0|6|11|383|
3611037022|세종특별자치시||전의면|동교리|0|203|5|361103015052|0|18|0|24721|
3611037022|세종특별자치시||전의면|동교리|0|266|2|361103015052|0|30|0|20556|
3611037022|세종특별자치시||전의면|동교리|0|221|5|361103015052|0|39|0|16826|
3611037022|세종특별자치시||전의면|동교리|0|216|3|361103015052|0|40|0|16827|
3611037022|세종특별자치시||전의면|동교리|0|213|18|361103015052|0|42|2|16828|
3611037022|세종특별자치시||전의면|동교리|0|219|4|361103015052|0|48|0|16830|
3611037022|세종특별자치시||전의면|동교리|0|251|10|361103015052|0|97|0|16831|
3611037022|세종특별자치시||전의면|동교리|0|245|7|361103015052|0|108|0|27000|
3611037027|세종특별자치시||전의면|관정리|0|666|6|361103015052|0|125|0|16832|
3611037028|세종특별자치시||전의면|신정리|0|577|0|361103015052|0|134|21|16833|
3611037028|세종특별자치시||전의면|신정리|0|578|21|361103015052|0|140|0|26220|
3611037027|세종특별자치시||전의면|관정리|0|274|3|361103015052|0|273|0|23399|
3611037027|세종특별자치시||전의면|관정리|0|163|2|361103015052|0|438|0|18708|
3611037027|세종특별자치시||전의면|관정리|0|161|2|361103015052|0|439|0|19260|
3611037027|세종특별자치시||전의면|관정리|0|152|6|361103015052|0|452|0|28440|
3611037027|세종특별자치시||전의면|관정리|0|145|8|361103015052|0|452|0|28441|
3611037027|세종특별자치시||전의면|관정리|0|145|9|361103015052|0|452|0|28442|
3611038021|세종특별자치시||전동면|노장리|0|608|9|361103015054|0|21|0|17211|
3611038021|세종특별자치시||전동면|노장리|0|400|3|361103015054|0|60|0|17213|
3611038021|세종특별자치시||전동면|노장리|0|400|5|361103015054|0|60|0|17214|
3611038021|세종특별자치시||전동면|노장리|0|559|1|361103015054|0|181|29|17217|
3611038021|세종특별자치시||전동면|노장리|0|511|8|361103015054|0|216|0|17219|
3611038021|세종특별자치시||전동면|노장리|0|511|14|361103015054|0|216|0|17220|
3611038021|세종특별자치시||전동면|노장리|0|539|5|361103015054|0|226|0|17221|
3611038021|세종특별자치시||전동면|노장리|0|538|0|361103015054|0|226|0|17222|
3611038021|세종특별자치시||전동면|노장리|0|539|1|361103015054|0|226|0|17223|
3611038021|세종특별자치시||전동면|노장리|0|542|10|361103015054|0|237|0|17224|
3611038022|세종특별자치시||전동면|봉대리|1|8|5|361103015054|0|276|1|24582|
3611038022|세종특별자치시||전동면|봉대리|0|84|0|361103015054|0|313|0|17225|
3611038022|세종특별자치시||전동면|봉대리|0|87|0|361103015054|0|313|0|17226|
3611038022|세종특별자치시||전동면|봉대리|0|78|1|361103015054|0|361|0|17227|
3611038022|세종특별자치시||전동면|봉대리|0|109|8|361103015054|0|404|0|29340|
3611038022|세종특별자치시||전동면|봉대리|0|150|3|361103015054|0|433|14|18727|
3611038022|세종특별자치시||전동면|봉대리|1|27|1|361103015054|0|504|0|17228|
3611033021|세종특별자치시||부강면|부강리|0|519|15|361103240036|0|3|0|10606|
3611033021|세종특별자치시||부강면|부강리|0|522|8|361103240036|0|10|0|24147|
3611033021|세종특별자치시||부강면|부강리|0|522|9|361103240036|0|10|0|24148|
3611033021|세종특별자치시||부강면|부강리|0|528|2|361103240036|0|17|0|16164|
3611033021|세종특별자치시||부강면|부강리|0|527|4|361103240036|0|17|0|16165|
3611033021|세종특별자치시||부강면|부강리|0|538|1|361103240036|0|38|0|18080|
3611033021|세종특별자치시||부강면|부강리|0|538|2|361103240036|0|38|0|18081|
3611033021|세종특별자치시||부강면|부강리|0|568|2|361103240036|0|48|34|10610|
3611033021|세종특별자치시||부강면|부강리|0|567|0|361103240036|0|48|34|24010|
3611033021|세종특별자치시||부강면|부강리|0|631|2|361103240036|0|48|37|28541|
3611033021|세종특별자치시||부강면|부강리|0|564|6|361103240036|0|48|37|28542|
3611033021|세종특별자치시||부강면|부강리|0|631|3|361103240036|0|48|37|28543|
3611033021|세종특별자치시||부강면|부강리|0|616|8|361103240036|0|48|37|28544|
3611033021|세종특별자치시||부강면|부강리|0|616|6|361103240036|0|48|37|28545|
3611033021|세종특별자치시||부강면|부강리|1|40|6|361103240036|0|48|37|28546|
3611033021|세종특별자치시||부강면|부강리|0|695|0|361103240036|0|48|37|28547|
3611033021|세종특별자치시||부강면|부강리|0|693|0|361103240036|0|48|37|28548|
3611033021|세종특별자치시||부강면|부강리|0|696|1|361103240036|0|48|37|28549|
3611033021|세종특별자치시||부강면|부강리|0|602|5|361103240036|0|48|37|28550|
3611033021|세종특별자치시||부강면|부강리|0|617|1|361103240036|0|48|37|28551|
3611033021|세종특별자치시||부강면|부강리|0|617|3|361103240036|0|48|37|28552|
3611033021|세종특별자치시||부강면|부강리|0|601|3|361103240036|0|48|37|28553|
3611033021|세종특별자치시||부강면|부강리|0|600|0|361103240036|0|48|37|28554|
3611033021|세종특별자치시||부강면|부강리|0|602|4|361103240036|0|48|37|28555|
3611033021|세종특별자치시||부강면|부강리|0|734|3|361103240036|0|48|37|28556|
3611033021|세종특별자치시||부강면|부강리|0|734|6|361103240036|0|48|37|28557|
3611033021|세종특별자치시||부강면|부강리|0|1155|0|361103240036|0|48|37|28558|
3611033021|세종특별자치시||부강면|부강리|0|602|3|361103240036|0|48|37|28559|
3611033021|세종특별자치시||부강면|부강리|0|706|2|361103240036|0|48|37|28560|
3611033021|세종특별자치시||부강면|부강리|0|700|1|361103240036|0|48|37|28561|
3611033021|세종특별자치시||부강면|부강리|0|706|3|361103240036|0|48|37|28562|
3611033021|세종특별자치시||부강면|부강리|0|706|1|361103240036|0|48|37|28563|
3611033021|세종특별자치시||부강면|부강리|0|705|0|361103240036|0|48|37|28564|
3611033021|세종특별자치시||부강면|부강리|0|1151|6|361103240036|0|48|37|28565|
3611033021|세종특별자치시||부강면|부강리|0|1152|0|361103240036|0|48|37|28566|
3611033021|세종특별자치시||부강면|부강리|0|596|1|361103240036|0|48|37|28567|
3611033021|세종특별자치시||부강면|부강리|0|700|0|361103240036|0|48|37|28568|
3611033021|세종특별자치시||부강면|부강리|0|616|7|361103240036|0|48|37|28569|
3611033021|세종특별자치시||부강면|부강리|0|627|1|361103240036|0|48|37|28570|
3611033021|세종특별자치시||부강면|부강리|0|628|2|361103240036|0|48|37|28571|
3611033021|세종특별자치시||부강면|부강리|0|629|0|361103240036|0|48|37|28572|
3611033021|세종특별자치시||부강면|부강리|0|637|6|361103240036|0|48|37|28573|
3611033021|세종특별자치시||부강면|부강리|0|637|5|361103240036|0|48|37|28574|
3611033021|세종특별자치시||부강면|부강리|0|636|3|361103240036|0|48|37|28575|
3611033021|세종특별자치시||부강면|부강리|0|1135|11|361103240036|0|48|37|28576|
3611033021|세종특별자치시||부강면|부강리|0|706|4|361103240036|0|48|37|28577|
3611033021|세종특별자치시||부강면|부강리|1|36|1|361103240036|0|48|37|28578|
3611033021|세종특별자치시||부강면|부강리|0|565|1|361103240036|0|48|40|10634|
3611033021|세종특별자치시||부강면|부강리|0|633|2|361103240036|0|48|45|17881|
3611033021|세종특별자치시||부강면|부강리|0|582|2|361103240036|0|48|48|10635|
3611033025|세종특별자치시||부강면|문곡리|0|1166|8|361103240036|0|70|0|31180|
3611033025|세종특별자치시||부강면|문곡리|0|1088|0|361103240036|0|71|0|10481|
3611033025|세종특별자치시||부강면|문곡리|1|162|0|361103240036|0|91|0|21430|
3611033025|세종특별자치시||부강면|문곡리|0|1060|8|361103240036|0|112|0|10483|
3611033025|세종특별자치시||부강면|문곡리|0|937|3|361103240036|0|126|0|10484|
3611033025|세종특별자치시||부강면|문곡리|0|1152|0|361103240036|0|133|11|18110|
3611033025|세종특별자치시||부강면|문곡리|0|953|6|361103240036|0|138|0|10486|
3611033025|세종특별자치시||부강면|문곡리|0|926|1|361103240036|0|139|0|21109|
3611033025|세종특별자치시||부강면|문곡리|0|676|15|361103240036|0|186|22|10488|
3611033025|세종특별자치시||부강면|문곡리|0|703|1|361103240036|0|214|0|10489|
3611033025|세종특별자치시||부강면|문곡리|0|403|2|361103240036|0|228|0|18660|
3611033025|세종특별자치시||부강면|문곡리|0|403|1|361103240036|0|228|0|18661|
3611033025|세종특별자치시||부강면|문곡리|0|440|1|361103240036|0|254|21|10491|
3611033025|세종특별자치시||부강면|문곡리|0|427|0|361103240036|0|262|0|23749|
3611033025|세종특별자치시||부강면|문곡리|0|428|2|361103240036|0|262|0|23750|
3611033025|세종특별자치시||부강면|문곡리|0|428|3|361103240036|0|262|0|23751|
3611033025|세종특별자치시||부강면|문곡리|0|163|2|361103240036|0|271|0|10492|
3611033025|세종특별자치시||부강면|문곡리|0|431|0|361103240036|0|272|0|19633|
3611033025|세종특별자치시||부강면|문곡리|0|115|0|361103240036|0|272|0|19634|
3611033025|세종특별자치시||부강면|문곡리|0|117|2|361103240036|0|274|0|19632|
3611033025|세종특별자치시||부강면|문곡리|0|158|2|361103240036|0|293|0|10493|
3611033025|세종특별자치시||부강면|문곡리|0|19|6|361103240036|0|350|0|29480|
3611033021|세종특별자치시||부강면|부강리|0|1043|1|361103240037|0|15|0|10637|
3611033021|세종특별자치시||부강면|부강리|0|1043|3|361103240037|0|15|0|10638|
3611033021|세종특별자치시||부강면|부강리|0|1046|2|361103240037|0|15|0|10639|
3611033021|세종특별자치시||부강면|부강리|0|298|0|361103240037|0|79|17|16044|
3611033021|세종특별자치시||부강면|부강리|0|269|0|361103240037|0|82|0|27560|
3611033021|세종특별자치시||부강면|부강리|0|271|0|361103240037|0|82|0|27561|
3611033024|세종특별자치시||부강면|갈산리|0|419|1|361103240037|0|188|0|10045|
3611033024|세종특별자치시||부강면|갈산리|0|451|0|361103240037|0|188|0|10046|
3611033024|세종특별자치시||부강면|갈산리|0|2|2|361103240037|0|232|0|10047|
3611033022|세종특별자치시||부강면|행산리|0|218|6|361103240037|0|249|0|19406|
3611033022|세종특별자치시||부강면|행산리|0|167|4|361103240037|0|329|0|18698|
3611033022|세종특별자치시||부강면|행산리|0|159|3|361103240037|0|343|4|11042|
3611033022|세종특별자치시||부강면|행산리|0|161|1|361103240037|0|343|5|11045|
3611033027|세종특별자치시||부강면|노호리|0|84|0|361103240044|0|218|14|10217|
3611033027|세종특별자치시||부강면|노호리|0|121|1|361103240044|0|255|0|28000|
3611033027|세종특별자치시||부강면|노호리|0|447|5|361103240044|0|255|0|28001|
3611033027|세종특별자치시||부강면|노호리|0|146|3|361103240044|0|278|0|10219|
3611033027|세종특별자치시||부강면|노호리|0|376|1|361103240044|0|278|0|10220|
3611033027|세종특별자치시||부강면|노호리|1|55|1|361103240044|0|292|0|10222|
3611033027|세종특별자치시||부강면|노호리|1|55|1|361103240044|0|296|0|10224|
3611033027|세종특별자치시||부강면|노호리|1|58|0|361103240044|0|296|0|10225|
3611033027|세종특별자치시||부강면|노호리|1|55|1|361103240044|0|310|12|10227|
3611033027|세종특별자치시||부강면|노호리|1|55|1|361103240044|0|310|18|10229|
3611033027|세종특별자치시||부강면|노호리|0|358|1|361103240044|0|310|19|10230|
3611033027|세종특별자치시||부강면|노호리|0|358|3|361103240044|0|310|19|10231|
3611033027|세종특별자치시||부강면|노호리|1|55|1|361103240044|0|310|20|10234|
3611033027|세종특별자치시||부강면|노호리|1|55|13|361103240044|0|310|21|10235|
3611033027|세종특별자치시||부강면|노호리|1|55|1|361103240044|0|318|0|10241|
3611033027|세종특별자치시||부강면|노호리|1|48|1|361103240044|0|332|11|10243|
3611033027|세종특별자치시||부강면|노호리|0|461|0|361103240044|0|337|30|10251|
3611033027|세종특별자치시||부강면|노호리|0|442|6|361103240044|0|337|32|10252|
3611033027|세종특별자치시||부강면|노호리|0|374|5|361103240044|0|337|35|25440|
3611033027|세종특별자치시||부강면|노호리|0|413|4|361103240044|0|355|0|10260|
3611033026|세종특별자치시||부강면|등곡리|1|42|4|361103240044|0|396|0|22749|
3611033026|세종특별자치시||부강면|등곡리|1|44|1|361103240044|0|396|0|22750|
3611033026|세종특별자치시||부강면|등곡리|0|442|2|361103240044|0|396|0|22751|
3611033026|세종특별자치시||부강면|등곡리|0|442|4|361103240044|0|396|0|22752|
3611033026|세종특별자치시||부강면|등곡리|1|44|3|361103240044|0|396|0|22753|
3611033026|세종특별자치시||부강면|등곡리|0|484|1|361103240044|0|433|20|18465|
3611033026|세종특별자치시||부강면|등곡리|0|485|0|361103240044|0|433|20|18466|
3611033026|세종특별자치시||부강면|등곡리|0|486|1|361103240044|0|433|20|18467|
3611033026|세종특별자치시||부강면|등곡리|0|486|2|361103240044|0|433|20|18468|
3611033026|세종특별자치시||부강면|등곡리|0|487|1|361103240044|0|433|20|18469|
3611033026|세종특별자치시||부강면|등곡리|0|488|2|361103240044|0|433|20|18470|
3611033026|세종특별자치시||부강면|등곡리|0|534|6|361103240044|0|457|0|10400|
3611033026|세종특별자치시||부강면|등곡리|0|534|5|361103240044|0|461|1|10401|
3611033026|세종특별자치시||부강면|등곡리|0|632|0|361103240044|0|461|6|10403|
3611033026|세종특별자치시||부강면|등곡리|0|536|0|361103240044|0|461|8|10404|
3611033026|세종특별자치시||부강면|등곡리|0|534|4|361103240044|0|461|10|10405|
3611033026|세종특별자치시||부강면|등곡리|0|545|0|361103240044|0|481|6|23755|
3611033026|세종특별자치시||부강면|등곡리|0|547|0|361103240044|0|481|6|23756|
3611033026|세종특별자치시||부강면|등곡리|0|546|0|361103240044|0|481|6|23757|
3611033026|세종특별자치시||부강면|등곡리|0|551|0|361103240044|0|481|6|23758|
3611033026|세종특별자치시||부강면|등곡리|0|552|0|361103240044|0|481|6|23759|
3611033026|세종특별자치시||부강면|등곡리|0|545|5|361103240044|0|481|6|23760|
3611033026|세종특별자치시||부강면|등곡리|0|545|3|361103240044|0|481|6|23761|
3611033026|세종특별자치시||부강면|등곡리|0|545|4|361103240044|0|481|6|23762|
3611033026|세종특별자치시||부강면|등곡리|0|552|0|361103240044|0|481|8|23752|
3611033026|세종특별자치시||부강면|등곡리|0|524|2|361103240044|0|481|8|23754|
3611033026|세종특별자치시||부강면|등곡리|0|514|0|361103240044|0|481|23|10409|
3611033026|세종특별자치시||부강면|등곡리|0|620|0|361103240044|0|481|23|10410|
3611033026|세종특별자치시||부강면|등곡리|0|620|1|361103240044|0|481|23|10411|
3611033026|세종특별자치시||부강면|등곡리|0|518|1|361103240044|0|481|25|27424|
3611033026|세종특별자치시||부강면|등곡리|0|620|4|361103240044|0|481|25|27425|
3611033026|세종특별자치시||부강면|등곡리|0|519|2|361103240044|0|481|25|27426|
3611033026|세종특별자치시||부강면|등곡리|0|620|8|361103240044|0|481|25|27427|
3611033026|세종특별자치시||부강면|등곡리|0|520|0|361103240044|0|481|27|10413|
3611033026|세종특별자치시||부강면|등곡리|0|620|5|361103240044|0|481|27|10415|
3611033026|세종특별자치시||부강면|등곡리|0|522|1|361103240044|0|481|29|10426|
3611033026|세종특별자치시||부강면|등곡리|0|620|3|361103240044|0|481|29|10428|
3611033026|세종특별자치시||부강면|등곡리|0|630|0|361103240044|0|481|29|10430|
3611033026|세종특별자치시||부강면|등곡리|0|527|0|361103240044|0|481|32|10432|
3611033026|세종특별자치시||부강면|등곡리|0|526|2|361103240044|0|481|32|23764|
3611033026|세종특별자치시||부강면|등곡리|0|552|0|361103240044|0|481|48|10433|
3611033026|세종특별자치시||부강면|등곡리|0|553|0|361103240044|0|481|48|10434|
3611033026|세종특별자치시||부강면|등곡리|0|554|1|361103240044|0|481|48|10435|
3611033026|세종특별자치시||부강면|등곡리|0|555|0|361103240044|0|481|50|10436|
3611033026|세종특별자치시||부강면|등곡리|0|630|0|361103240044|0|481|50|10437|
3611033026|세종특별자치시||부강면|등곡리|0|407|7|361103240044|0|481|58|10438|
3611033026|세종특별자치시||부강면|등곡리|0|407|9|361103240044|0|481|58|10439|
3611033026|세종특별자치시||부강면|등곡리|0|407|6|361103240044|0|481|70|10440|
3611033026|세종특별자치시||부강면|등곡리|0|407|19|361103240044|0|481|70|10441|
3611033026|세종특별자치시||부강면|등곡리|0|407|21|361103240044|0|481|82|10442|
3611033026|세종특별자치시||부강면|등곡리|0|407|10|361103240044|0|501|0|10443|
3611033026|세종특별자치시||부강면|등곡리|0|407|17|361103240044|0|501|0|10444|
3611033026|세종특별자치시||부강면|등곡리|0|555|0|361103240044|0|501|0|10445|
3611033026|세종특별자치시||부강면|등곡리|0|387|1|361103240044|0|535|5|10446|
3611033026|세종특별자치시||부강면|등곡리|0|366|1|361103240044|0|549|0|24725|
3611033026|세종특별자치시||부강면|등곡리|0|367|10|361103240044|0|549|0|24726|
3611033021|세종특별자치시||부강면|부강리|0|673|3|361103240044|0|608|0|10653|
3611033021|세종특별자치시||부강면|부강리|0|651|0|361103240044|0|610|0|10654|
3611033021|세종특별자치시||부강면|부강리|0|641|0|361103240044|0|685|5|10655|
3611033021|세종특별자치시||부강면|부강리|0|1135|1|361103240044|0|685|5|10656|
3611033021|세종특별자치시||부강면|부강리|0|1153|0|361103240044|0|685|5|10657|
3611033021|세종특별자치시||부강면|부강리|1|30|8|361103240044|0|685|22|10658|
3611033021|세종특별자치시||부강면|부강리|0|648|0|361103240044|0|685|22|10659|
3611033021|세종특별자치시||부강면|부강리|0|648|1|361103240044|0|685|22|10660|
3611033025|세종특별자치시||부강면|문곡리|0|1080|0|361103240044|0|700|0|31181|
3611033023|세종특별자치시||부강면|산수리|0|35|5|361103240072|0|6|0|10856|
3611033023|세종특별자치시||부강면|산수리|0|339|1|361103240072|0|6|0|10857|
3611033023|세종특별자치시||부강면|산수리|0|35|18|361103240072|0|8|0|10860|
3611033023|세종특별자치시||부강면|산수리|0|368|0|361103240072|0|9|0|23049|
3611035026|세종특별자치시||장군면|하봉리|0|155|1|361103251036|0|523|26|18489|
3611035026|세종특별자치시||장군면|하봉리|0|163|3|361103251036|0|523|88|13464|
3611035027|세종특별자치시||장군면|은용리|0|81|5|361103251036|0|650|0|26160|
3611035027|세종특별자치시||장군면|은용리|0|82|6|361103251036|0|650|0|26161|
3611035027|세종특별자치시||장군면|은용리|0|85|0|361103251036|0|650|7|20185|
3611035027|세종특별자치시||장군면|은용리|0|84|2|361103251036|0|650|7|20544|
3611035024|세종특별자치시||장군면|봉안리|0|356|1|361103251036|0|756|0|20850|
3611035024|세종특별자치시||장군면|봉안리|0|187|2|361103251036|0|854|10|23149|
3611035024|세종특별자치시||장군면|봉안리|0|188|3|361103251036|0|854|10|23150|
3611035024|세종특별자치시||장군면|봉안리|0|188|3|361103251036|0|854|12|7822|
3611035024|세종특별자치시||장군면|봉안리|0|40|0|361103251036|0|873|0|21129|
3611035024|세종특별자치시||장군면|봉안리|0|40|10|361103251036|0|873|0|21130|
3611035024|세종특별자치시||장군면|봉안리|0|40|30|361103251036|0|873|0|21131|
3611035026|세종특별자치시||장군면|하봉리|0|550|0|361103251037|0|373|0|21491|
3611035021|세종특별자치시||장군면|도계리|0|174|4|361103251037|0|385|0|7608|
3611035021|세종특별자치시||장군면|도계리|0|172|3|361103251037|0|386|7|7605|
3611035021|세종특별자치시||장군면|도계리|0|196|0|361103251037|0|386|19|23473|
3611035021|세종특별자치시||장군면|도계리|0|154|18|361103251037|0|397|4|7552|
3611035021|세종특별자치시||장군면|도계리|0|154|19|361103251037|0|397|7|7553|
3611035021|세종특별자치시||장군면|도계리|0|152|0|361103251037|0|397|15|7541|
3611035021|세종특별자치시||장군면|도계리|0|151|5|361103251037|0|397|19|7540|
3611035021|세종특별자치시||장군면|도계리|0|167|0|361103251037|0|398|3|7592|
3611035021|세종특별자치시||장군면|도계리|0|168|10|361103251037|0|398|3|23811|
3611035021|세종특별자치시||장군면|도계리|0|164|1|361103251037|0|398|9|7594|
3611035021|세종특별자치시||장군면|도계리|0|154|15|361103251037|0|401|0|7551|
3611035021|세종특별자치시||장군면|도계리|0|154|10|361103251037|0|404|0|18740|
3611035021|세종특별자치시||장군면|도계리|0|154|29|361103251037|0|404|0|18741|
3611035021|세종특별자치시||장군면|도계리|0|154|8|361103251037|0|404|0|18742|
3611035021|세종특별자치시||장군면|도계리|0|168|7|361103251037|0|404|0|18743|
3611035021|세종특별자치시||장군면|도계리|0|154|8|361103251037|0|404|1|7547|
3611035021|세종특별자치시||장군면|도계리|0|154|29|361103251037|0|404|1|7548|
3611035021|세종특별자치시||장군면|도계리|0|359|7|361103251037|0|408|2|7546|
3611035021|세종특별자치시||장군면|도계리|0|154|6|361103251037|0|408|3|7543|
3611035021|세종특별자치시||장군면|도계리|0|155|1|361103251037|0|408|3|7544|
3611035021|세종특별자치시||장군면|도계리|0|155|2|361103251037|0|408|3|7545|
3611035021|세종특별자치시||장군면|도계리|0|154|2|361103251037|0|408|5|7554|
3611035021|세종특별자치시||장군면|도계리|0|154|5|361103251037|0|408|5|23810|
3611035021|세종특별자치시||장군면|도계리|0|359|11|361103251037|0|408|7|7558|
3611035021|세종특별자치시||장군면|도계리|0|160|39|361103251037|0|415|0|7584|
3611035021|세종특별자치시||장군면|도계리|0|160|51|361103251037|0|417|0|7585|
3611035021|세종특별자치시||장군면|도계리|0|162|17|361103251037|0|417|0|7586|
3611035021|세종특별자치시||장군면|도계리|0|160|6|361103251037|0|417|1|7580|
3611035021|세종특별자치시||장군면|도계리|0|160|37|361103251037|0|417|2|7568|
3611035021|세종특별자치시||장군면|도계리|0|161|9|361103251037|0|419|10|7573|
3611035021|세종특별자치시||장군면|도계리|0|359|27|361103251037|0|419|10|7574|
3611035021|세종특별자치시||장군면|도계리|0|160|49|361103251037|0|421|0|7565|
3611035021|세종특별자치시||장군면|도계리|0|160|50|361103251037|0|421|0|7566|
3611035021|세종특별자치시||장군면|도계리|0|162|3|361103251037|0|421|0|7567|
3611035021|세종특별자치시||장군면|도계리|0|89|1|361103251037|0|430|0|7532|
3611035021|세종특별자치시||장군면|도계리|0|90|7|361103251037|0|431|0|21709|
3611035021|세종특별자치시||장군면|도계리|0|90|10|361103251037|0|431|0|21710|
3611035021|세종특별자치시||장군면|도계리|0|6|5|361103251037|0|436|0|7519|
3611035021|세종특별자치시||장군면|도계리|0|137|0|361103251037|0|437|3|7537|
3611035021|세종특별자치시||장군면|도계리|0|93|2|361103251037|0|437|15|28120|
3611035021|세종특별자치시||장군면|도계리|0|356|47|361103251037|0|437|15|28121|
3611035021|세종특별자치시||장군면|도계리|0|365|0|361103251037|0|437|83|23813|
3611035021|세종특별자치시||장군면|도계리|0|297|7|361103251037|0|437|83|23814|
3611035021|세종특별자치시||장군면|도계리|0|339|1|361103251037|0|437|83|23815|
3611035021|세종특별자치시||장군면|도계리|0|339|2|361103251037|0|437|83|23816|
3611035021|세종특별자치시||장군면|도계리|0|297|1|361103251037|0|437|83|23817|
3611035021|세종특별자치시||장군면|도계리|0|111|1|361103251037|0|437|83|23818|
3611035021|세종특별자치시||장군면|도계리|0|111|0|361103251037|0|437|83|23819|
3611035023|세종특별자치시||장군면|대교리|0|634|38|361103251037|0|452|17|23829|
3611035023|세종특별자치시||장군면|대교리|0|575|1|361103251037|0|463|0|7784|
3611035023|세종특별자치시||장군면|대교리|0|587|3|361103251037|0|469|0|7791|
3611035024|세종특별자치시||장군면|봉안리|0|329|4|361103251037|0|561|8|20047|
3611035024|세종특별자치시||장군면|봉안리|0|329|0|361103251037|0|561|10|20045|
3611035024|세종특별자치시||장군면|봉안리|0|329|5|361103251037|0|561|10|20046|
3611035024|세종특별자치시||장군면|봉안리|0|203|6|361103251037|0|585|21|28283|
3611035024|세종특별자치시||장군면|봉안리|0|203|8|361103251037|0|585|21|28284|
3611035024|세종특별자치시||장군면|봉안리|0|203|9|361103251037|0|585|21|28285|
3611025031|세종특별자치시||조치원읍|번암리|0|73|0|361103258001|0|16|1|24208|
3611025031|세종특별자치시||조치원읍|번암리|0|89|0|361103258001|0|16|1|24209|
3611025031|세종특별자치시||조치원읍|번암리|0|73|7|361103258001|0|16|1|24210|
3611025031|세종특별자치시||조치원읍|번암리|0|73|3|361103258001|0|16|1|24211|
3611025031|세종특별자치시||조치원읍|번암리|0|73|0|361103258001|0|16|3|24206|
3611025031|세종특별자치시||조치원읍|번암리|0|73|3|361103258001|0|16|3|24207|
3611025031|세종특별자치시||조치원읍|번암리|0|73|0|361103258001|0|16|5|14824|
3611025031|세종특별자치시||조치원읍|번암리|0|75|4|361103258001|0|23|0|14825|
3611025030|세종특별자치시||조치원읍|죽림리|0|135|1|361103258001|0|69|0|28579|
3611025030|세종특별자치시||조치원읍|죽림리|0|102|7|361103258001|0|69|0|29186|
3611025029|세종특별자치시||조치원읍|신흥리|0|108|0|361103258001|0|99|14|14826|
3611034028|세종특별자치시||금남면|영치리|0|163|1|361103258002|0|141|0|22852|
3611034035|세종특별자치시||금남면|부용리|0|83|3|361103258002|0|1131|0|14891|
3611034035|세종특별자치시||금남면|부용리|0|84|1|361103258002|0|1141|0|20577|
3611034035|세종특별자치시||금남면|부용리|1|107|0|361103258002|0|1145|7|14893|
3611025032|세종특별자치시||조치원읍|신안리|0|254|9|361103258003|0|53|11|14905|
3611025032|세종특별자치시||조치원읍|신안리|0|254|6|361103258003|0|53|11|14906|
3611025032|세종특별자치시||조치원읍|신안리|0|254|10|361103258003|0|53|11|14907|
3611025032|세종특별자치시||조치원읍|신안리|0|254|3|361103258003|0|53|11|14908|
3611025032|세종특별자치시||조치원읍|신안리|0|257|0|361103258003|0|53|14|26522|
3611025032|세종특별자치시||조치원읍|신안리|1|57|1|361103258003|0|53|14|26523|
3611025032|세종특별자치시||조치원읍|신안리|1|58|6|361103258003|0|53|14|26525|
3611025032|세종특별자치시||조치원읍|신안리|0|254|12|361103258003|0|53|14|29201|
3611038026|세종특별자치시||전동면|송곡리|0|139|2|361103258003|0|200|0|14911|
3611038026|세종특별자치시||전동면|송곡리|0|140|1|361103258003|0|200|0|25022|
3611038026|세종특별자치시||전동면|송곡리|0|144|1|361103258003|0|202|1|30640|
3611038026|세종특별자치시||전동면|송곡리|0|285|66|361103258003|0|226|9|14914|
3611038026|세종특별자치시||전동면|송곡리|0|157|0|361103258003|0|226|9|14915|
3611038026|세종특별자치시||전동면|송곡리|0|285|40|361103258003|0|254|0|18565|
3611038027|세종특별자치시||전동면|송정리|0|36|6|361103258003|0|336|14|23109|
3611038027|세종특별자치시||전동면|송정리|0|36|6|361103258003|0|336|16|23110|
3611038027|세종특별자치시||전동면|송정리|0|12|3|361103258003|0|358|65|14917|
3611038026|세종특별자치시||전동면|송곡리|0|227|1|361103258003|0|361|8|14918|
3611038027|세종특별자치시||전동면|송정리|0|208|26|361103258003|0|466|0|24138|
3611038027|세종특별자치시||전동면|송정리|0|208|3|361103258003|0|466|0|24139|
3611038027|세종특별자치시||전동면|송정리|0|208|23|361103258003|0|466|0|24140|
3611038027|세종특별자치시||전동면|송정리|0|425|0|361103258003|0|466|0|24141|
3611038027|세종특별자치시||전동면|송정리|0|208|6|361103258003|0|488|0|24123|
3611038027|세종특별자치시||전동면|송정리|0|208|22|361103258003|0|488|0|24124|
3611038027|세종특별자치시||전동면|송정리|0|208|23|361103258003|0|488|0|24125|
3611038027|세종특별자치시||전동면|송정리|0|315|7|361103258003|0|549|2|14921|
3611038027|세종특별자치시||전동면|송정리|0|316|0|361103258003|0|555|0|14922|
3611032021|세종특별자치시||연동면|내판리|0|93|3|361103258004|0|10|8|15028|
3611032021|세종특별자치시||연동면|내판리|0|96|2|361103258004|0|10|13|15029|
3611032021|세종특별자치시||연동면|내판리|0|545|5|361103258004|0|52|0|15031|
3611032021|세종특별자치시||연동면|내판리|0|669|10|361103258004|0|84|0|19752|
3611032021|세종특별자치시||연동면|내판리|0|669|9|361103258004|0|84|0|19753|
3611012100|세종특별자치시||한별동||0|317|34|361103258005|0|81|0|18546|
3611012100|세종특별자치시||한별동||0|317|32|361103258005|0|81|0|18547|
3611012100|세종특별자치시||한별동||0|317|33|361103258005|0|81|0|18548|
3611031021|세종특별자치시||연기면|연기리|0|412|25|361103258005|0|111|0|15181|
3611031021|세종특별자치시||연기면|연기리|0|412|30|361103258005|0|111|0|15182|
3611031021|세종특별자치시||연기면|연기리|0|412|35|361103258005|0|111|1|267|
3611031021|세종특별자치시||연기면|연기리|0|412|28|361103258005|0|119|0|15184|
3611031021|세종특별자치시||연기면|연기리|0|412|15|361103258005|0|119|0|15185|
3611031021|세종특별자치시||연기면|연기리|0|423|9|361103258005|0|119|6|29224|
3611031021|세종특별자치시||연기면|연기리|0|423|66|361103258005|0|119|6|29225|
3611031021|세종특별자치시||연기면|연기리|0|386|11|361103258005|0|122|0|30201|
3611031021|세종특별자치시||연기면|연기리|0|385|1|361103258005|0|122|3|15186|
3611031021|세종특별자치시||연기면|연기리|0|385|0|361103258005|0|122|7|15187|
3611031021|세종특별자치시||연기면|연기리|0|392|0|361103258005|0|122|14|15188|
3611031021|세종특별자치시||연기면|연기리|0|383|11|361103258005|0|128|0|30200|
3611031021|세종특별자치시||연기면|연기리|0|446|19|361103258005|0|145|1|18088|
3611031021|세종특별자치시||연기면|연기리|0|459|1|361103258005|0|163|9|15189|
3611031022|세종특별자치시||연기면|보통리|0|385|12|361103258005|0|235|8|15190|
3611036033|세종특별자치시||연서면|봉암리|0|647|5|361103258005|0|284|0|15191|
3611036033|세종특별자치시||연서면|봉암리|0|638|9|361103258005|0|285|0|15192|
3611036033|세종특별자치시||연서면|봉암리|0|638|8|361103258005|0|285|1|15193|
3611036033|세종특별자치시||연서면|봉암리|0|622|0|361103258005|0|286|0|13605|
3611036033|세종특별자치시||연서면|봉암리|0|622|0|361103258005|0|290|3|13604|
3611036033|세종특별자치시||연서면|봉암리|0|624|10|361103258005|0|320|0|25433|
3611036033|세종특별자치시||연서면|봉암리|0|624|13|361103258005|0|320|0|25434|
3611036033|세종특별자치시||연서면|봉암리|0|624|1|361103258005|0|322|0|15195|
3611036033|세종특별자치시||연서면|봉암리|0|624|8|361103258005|0|324|0|15196|
3611036032|세종특별자치시||연서면|부동리|0|1|0|361103258005|0|333|0|15197|
3611036032|세종특별자치시||연서면|부동리|0|9|1|361103258005|0|333|0|15199|
3611036032|세종특별자치시||연서면|부동리|0|79|2|361103258005|0|333|0|15200|
3611036030|세종특별자치시||연서면|국촌리|0|26|2|361103258005|0|333|0|15201|
3611036032|세종특별자치시||연서면|부동리|0|1|1|361103258005|0|333|0|15202|
3611036030|세종특별자치시||연서면|국촌리|0|13|0|361103258005|0|333|0|15203|
3611036030|세종특별자치시||연서면|국촌리|0|10|0|361103258005|0|333|0|15204|
3611036033|세종특별자치시||연서면|봉암리|0|195|1|361103258005|0|333|0|15205|
3611036033|세종특별자치시||연서면|봉암리|0|203|3|361103258005|0|333|0|15206|
3611036032|세종특별자치시||연서면|부동리|0|24|2|361103258005|0|333|0|15207|
3611036032|세종특별자치시||연서면|부동리|0|79|0|361103258005|0|333|0|15208|
3611036030|세종특별자치시||연서면|국촌리|0|20|1|361103258005|0|333|0|15209|
3611036033|세종특별자치시||연서면|봉암리|1|5|2|361103258005|0|333|0|15210|
3611036033|세종특별자치시||연서면|봉암리|0|638|7|361103258005|0|333|0|15211|
3611036033|세종특별자치시||연서면|봉암리|0|196|1|361103258005|0|333|0|15212|
3611036032|세종특별자치시||연서면|부동리|0|81|2|361103258005|0|333|0|15213|
3611036030|세종특별자치시||연서면|국촌리|0|23|0|361103258005|0|333|0|15214|
3611036030|세종특별자치시||연서면|국촌리|0|22|0|361103258005|0|333|0|15215|
3611036032|세종특별자치시||연서면|부동리|0|9|2|361103258005|0|333|0|15216|
3611036030|세종특별자치시||연서면|국촌리|0|327|0|361103258005|0|333|0|15217|
3611036030|세종특별자치시||연서면|국촌리|0|32|11|361103258005|0|333|0|15218|
3611036033|세종특별자치시||연서면|봉암리|0|147|0|361103258005|0|333|0|15219|
3611036033|세종특별자치시||연서면|봉암리|0|177|0|361103258005|0|333|0|15220|
3611036030|세종특별자치시||연서면|국촌리|0|15|3|361103258005|0|333|0|15221|
3611036033|세종특별자치시||연서면|봉암리|0|204|1|361103258005|0|333|0|15222|
3611036033|세종특별자치시||연서면|봉암리|0|112|32|361103258005|0|333|0|15223|
3611036032|세종특별자치시||연서면|부동리|0|16|4|361103258005|0|333|0|15225|
3611036030|세종특별자치시||연서면|국촌리|1|17|2|361103258005|0|333|0|15226|
3611036032|세종특별자치시||연서면|부동리|0|81|3|361103258005|0|333|0|15227|
3611036030|세종특별자치시||연서면|국촌리|0|32|14|361103258005|0|333|0|15228|
3611036030|세종특별자치시||연서면|국촌리|0|32|8|361103258005|0|333|0|15229|
3611036030|세종특별자치시||연서면|국촌리|0|32|5|361103258005|0|333|0|15230|
3611036030|세종특별자치시||연서면|국촌리|0|15|1|361103258005|0|333|0|15231|
3611036033|세종특별자치시||연서면|봉암리|0|177|1|361103258005|0|333|0|15232|
3611036030|세종특별자치시||연서면|국촌리|0|11|0|361103258005|0|333|0|15233|
3611036033|세종특별자치시||연서면|봉암리|0|196|0|361103258005|0|333|0|15235|
3611036033|세종특별자치시||연서면|봉암리|0|112|29|361103258005|0|333|0|15236|
3611036032|세종특별자치시||연서면|부동리|0|9|3|361103258005|0|333|0|15237|
3611036032|세종특별자치시||연서면|부동리|1|7|2|361103258005|0|333|0|15238|
3611036030|세종특별자치시||연서면|국촌리|0|23|1|361103258005|0|333|0|15239|
3611036030|세종특별자치시||연서면|국촌리|0|25|0|361103258005|0|333|0|15240|
3611036030|세종특별자치시||연서면|국촌리|0|20|0|361103258005|0|333|0|15241|
3611036030|세종특별자치시||연서면|국촌리|0|12|1|361103258005|0|333|0|15242|
3611036033|세종특별자치시||연서면|봉암리|0|730|1|361103258005|0|333|0|15243|
3611036032|세종특별자치시||연서면|부동리|0|26|2|361103258005|0|333|0|15244|
3611036030|세종특별자치시||연서면|국촌리|0|23|2|361103258005|0|333|0|15245|
3611036030|세종특별자치시||연서면|국촌리|0|24|0|361103258005|0|333|0|15246|
3611036033|세종특별자치시||연서면|봉암리|1|21|2|361103258005|0|333|0|15247|
3611036030|세종특별자치시||연서면|국촌리|0|328|0|361103258005|0|333|0|15248|
3611036030|세종특별자치시||연서면|국촌리|1|6|1|361103258005|0|333|0|15249|
3611036033|세종특별자치시||연서면|봉암리|0|183|3|361103258005|0|333|0|15250|
3611036033|세종특별자치시||연서면|봉암리|0|183|1|361103258005|0|333|0|15251|
3611036033|세종특별자치시||연서면|봉암리|0|205|2|361103258005|0|333|0|15252|
3611036033|세종특별자치시||연서면|봉암리|1|4|1|361103258005|0|333|0|15253|
3611036033|세종특별자치시||연서면|봉암리|0|131|2|361103258005|0|333|0|15254|
3611036033|세종특별자치시||연서면|봉암리|0|112|3|361103258005|0|333|0|15255|
3611036033|세종특별자치시||연서면|봉암리|0|164|0|361103258005|0|333|0|15256|
3611036030|세종특별자치시||연서면|국촌리|0|144|4|361103258005|0|333|0|15257|
3611036030|세종특별자치시||연서면|국촌리|0|23|3|361103258005|0|333|0|15258|
3611036032|세종특별자치시||연서면|부동리|0|2|5|361103258005|0|333|0|15259|
3611036030|세종특별자치시||연서면|국촌리|0|32|12|361103258005|0|333|0|15260|
3611036030|세종특별자치시||연서면|국촌리|0|32|9|361103258005|0|333|0|15261|
3611036030|세종특별자치시||연서면|국촌리|0|20|2|361103258005|0|333|0|15262|
3611036030|세종특별자치시||연서면|국촌리|0|14|0|361103258005|0|333|0|15263|
3611036030|세종특별자치시||연서면|국촌리|0|12|2|361103258005|0|333|0|15264|
3611036033|세종특별자치시||연서면|봉암리|0|205|1|361103258005|0|333|0|15265|
3611036033|세종특별자치시||연서면|봉암리|0|183|2|361103258005|0|333|0|15266|
3611036032|세종특별자치시||연서면|부동리|0|79|1|361103258005|0|333|0|15267|
3611036030|세종특별자치시||연서면|국촌리|0|15|0|361103258005|0|333|0|15268|
3611036030|세종특별자치시||연서면|국촌리|0|15|4|361103258005|0|333|0|15269|
3611036030|세종특별자치시||연서면|국촌리|1|6|6|361103258005|0|333|0|15270|
3611036033|세종특별자치시||연서면|봉암리|0|131|1|361103258005|0|333|0|15271|
3611036033|세종특별자치시||연서면|봉암리|0|131|3|361103258005|0|333|0|15272|
3611036032|세종특별자치시||연서면|부동리|0|33|4|361103258005|0|333|0|20553|
3611036033|세종특별자치시||연서면|봉암리|0|131|12|361103258005|0|333|0|23916|
3611036033|세종특별자치시||연서면|봉암리|0|164|3|361103258005|0|333|0|23917|
3611036033|세종특별자치시||연서면|봉암리|0|54|19|361103258005|0|362|0|15273|
3611036033|세종특별자치시||연서면|봉암리|0|210|47|361103258005|0|365|0|22710|
3611036033|세종특별자치시||연서면|봉암리|0|118|7|361103258005|0|385|0|15280|
3611036033|세종특별자치시||연서면|봉암리|0|114|20|361103258005|0|403|0|15281|
3611036021|세종특별자치시||연서면|월하리|0|1161|0|361103258005|0|458|111|15282|
3611036021|세종특별자치시||연서면|월하리|0|150|1|361103258005|0|470|0|31560|
3611036021|세종특별자치시||연서면|월하리|0|149|1|361103258005|0|470|0|31561|
3611036021|세종특별자치시||연서면|월하리|0|149|2|361103258005|0|470|0|31562|
3611036021|세종특별자치시||연서면|월하리|0|535|3|361103258005|0|505|0|15283|
3611036021|세종특별자치시||연서면|월하리|0|535|5|361103258005|0|505|0|15284|
3611036021|세종특별자치시||연서면|월하리|0|535|4|361103258005|0|505|0|15285|
3611025030|세종특별자치시||조치원읍|죽림리|0|61|7|361103258006|0|5|0|31340|
3611025030|세종특별자치시||조치원읍|죽림리|0|62|4|361103258006|0|5|0|31341|
3611025030|세종특별자치시||조치원읍|죽림리|0|62|5|361103258006|0|5|0|31342|
3611025030|세종특별자치시||조치원읍|죽림리|0|65|0|361103258006|0|5|0|31343|
3611025030|세종특별자치시||조치원읍|죽림리|0|65|14|361103258006|0|5|0|31344|
3611025030|세종특별자치시||조치원읍|죽림리|0|67|17|361103258006|0|5|0|31345|
3611025030|세종특별자치시||조치원읍|죽림리|0|68|0|361103258006|0|5|0|31346|
3611025030|세종특별자치시||조치원읍|죽림리|0|68|1|361103258006|0|5|0|31347|
3611025030|세종특별자치시||조치원읍|죽림리|0|68|6|361103258006|0|5|0|31348|
3611025030|세종특별자치시||조치원읍|죽림리|0|68|7|361103258006|0|5|0|31349|
3611025030|세종특별자치시||조치원읍|죽림리|0|68|8|361103258006|0|5|0|31350|
3611025030|세종특별자치시||조치원읍|죽림리|0|68|9|361103258006|0|5|0|31351|
3611025029|세종특별자치시||조치원읍|신흥리|0|83|0|361103258006|0|25|0|26680|
3611025029|세종특별자치시||조치원읍|신흥리|0|374|4|361103258006|0|116|24|15328|
3611036021|세종특별자치시||연서면|월하리|0|954|23|361103258006|0|116|25|15330|
3611036021|세종특별자치시||연서면|월하리|0|950|1|361103258006|0|139|0|24663|
3611036021|세종특별자치시||연서면|월하리|0|950|5|361103258006|0|139|0|24664|
3611036021|세종특별자치시||연서면|월하리|0|950|7|361103258006|0|139|0|24665|
3611036021|세종특별자치시||연서면|월하리|0|950|8|361103258006|0|139|0|24666|
3611036021|세종특별자치시||연서면|월하리|0|955|5|361103258006|0|156|0|15333|
3611036021|세종특별자치시||연서면|월하리|0|955|1|361103258006|0|156|0|15334|
3611036021|세종특별자치시||연서면|월하리|0|954|39|361103258006|0|156|0|15335|
3611036021|세종특별자치시||연서면|월하리|0|955|3|361103258006|0|156|0|15336|
3611036021|세종특별자치시||연서면|월하리|0|956|1|361103258006|0|158|6|15337|
3611036021|세종특별자치시||연서면|월하리|0|957|1|361103258006|0|158|6|15338|
3611036021|세종특별자치시||연서면|월하리|0|990|21|361103258006|0|190|0|24842|
3611036023|세종특별자치시||연서면|성제리|0|312|9|361103258006|0|258|0|15339|
3611036021|세종특별자치시||연서면|월하리|0|853|1|361103258009|0|34|0|487|
3611036021|세종특별자치시||연서면|월하리|0|839|10|361103258009|0|45|22|15494|
3611036022|세종특별자치시||연서면|쌍전리|0|125|4|361103258009|0|148|3|15496|
3611036022|세종특별자치시||연서면|쌍전리|0|125|5|361103258009|0|148|3|22630|
3611036022|세종특별자치시||연서면|쌍전리|0|109|1|361103258009|0|155|0|15499|
3611036022|세종특별자치시||연서면|쌍전리|0|107|2|361103258009|0|155|0|15500|
3611036022|세종특별자치시||연서면|쌍전리|0|596|1|361103258009|0|208|0|15501|
3611034023|세종특별자치시||금남면|감성리|0|124|6|361103258010|0|6|0|26820|
3611034023|세종특별자치시||금남면|감성리|0|124|8|361103258010|0|6|0|26821|
3611034023|세종특별자치시||금남면|감성리|0|141|4|361103258010|0|14|0|21229|
3611034026|세종특별자치시||금남면|축산리|0|401|0|361103258010|0|111|27|15776|
3611034026|세종특별자치시||금남면|축산리|0|354|1|361103258010|0|119|0|15777|
3611034027|세종특별자치시||금남면|금천리|0|21|7|361103258010|0|372|29|15778|
3611034027|세종특별자치시||금남면|금천리|0|22|0|361103258010|0|372|29|15779|
3611034027|세종특별자치시||금남면|금천리|1|13|1|361103258010|0|372|37|15780|
3611034027|세종특별자치시||금남면|금천리|1|18|1|361103258010|0|372|80|15781|
3611025034|세종특별자치시||조치원읍|서창리|0|131|11|361103258011|0|42|1|15986|
3611025033|세종특별자치시||조치원읍|봉산리|0|190|7|361103258011|0|54|0|15987|
3611025034|세종특별자치시||조치원읍|서창리|0|253|3|361103258011|0|54|0|15988|
3611025034|세종특별자치시||조치원읍|서창리|0|254|0|361103258011|0|54|0|15989|
3611025033|세종특별자치시||조치원읍|봉산리|1|54|8|361103258011|0|84|0|15990|
3611025033|세종특별자치시||조치원읍|봉산리|0|163|0|361103258011|0|122|0|143|
3611025033|세종특별자치시||조치원읍|봉산리|0|335|0|361103258011|0|153|0|23678|
3611025033|세종특별자치시||조치원읍|봉산리|0|223|2|361103258011|0|153|0|23679|
3611025033|세종특별자치시||조치원읍|봉산리|0|215|4|361103258011|0|153|0|23680|
3611025033|세종특별자치시||조치원읍|봉산리|0|215|6|361103258011|0|153|0|23681|
3611025033|세종특별자치시||조치원읍|봉산리|0|223|2|361103258011|0|153|1|15991|
3611025033|세종특별자치시||조치원읍|봉산리|0|335|0|361103258011|0|153|1|15992|
3611025033|세종특별자치시||조치원읍|봉산리|0|321|2|361103258011|0|231|31|29205|
3611025033|세종특별자치시||조치원읍|봉산리|1|34|1|361103258011|0|231|31|29206|
3611025033|세종특별자치시||조치원읍|봉산리|0|304|11|361103258011|0|262|24|26386|
3611025033|세종특별자치시||조치원읍|봉산리|0|304|23|361103258011|0|262|26|29203|
3611025033|세종특별자치시||조치원읍|봉산리|0|304|9|361103258011|0|262|27|26388|
3611025033|세종특별자치시||조치원읍|봉산리|0|304|22|361103258011|0|262|27|29202|
3611025033|세종특별자치시||조치원읍|봉산리|0|304|21|361103258011|0|262|32|26394|
3611025033|세종특별자치시||조치원읍|봉산리|0|314|1|361103258011|0|263|37|15993|
3611038026|세종특별자치시||전동면|송곡리|0|91|18|361103258011|0|334|0|29761|
3611038026|세종특별자치시||전동면|송곡리|1|9|26|361103258011|0|345|0|15994|
3611038026|세종특별자치시||전동면|송곡리|1|13|1|361103258011|0|345|0|15995|
3611038026|세종특별자치시||전동면|송곡리|0|94|2|361103258011|0|345|0|15996|
3611038026|세종특별자치시||전동면|송곡리|0|94|4|361103258011|0|345|0|15997|
3611038026|세종특별자치시||전동면|송곡리|0|96|2|361103258011|0|346|0|15998|
3611038026|세종특별자치시||전동면|송곡리|0|96|7|361103258011|0|346|0|15999|
3611038026|세종특별자치시||전동면|송곡리|0|108|13|361103258011|0|360|0|16000|
3611038026|세종특별자치시||전동면|송곡리|0|111|6|361103258011|0|373|0|22990|
3611038026|세종특별자치시||전동면|송곡리|0|111|2|361103258011|0|377|0|26883|
3611038026|세종특별자치시||전동면|송곡리|0|289|3|361103258011|0|377|0|26884|
3611038026|세종특별자치시||전동면|송곡리|0|112|0|361103258011|0|383|0|16002|
3611038026|세종특별자치시||전동면|송곡리|0|45|1|361103258011|0|383|0|16003|
3611038026|세종특별자치시||전동면|송곡리|0|289|7|361103258011|0|383|0|16004|
3611038026|세종특별자치시||전동면|송곡리|0|110|4|361103258011|0|383|0|16005|
3611038026|세종특별자치시||전동면|송곡리|0|313|8|361103258011|0|387|36|16007|
3611036026|세종특별자치시||연서면|쌍류리|0|338|0|361103258012|0|79|1|16088|
3611036026|세종특별자치시||연서면|쌍류리|0|596|14|361103258012|0|142|0|23390|
3611036026|세종특별자치시||연서면|쌍류리|0|639|15|361103258012|0|175|7|22833|
3611037035|세종특별자치시||전의면|다방리|0|144|9|361103258012|0|302|0|22529|
3611025027|세종특별자치시||조치원읍|남리|0|103|8|361103258013|0|51|10|66|
3611025027|세종특별자치시||조치원읍|남리|0|304|0|361103258013|0|60|1|18699|
3611025027|세종특별자치시||조치원읍|남리|0|58|8|361103258013|0|60|1|18700|
3611025027|세종특별자치시||조치원읍|남리|0|58|9|361103258013|0|66|0|23309|
3611025027|세종특별자치시||조치원읍|남리|0|58|10|361103258013|0|66|0|23310|
3611025025|세종특별자치시||조치원읍|정리|0|101|26|361103258013|0|77|0|16210|
3611025025|세종특별자치시||조치원읍|정리|0|102|22|361103258013|0|85|0|16211|
3611025021|세종특별자치시||조치원읍|원리|0|12|13|361103258013|0|97|0|22851|
3611025021|세종특별자치시||조치원읍|원리|0|12|5|361103258013|0|103|0|18240|
3611025024|세종특별자치시||조치원읍|교리|0|28|1|361103258013|0|119|1|30940|
3611025024|세종특별자치시||조치원읍|교리|0|25|8|361103258013|0|119|1|30941|
3611025024|세종특별자치시||조치원읍|교리|0|14|17|361103258013|0|131|0|561|
3611025024|세종특별자치시||조치원읍|교리|0|130|1|361103258013|0|153|0|30|
3611025024|세종특별자치시||조치원읍|교리|0|131|4|361103258013|0|153|0|31|
3611025024|세종특별자치시||조치원읍|교리|0|1|12|361103258013|0|154|1|29149|
3611025024|세종특별자치시||조치원읍|교리|0|1|41|361103258013|0|154|1|29150|
3611025024|세종특별자치시||조치원읍|교리|0|1|39|361103258013|0|154|1|29151|
3611025024|세종특별자치시||조치원읍|교리|0|1|40|361103258013|0|160|0|29142|
3611025024|세종특별자치시||조치원읍|교리|0|1|29|361103258013|0|160|0|29143|
3611025024|세종특별자치시||조치원읍|교리|0|27|1|361103258013|0|160|0|29144|
3611025034|세종특별자치시||조치원읍|서창리|0|14|1|361103258013|0|182|0|16216|
3611025034|세종특별자치시||조치원읍|서창리|0|14|2|361103258013|0|182|0|16217|
3611025034|세종특별자치시||조치원읍|서창리|0|105|6|361103258013|0|182|0|16218|
3611025034|세종특별자치시||조치원읍|서창리|0|271|1|361103258013|0|193|0|16219|
3611025034|세종특별자치시||조치원읍|서창리|0|85|17|361103258013|0|223|0|29440|
3611025034|세종특별자치시||조치원읍|서창리|0|42|75|361103258013|0|230|0|16222|
3611025034|세종특별자치시||조치원읍|서창리|0|47|5|361103258013|0|236|0|16223|
3611025034|세종특별자치시||조치원읍|서창리|0|42|30|361103258013|0|236|6|16224|
3611025034|세종특별자치시||조치원읍|서창리|0|42|39|361103258013|0|236|6|16225|
3611025034|세종특별자치시||조치원읍|서창리|0|42|104|361103258013|0|238|0|16226|
3611025034|세종특별자치시||조치원읍|서창리|0|42|232|361103258013|0|242|1|16227|
3611025034|세종특별자치시||조치원읍|서창리|0|42|341|361103258013|0|244|1|29208|
3611036026|세종특별자치시||연서면|쌍류리|0|180|5|361103258016|0|2|0|249|
3611036026|세종특별자치시||연서면|쌍류리|0|75|0|361103258016|0|100|0|22965|
3611036026|세종특별자치시||연서면|쌍류리|0|75|1|361103258016|0|100|0|22966|
3611036026|세종특별자치시||연서면|쌍류리|0|76|4|361103258016|0|100|0|22967|
3611036026|세종특별자치시||연서면|쌍류리|0|72|4|361103258016|0|128|0|16430|
3611036026|세종특별자치시||연서면|쌍류리|0|40|1|361103258016|0|140|0|16431|
3611036026|세종특별자치시||연서면|쌍류리|0|40|4|361103258016|0|140|0|16432|
3611038030|세종특별자치시||전동면|송성리|0|650|2|361103258016|0|293|0|13627|
3611038030|세종특별자치시||전동면|송성리|0|650|3|361103258016|0|293|0|13628|
3611038030|세종특별자치시||전동면|송성리|1|117|1|361103258016|0|293|0|13629|
3611038030|세종특별자치시||전동면|송성리|0|650|4|361103258016|0|293|0|13630|
3611038030|세종특별자치시||전동면|송성리|0|650|1|361103258016|0|293|2|13622|
3611038030|세종특별자치시||전동면|송성리|0|650|2|361103258016|0|293|2|13623|
3611038030|세종특별자치시||전동면|송성리|0|655|0|361103258016|0|341|0|16433|
3611038030|세종특별자치시||전동면|송성리|0|667|0|361103258016|0|341|0|16434|
3611038030|세종특별자치시||전동면|송성리|0|691|25|361103258016|0|393|16|26080|
3611038030|세종특별자치시||전동면|송성리|0|691|24|361103258016|0|393|20|18021|
3611038030|세종특별자치시||전동면|송성리|0|371|2|361103258016|0|573|0|25280|
3611038030|세종특별자치시||전동면|송성리|0|371|3|361103258016|0|573|0|25281|
3611038030|세종특별자치시||전동면|송성리|0|332|1|361103258016|0|605|0|16435|
3611038030|세종특별자치시||전동면|송성리|0|330|5|361103258016|0|615|0|16436|
3611038030|세종특별자치시||전동면|송성리|0|334|10|361103258016|0|615|0|16437|
3611032025|세종특별자치시||연동면|노송리|0|240|1|361103258017|0|15|11|16456|
3611032025|세종특별자치시||연동면|노송리|0|241|1|361103258017|0|19|0|23964|
3611032025|세종특별자치시||연동면|노송리|0|242|5|361103258017|0|19|0|23965|
3611032026|세종특별자치시||연동면|예양리|0|774|3|361103258017|0|19|0|23966|
3611032025|세종특별자치시||연동면|노송리|0|241|4|361103258017|0|19|0|23967|
3611032025|세종특별자치시||연동면|노송리|0|241|1|361103258017|0|25|0|16457|
3611032025|세종특별자치시||연동면|노송리|0|133|2|361103258017|0|87|7|29304|
3611032025|세종특별자치시||연동면|노송리|0|47|2|361103258017|0|99|3|16458|
3611032025|세종특별자치시||연동면|노송리|0|68|2|361103258017|0|125|34|233|
3611032025|세종특별자치시||연동면|노송리|0|427|1|361103258017|0|197|0|18522|
3611032025|세종특별자치시||연동면|노송리|0|426|3|361103258017|0|197|0|18523|
3611032025|세종특별자치시||연동면|노송리|0|436|1|361103258017|0|223|18|236|
3611032025|세종특별자치시||연동면|노송리|0|437|2|361103258017|0|223|18|238|
3611031023|세종특별자치시||연기면|눌왕리|0|698|0|361103258018|0|295|0|16493|
3611031023|세종특별자치시||연기면|눌왕리|0|645|4|361103258018|0|307|0|16496|
3611031024|세종특별자치시||연기면|수산리|0|51|1|361103258018|0|369|0|16497|
3611031024|세종특별자치시||연기면|수산리|0|53|1|361103258018|0|373|15|24745|
3611031024|세종특별자치시||연기면|수산리|0|54|3|361103258018|0|373|15|24746|
3611031024|세종특별자치시||연기면|수산리|0|606|1|361103258018|0|373|15|24747|
3611031024|세종특별자치시||연기면|수산리|0|53|3|361103258018|0|373|15|24748|
3611031024|세종특별자치시||연기면|수산리|0|56|2|361103258018|0|373|16|16499|
3611031024|세종특별자치시||연기면|수산리|0|60|4|361103258018|0|401|0|20524|
3611031024|세종특별자치시||연기면|수산리|0|113|1|361103258018|0|423|0|30480|
3611031024|세종특별자치시||연기면|수산리|0|117|3|361103258018|0|423|0|30481|
3611031024|세종특별자치시||연기면|수산리|0|117|4|361103258018|0|423|0|30482|
3611031024|세종특별자치시||연기면|수산리|0|145|1|361103258018|0|426|0|16501|
3611031024|세종특별자치시||연기면|수산리|0|604|40|361103258018|0|430|0|16502|
3611031024|세종특별자치시||연기면|수산리|0|144|0|361103258018|0|434|0|16504|
3611031024|세종특별자치시||연기면|수산리|0|141|0|361103258018|0|448|2|16505|
3611031024|세종특별자치시||연기면|수산리|0|450|0|361103258018|0|459|6|16506|
3611031024|세종특별자치시||연기면|수산리|1|70|1|361103258018|0|459|12|16507|
3611031024|세종특별자치시||연기면|수산리|0|138|1|361103258018|0|460|0|16508|
3611031024|세종특별자치시||연기면|수산리|0|168|3|361103258018|0|460|4|16509|
3611031024|세종특별자치시||연기면|수산리|0|449|4|361103258018|0|461|0|16510|
3611038030|세종특별자치시||전동면|송성리|0|219|1|361103258019|0|7|0|16535|
3611038030|세종특별자치시||전동면|송성리|0|220|14|361103258019|0|7|0|16536|
3611038029|세종특별자치시||전동면|미곡리|0|281|66|361103258019|0|94|18|23941|
3611038030|세종특별자치시||전동면|송성리|0|20|0|361103258019|0|145|0|16537|
3611038030|세종특별자치시||전동면|송성리|0|22|0|361103258019|0|145|0|16538|
3611038030|세종특별자치시||전동면|송성리|0|34|0|361103258019|0|145|0|16539|
3611038030|세종특별자치시||전동면|송성리|0|3|0|361103258019|0|217|0|16540|
3611038030|세종특별자치시||전동면|송성리|0|4|1|361103258019|0|217|0|16541|
3611038030|세종특별자치시||전동면|송성리|0|8|2|361103258019|0|217|0|16542|
3611038030|세종특별자치시||전동면|송성리|0|8|5|361103258019|0|217|0|16543|
3611038030|세종특별자치시||전동면|송성리|0|8|7|361103258019|0|217|0|16544|
3611038030|세종특별자치시||전동면|송성리|0|10|5|361103258019|0|217|0|16545|
3611038030|세종특별자치시||전동면|송성리|0|12|3|361103258019|0|217|0|16546|
3611038030|세종특별자치시||전동면|송성리|0|17|0|361103258019|0|217|0|16547|
3611038030|세종특별자치시||전동면|송성리|0|17|2|361103258019|0|217|0|16548|
3611037030|세종특별자치시||전의면|신방리|0|76|0|361103258019|0|241|0|16551|
3611037030|세종특별자치시||전의면|신방리|0|75|0|361103258019|0|241|0|16552|
3611037030|세종특별자치시||전의면|신방리|0|91|0|361103258019|0|241|0|16553|
3611037030|세종특별자치시||전의면|신방리|0|92|5|361103258019|0|241|0|16554|
3611036023|세종특별자치시||연서면|성제리|0|586|87|361103258020|0|17|13|22211|
3611036023|세종특별자치시||연서면|성제리|0|639|0|361103258020|0|47|2|31200|
3611036023|세종특별자치시||연서면|성제리|1|13|0|361103258020|0|47|2|31201|
3611036023|세종특별자치시||연서면|성제리|0|652|0|361103258020|0|47|2|31202|
3611036029|세종특별자치시||연서면|신대리|1|27|1|361103258020|0|116|1|16745|
3611036029|세종특별자치시||연서면|신대리|0|593|0|361103258020|0|119|0|16746|
3611036029|세종특별자치시||연서면|신대리|0|95|18|361103258020|0|130|0|16747|
3611036029|세종특별자치시||연서면|신대리|0|25|2|361103258020|0|140|14|16749|
3611036029|세종특별자치시||연서면|신대리|0|28|0|361103258020|0|140|14|16750|
3611036029|세종특별자치시||연서면|신대리|0|29|1|361103258020|0|140|14|16751|
3611036029|세종특별자치시||연서면|신대리|0|590|2|361103258020|0|148|0|16752|
3611036029|세종특별자치시||연서면|신대리|1|15|2|361103258020|0|152|3|16753|
3611025033|세종특별자치시||조치원읍|봉산리|0|1|4|361103258021|0|29|28|22689|
3611025033|세종특별자치시||조치원읍|봉산리|0|21|30|361103258021|0|42|0|142|
3611025033|세종특별자치시||조치원읍|봉산리|0|14|15|361103258021|0|49|4|21529|
3611025033|세종특별자치시||조치원읍|봉산리|0|14|19|361103258021|0|49|4|21530|
3611025033|세종특별자치시||조치원읍|봉산리|0|14|4|361103258021|0|51|10|15828|
3611025033|세종특별자치시||조치원읍|봉산리|0|14|7|361103258021|0|51|11|15829|
3611025033|세종특별자치시||조치원읍|봉산리|0|111|0|361103258021|0|87|0|16801|
3611025033|세종특별자치시||조치원읍|봉산리|0|111|5|361103258021|0|87|0|16802|
3611025033|세종특별자치시||조치원읍|봉산리|0|111|14|361103258021|0|89|0|16803|
3611025033|세종특별자치시||조치원읍|봉산리|0|111|3|361103258021|0|89|1|16804|
3611025033|세종특별자치시||조치원읍|봉산리|0|138|4|361103258021|0|115|0|16805|
3611025033|세종특별자치시||조치원읍|봉산리|0|171|41|361103258021|0|139|0|29360|
3611036029|세종특별자치시||연서면|신대리|0|65|1|361103258022|0|249|45|16812|
3611036029|세종특별자치시||연서면|신대리|0|219|1|361103258022|0|249|45|16813|
3611036028|세종특별자치시||연서면|기룡리|1|178|0|361103258022|0|249|46|28300|
3611036029|세종특별자치시||연서면|신대리|0|586|16|361103258022|0|268|11|16814|
3611036029|세종특별자치시||연서면|신대리|0|586|23|361103258022|0|268|16|16815|
3611036029|세종특별자치시||연서면|신대리|0|586|19|361103258022|0|286|2|16816|
3611036029|세종특별자치시||연서면|신대리|0|586|113|361103258022|0|286|2|16817|
3611036029|세종특별자치시||연서면|신대리|0|586|117|361103258022|0|286|2|16818|
3611036029|세종특별자치시||연서면|신대리|0|260|1|361103258022|0|295|4|16819|
3611036029|세종특별자치시||연서면|신대리|0|259|2|361103258022|0|295|4|16820|
3611036029|세종특별자치시||연서면|신대리|0|256|13|361103258022|0|296|0|16822|
3611036029|세종특별자치시||연서면|신대리|0|272|12|361103258022|0|316|0|19024|
3611036029|세종특별자치시||연서면|신대리|0|272|8|361103258022|0|318|0|19026|
3611036029|세종특별자치시||연서면|신대리|0|272|10|361103258022|0|318|4|19025|
3611036029|세종특별자치시||연서면|신대리|0|268|3|361103258022|0|353|0|16824|
3611034021|세종특별자치시||금남면|용포리|0|86|8|361103258023|0|37|1|16900|
3611034021|세종특별자치시||금남면|용포리|0|63|28|361103258023|0|52|6|24685|
3611034021|세종특별자치시||금남면|용포리|0|128|6|361103258023|0|69|7|22769|
3611034021|세종특별자치시||금남면|용포리|0|146|8|361103258023|0|72|2|280|
3611034021|세종특별자치시||금남면|용포리|0|135|33|361103258023|0|77|6|20572|
3611034021|세종특별자치시||금남면|용포리|0|193|14|361103258023|0|90|0|282|
3611034021|세종특별자치시||금남면|용포리|0|203|7|361103258023|0|97|12|29641|
3611034021|세종특별자치시||금남면|용포리|0|214|1|361103258023|0|114|1|20709|
3611012100|세종특별자치시||한별동||0|620|1|361103258025|0|6|0|18580|
3611012100|세종특별자치시||한별동||0|626|2|361103258025|0|6|0|18581|
3611012000|세종특별자치시||누리동||0|194|30|361103258025|0|276|53|17036|
3611012000|세종특별자치시||누리동||0|194|52|361103258025|0|276|53|17037|
3611036021|세종특별자치시||연서면|월하리|0|704|0|361103258026|0|86|0|23412|
3611036021|세종특별자치시||연서면|월하리|0|722|2|361103258026|0|121|0|23250|
3611036021|세종특별자치시||연서면|월하리|0|1097|3|361103258026|0|239|0|17053|
3611036021|세종특별자치시||연서면|월하리|0|1103|45|361103258026|0|239|0|17054|
3611036021|세종특별자치시||연서면|월하리|0|1103|65|361103258026|0|239|0|17055|
3611036022|세종특별자치시||연서면|쌍전리|0|563|0|361103258027|0|181|10|14419|
3611036022|세종특별자치시||연서면|쌍전리|0|564|0|361103258027|0|181|10|14420|
3611036022|세종특별자치시||연서면|쌍전리|0|667|2|361103258027|0|287|0|18709|
3611025029|세종특별자치시||조치원읍|신흥리|0|392|0|361103258029|0|5|0|17152|
3611025029|세종특별자치시||조치원읍|신흥리|0|224|7|361103258029|0|8|0|29167|
3611025029|세종특별자치시||조치원읍|신흥리|0|224|4|361103258029|0|8|0|29168|
3611032025|세종특별자치시||연동면|노송리|0|388|3|361103258030|0|106|0|17205|
3611025021|세종특별자치시||조치원읍|원리|0|6|9|361103258031|0|20|0|17261|
3611025021|세종특별자치시||조치원읍|원리|0|3|21|361103258031|0|25|1|26539|
3611025021|세종특별자치시||조치원읍|원리|0|84|2|361103258031|0|30|5|17262|
3611025022|세종특별자치시||조치원읍|상리|0|71|2|361103258031|0|62|1|17267|
3611025022|세종특별자치시||조치원읍|상리|0|69|8|361103258031|0|64|4|17268|
3611025022|세종특별자치시||조치원읍|상리|0|70|3|361103258031|0|64|4|17269|
3611025022|세종특별자치시||조치원읍|상리|0|26|3|361103258031|0|65|0|13|
3611025022|세종특별자치시||조치원읍|상리|0|53|6|361103258031|0|66|1|17272|
3611025022|세종특별자치시||조치원읍|상리|0|42|2|361103258031|0|69|0|29128|
3611025022|세종특별자치시||조치원읍|상리|0|43|0|361103258031|0|69|0|29129|
3611025022|세종특별자치시||조치원읍|상리|0|42|1|361103258031|0|69|1|29126|
3611025022|세종특별자치시||조치원읍|상리|0|42|2|361103258031|0|69|1|29127|
3611025022|세종특별자치시||조치원읍|상리|0|51|3|361103258031|0|70|0|17273|
3611025022|세종특별자치시||조치원읍|상리|0|40|18|361103258031|0|71|0|29125|
3611025030|세종특별자치시||조치원읍|죽림리|0|153|8|361103258032|0|25|0|26920|
3611025030|세종특별자치시||조치원읍|죽림리|0|264|1|361103258033|0|5|1|24400|
3611025030|세종특별자치시||조치원읍|죽림리|0|265|8|361103258033|0|5|1|24401|
3611025030|세종특별자치시||조치원읍|죽림리|0|264|13|361103258033|0|5|1|24402|
3611025030|세종특별자치시||조치원읍|죽림리|0|212|1|361103258033|0|9|0|18260|
3611025030|세종특별자치시||조치원읍|죽림리|0|148|1|361103258033|0|42|1|17287|
3611025030|세종특별자치시||조치원읍|죽림리|0|142|14|361103258033|0|48|5|22649|
3611025030|세종특별자치시||조치원읍|죽림리|0|265|3|361103258034|0|21|0|22569|
3611025030|세종특별자치시||조치원읍|죽림리|0|254|15|361103258034|0|30|6|423|
3611025030|세종특별자치시||조치원읍|죽림리|0|244|6|361103258034|0|30|17|27600|
3611025030|세종특별자치시||조치원읍|죽림리|0|237|3|361103258034|0|34|0|22237|
3611025030|세종특별자치시||조치원읍|죽림리|0|10|13|361103258034|0|50|0|18160|
3611025030|세종특별자치시||조치원읍|죽림리|0|7|4|361103258034|0|50|0|18161|
3611025030|세종특별자치시||조치원읍|죽림리|0|10|0|361103258034|0|56|0|22238|
3611025030|세종특별자치시||조치원읍|죽림리|0|380|14|361103258034|0|58|6|127|
3611025030|세종특별자치시||조치원읍|죽림리|0|379|18|361103258034|0|75|0|22239|
3611025029|세종특별자치시||조치원읍|신흥리|0|46|8|361103258034|0|93|3|29162|
3611025028|세종특별자치시||조치원읍|침산리|0|167|40|361103258034|0|102|0|26100|
3611025028|세종특별자치시||조치원읍|침산리|0|166|150|361103258034|0|115|1|22240|
3611025021|세종특별자치시||조치원읍|원리|0|151|8|361103258034|0|130|0|28919|
3611025028|세종특별자치시||조치원읍|침산리|0|144|12|361103258034|0|135|0|29156|
3611025028|세종특별자치시||조치원읍|침산리|0|145|26|361103258034|0|135|0|29157|
3611025028|세종특별자치시||조치원읍|침산리|0|111|8|361103258034|0|155|23|25900|
3611025028|세종특별자치시||조치원읍|침산리|0|14|1|361103258034|0|186|0|22739|
3611025028|세종특별자치시||조치원읍|침산리|0|15|1|361103258034|0|186|0|22740|
3611025028|세종특별자치시||조치원읍|침산리|0|1|3|361103258034|0|198|0|26885|
3611025028|세종특별자치시||조치원읍|침산리|0|5|0|361103258034|0|198|0|26886|
3611025028|세종특별자치시||조치원읍|침산리|0|1|2|361103258034|0|202|8|22738|
3611025034|세종특별자치시||조치원읍|서창리|0|73|8|361103258034|0|214|0|22737|
3611025034|세종특별자치시||조치원읍|서창리|0|76|4|361103258034|0|230|2|22736|
3611032023|세종특별자치시||연동면|명학리|0|265|0|361103258035|0|64|17|17579|
3611032023|세종특별자치시||연동면|명학리|0|262|3|361103258035|0|64|17|29293|
3611032023|세종특별자치시||연동면|명학리|1|41|0|361103258035|0|66|8|17577|
3611032023|세종특별자치시||연동면|명학리|0|247|0|361103258035|0|66|10|17576|
3611032023|세종특별자치시||연동면|명학리|0|848|0|361103258035|0|71|27|27500|
3611032023|세종특별자치시||연동면|명학리|0|849|0|361103258035|0|71|27|27501|
3611032023|세종특별자치시||연동면|명학리|0|850|0|361103258035|0|71|27|27502|
3611032023|세종특별자치시||연동면|명학리|0|94|0|361103258035|0|71|166|17567|
3611032023|세종특별자치시||연동면|명학리|0|213|10|361103258035|0|88|19|208|
3611032023|세종특별자치시||연동면|명학리|0|196|0|361103258035|0|102|7|205|
3611032023|세종특별자치시||연동면|명학리|0|198|2|361103258035|0|102|8|17566|
3611032023|세종특별자치시||연동면|명학리|0|194|0|361103258035|0|118|4|17565|
3611032023|세종특별자치시||연동면|명학리|0|193|0|361103258035|0|118|6|17564|
3611032023|세종특별자치시||연동면|명학리|0|163|14|361103258035|0|119|16|27460|
3611032023|세종특별자치시||연동면|명학리|0|163|15|361103258035|0|119|16|27461|
3611032023|세종특별자치시||연동면|명학리|0|173|2|361103258035|0|146|7|17563|
3611032023|세종특별자치시||연동면|명학리|0|98|0|361103258035|0|163|5|203|
3611032023|세종특별자치시||연동면|명학리|0|100|1|361103258035|0|163|5|204|
3611032023|세종특별자치시||연동면|명학리|1|7|0|361103258035|0|163|5|219|
3611032023|세종특별자치시||연동면|명학리|0|103|0|361103258035|0|163|6|17561|
3611036023|세종특별자치시||연서면|성제리|0|224|10|361103258037|0|125|11|17473|
3611036030|세종특별자치시||연서면|국촌리|0|204|9|361103258037|0|152|0|22813|
3611036030|세종특별자치시||연서면|국촌리|0|322|108|361103258037|0|170|0|27120|
3611036030|세종특별자치시||연서면|국촌리|0|209|9|361103258037|0|183|11|17472|
3611036030|세종특별자치시||연서면|국촌리|0|322|105|361103258037|0|183|14|17470|
3611036030|세종특별자치시||연서면|국촌리|0|322|106|361103258037|0|183|14|17471|
3611036030|세종특별자치시||연서면|국촌리|0|82|8|361103258037|0|226|7|31740|
3611036033|세종특별자치시||연서면|봉암리|0|91|14|361103258037|0|308|0|17468|
3611036033|세종특별자치시||연서면|봉암리|0|91|18|361103258037|0|318|0|17467|
3611025031|세종특별자치시||조치원읍|번암리|0|227|6|361103258038|0|31|0|135|
3611025031|세종특별자치시||조치원읍|번암리|0|108|2|361103258038|0|40|0|17448|
3611025031|세종특별자치시||조치원읍|번암리|0|108|3|361103258038|0|40|0|17449|
3611025031|세종특별자치시||조치원읍|번암리|0|67|4|361103258038|0|53|21|17447|
3611025031|세종특별자치시||조치원읍|번암리|0|60|1|361103258038|0|67|0|23210|
3611025031|세종특별자치시||조치원읍|번암리|0|53|6|361103258038|0|68|5|17446|
3611025023|세종특별자치시||조치원읍|평리|0|83|0|361103258038|0|266|0|25823|
3611036028|세종특별자치시||연서면|기룡리|0|96|2|361103258039|0|78|10|17387|
3611036028|세종특별자치시||연서면|기룡리|0|96|5|361103258039|0|78|10|17388|
3611036028|세종특별자치시||연서면|기룡리|0|25|0|361103258039|0|99|7|17386|
3611036028|세종특별자치시||연서면|기룡리|0|19|0|361103258039|0|99|15|17382|
3611036028|세종특별자치시||연서면|기룡리|0|20|0|361103258039|0|99|15|17383|
3611036028|세종특별자치시||연서면|기룡리|0|27|0|361103258039|0|99|15|17384|
3611036028|세종특별자치시||연서면|기룡리|0|713|1|361103258039|0|99|15|17385|
3611036028|세종특별자치시||연서면|기룡리|0|87|3|361103258039|0|108|8|17380|
3611036028|세종특별자치시||연서면|기룡리|0|87|4|361103258039|0|108|8|17381|
3611036028|세종특별자치시||연서면|기룡리|0|41|0|361103258039|0|135|16|29620|
3611036028|세종특별자치시||연서면|기룡리|0|40|9|361103258039|0|135|16|29621|
3611036028|세종특별자치시||연서면|기룡리|0|40|5|361103258039|0|135|30|21044|
3611036028|세종특별자치시||연서면|기룡리|0|40|6|361103258039|0|135|30|21045|
3611036028|세종특별자치시||연서면|기룡리|0|732|1|361103258039|0|136|0|23031|
3611036028|세종특별자치시||연서면|기룡리|0|713|21|361103258039|0|136|0|23032|
3611036028|세종특별자치시||연서면|기룡리|0|713|21|361103258039|0|140|0|23478|
3611036028|세종특별자치시||연서면|기룡리|0|55|0|361103258039|0|156|11|17375|
3611036028|세종특별자치시||연서면|기룡리|0|57|0|361103258039|0|156|15|17374|
3611036028|세종특별자치시||연서면|기룡리|0|268|0|361103258039|0|169|7|17368|
3611036028|세종특별자치시||연서면|기룡리|0|713|1|361103258039|0|169|7|17369|
3611036028|세종특별자치시||연서면|기룡리|0|713|8|361103258039|0|169|7|17370|
3611036028|세종특별자치시||연서면|기룡리|0|326|5|361103258039|0|263|10|21046|
3611036028|세종특별자치시||연서면|기룡리|0|326|4|361103258039|0|271|1|17367|
3611036028|세종특별자치시||연서면|기룡리|0|352|6|361103258039|0|285|11|17365|
3611036028|세종특별자치시||연서면|기룡리|0|352|5|361103258039|0|285|11|17366|
3611036028|세종특별자치시||연서면|기룡리|0|332|3|361103258039|0|285|36|17363|
3611036028|세종특별자치시||연서면|기룡리|0|332|4|361103258039|0|285|36|17364|
3611036028|세종특별자치시||연서면|기룡리|0|673|1|361103258039|0|286|0|17360|
3611036028|세종특별자치시||연서면|기룡리|0|674|1|361103258039|0|286|0|17361|
3611036028|세종특별자치시||연서면|기룡리|0|673|3|361103258039|0|286|0|17362|
3611036028|세종특별자치시||연서면|기룡리|0|672|3|361103258039|0|290|0|23090|
3611036028|세종특별자치시||연서면|기룡리|0|777|5|361103258039|0|290|0|23091|
3611036028|세종특별자치시||연서면|기룡리|0|668|4|361103258039|0|310|6|17358|
3611036028|세종특별자치시||연서면|기룡리|0|668|5|361103258039|0|310|6|17359|
3611031021|세종특별자치시||연기면|연기리|0|559|0|361103258040|0|6|0|14748|
3611031023|세종특별자치시||연기면|눌왕리|0|29|3|361103258040|0|47|0|14749|
3611031023|세종특별자치시||연기면|눌왕리|0|29|0|361103258040|0|49|0|14752|
3611031023|세종특별자치시||연기면|눌왕리|0|38|0|361103258040|0|49|0|14753|
3611031023|세종특별자치시||연기면|눌왕리|0|8|0|361103258040|0|83|0|14754|
3611036032|세종특별자치시||연서면|부동리|0|155|0|361103258040|0|92|0|14755|
3611036032|세종특별자치시||연서면|부동리|0|157|2|361103258040|0|112|0|14756|
3611036032|세종특별자치시||연서면|부동리|0|157|3|361103258040|0|112|0|14757|
3611031021|세종특별자치시||연기면|연기리|0|519|3|361103258040|0|130|0|25660|
3611036032|세종특별자치시||연서면|부동리|0|139|0|361103258040|0|181|0|14758|
3611031022|세종특별자치시||연기면|보통리|0|392|52|361103258040|0|184|26|29280|
3611031022|세종특별자치시||연기면|보통리|0|392|54|361103258040|0|184|26|29281|
3611031022|세종특별자치시||연기면|보통리|0|392|13|361103258040|0|184|26|29282|
3611031022|세종특별자치시||연기면|보통리|0|392|50|361103258040|0|184|28|24038|
3611031022|세종특별자치시||연기면|보통리|0|392|54|361103258040|0|184|28|29283|
3611037027|세종특별자치시||전의면|관정리|0|666|6|361103258042|0|1|0|15673|
3611037027|세종특별자치시||전의면|관정리|0|665|3|361103258042|0|1|0|15674|
3611037027|세종특별자치시||전의면|관정리|0|663|9|361103258042|0|1|0|15675|
3611037027|세종특별자치시||전의면|관정리|0|665|2|361103258042|0|1|0|15676|
3611037027|세종특별자치시||전의면|관정리|0|663|4|361103258042|0|1|0|15677|
3611037027|세종특별자치시||전의면|관정리|0|665|5|361103258042|0|1|0|15678|
3611037027|세종특별자치시||전의면|관정리|0|664|2|361103258042|0|1|0|15680|
3611037027|세종특별자치시||전의면|관정리|0|680|7|361103258042|0|1|0|15681|
3611037027|세종특별자치시||전의면|관정리|0|665|1|361103258042|0|1|0|15682|
3611037027|세종특별자치시||전의면|관정리|0|666|3|361103258042|0|1|0|15683|
3611037027|세종특별자치시||전의면|관정리|0|666|8|361103258042|0|1|0|15684|
3611037027|세종특별자치시||전의면|관정리|0|664|4|361103258042|0|1|0|15687|
3611037027|세종특별자치시||전의면|관정리|0|663|22|361103258042|0|1|0|20560|
3611037027|세종특별자치시||전의면|관정리|0|663|23|361103258042|0|1|0|20561|
3611037027|세종특별자치시||전의면|관정리|0|663|14|361103258042|0|6|0|28622|
3611037027|세종특별자치시||전의면|관정리|0|641|8|361103258042|0|50|0|20559|
3611037027|세종특별자치시||전의면|관정리|0|616|6|361103258042|0|87|31|15689|
3611037027|세종특별자치시||전의면|관정리|0|600|13|361103258042|0|113|0|15690|
3611037023|세종특별자치시||전의면|서정리|0|53|5|361103258042|0|163|56|15691|
3611039023|세종특별자치시||소정면|대곡리|0|8|0|361103258042|0|474|19|15692|
3611039023|세종특별자치시||소정면|대곡리|0|10|7|361103258042|0|474|19|15693|
3611039023|세종특별자치시||소정면|대곡리|0|4|1|361103258042|0|474|41|15694|
3611039023|세종특별자치시||소정면|대곡리|0|4|5|361103258042|0|474|41|15695|
3611039023|세종특별자치시||소정면|대곡리|0|6|5|361103258042|0|474|41|15696|
3611039023|세종특별자치시||소정면|대곡리|0|6|4|361103258042|0|474|41|15697|
3611039023|세종특별자치시||소정면|대곡리|0|6|1|361103258042|0|474|41|15698|
3611039023|세종특별자치시||소정면|대곡리|0|63|0|361103258042|0|490|0|15699|
3611039023|세종특별자치시||소정면|대곡리|0|61|0|361103258042|0|490|0|15700|
3611039023|세종특별자치시||소정면|대곡리|0|61|2|361103258042|0|490|0|15701|
3611039023|세종특별자치시||소정면|대곡리|0|61|1|361103258042|0|490|0|15702|
3611039023|세종특별자치시||소정면|대곡리|0|54|3|361103258042|0|490|0|15703|
3611039023|세종특별자치시||소정면|대곡리|0|62|0|361103258042|0|490|0|15704|
3611039023|세종특별자치시||소정면|대곡리|0|15|2|361103258042|0|493|36|15705|
3611039023|세종특별자치시||소정면|대곡리|0|13|0|361103258042|0|493|36|15706|
3611039023|세종특별자치시||소정면|대곡리|0|68|3|361103258042|0|497|0|15707|
3611039023|세종특별자치시||소정면|대곡리|0|68|6|361103258042|0|497|1|28540|
3611039023|세종특별자치시||소정면|대곡리|0|310|10|361103258042|0|604|0|18487|
3611039023|세종특별자치시||소정면|대곡리|0|305|1|361103258042|0|604|0|18488|
3611039023|세종특별자치시||소정면|대곡리|0|310|1|361103258042|0|614|0|18573|
3611039023|세종특별자치시||소정면|대곡리|0|310|3|361103258042|0|614|0|18574|
3611039023|세종특별자치시||소정면|대곡리|0|310|7|361103258042|0|614|0|18575|
3611025022|세종특별자치시||조치원읍|상리|0|119|0|361103258043|0|8|0|21850|
3611025023|세종특별자치시||조치원읍|평리|0|23|9|361103258043|0|14|1|27760|
3611025022|세종특별자치시||조치원읍|상리|0|163|4|361103258046|0|7|0|17198|
3611025025|세종특별자치시||조치원읍|정리|0|4|3|361103258046|0|14|0|17200|
3611025026|세종특별자치시||조치원읍|명리|0|67|5|361103258046|0|25|0|17202|
3611025025|세종특별자치시||조치원읍|정리|0|43|2|361103258046|0|28|0|17203|
3611035025|세종특별자치시||장군면|금암리|0|367|10|361103258061|0|137|0|18145|
3611035025|세종특별자치시||장군면|금암리|0|281|20|361103258061|0|291|8|23482|
3611035025|세종특별자치시||장군면|금암리|0|283|118|361103258061|0|291|116|28070|
3611035025|세종특별자치시||장군면|금암리|0|283|92|361103258061|0|291|116|28071|
3611035025|세종특별자치시||장군면|금암리|0|283|120|361103258061|0|291|116|28072|
3611035025|세종특별자치시||장군면|금암리|0|283|165|361103258061|0|291|116|28073|
3611035025|세종특별자치시||장군면|금암리|0|283|169|361103258061|0|291|116|28074|
3611035025|세종특별자치시||장군면|금암리|0|47|0|361103258061|0|519|40|8133|
3611035025|세종특별자치시||장군면|금암리|0|40|0|361103258061|0|519|40|8134|
3611035025|세종특별자치시||장군면|금암리|0|42|0|361103258061|0|519|40|8135|
3611035025|세종특별자치시||장군면|금암리|0|48|0|361103258061|0|519|40|8136|
3611035032|세종특별자치시||장군면|용현리|0|233|12|361103258063|0|21|10|26240|
3611035032|세종특별자치시||장군면|용현리|1|36|0|361103258063|0|110|32|8684|
3611035032|세종특별자치시||장군면|용현리|0|19|2|361103258063|0|110|32|8685|
3611035032|세종특별자치시||장군면|용현리|0|50|1|361103258063|0|126|25|8672|
3611035032|세종특별자치시||장군면|용현리|0|54|0|361103258063|0|144|6|8681|
3611035032|세종특별자치시||장군면|용현리|0|217|0|361103258063|0|144|6|8682|
3611035032|세종특별자치시||장군면|용현리|1|19|0|361103258063|0|144|6|8683|
3611035033|세종특별자치시||장군면|용암리|0|558|2|361103258063|0|190|0|8714|
3611035033|세종특별자치시||장군면|용암리|1|49|0|361103258063|0|300|14|23859|
3611035033|세종특별자치시||장군면|용암리|0|107|10|361103258063|0|300|14|23860|
3611035033|세종특별자치시||장군면|용암리|0|103|0|361103258063|0|300|21|13122|
3611035033|세종특별자치시||장군면|용암리|0|104|0|361103258063|0|300|21|13123|
3611035033|세종특별자치시||장군면|용암리|0|98|1|361103258063|0|316|11|8701|
3611036031|세종특별자치시||연서면|와촌리|0|1233|1|361103258063|0|417|7|16870|
3611036031|세종특별자치시||연서면|와촌리|0|1200|1|361103258063|0|452|0|16871|
3611036031|세종특별자치시||연서면|와촌리|0|1176|1|361103258063|0|485|5|16872|
3611036031|세종특별자치시||연서면|와촌리|0|1171|2|361103258063|0|485|9|16873|
3611036031|세종특별자치시||연서면|와촌리|0|1170|1|361103258063|0|491|7|16875|
3611036031|세종특별자치시||연서면|와촌리|0|1151|1|361103258063|0|513|37|16877|
3611036031|세종특별자치시||연서면|와촌리|0|1152|1|361103258063|0|513|39|16878|
3611036031|세종특별자치시||연서면|와촌리|0|1154|0|361103258063|0|513|39|16879|
3611036031|세종특별자치시||연서면|와촌리|0|1152|1|361103258063|0|521|1|16884|
3611036031|세종특별자치시||연서면|와촌리|0|1087|0|361103258063|0|545|13|16885|
3611036031|세종특별자치시||연서면|와촌리|0|1262|30|361103258063|0|576|8|16886|
3611036031|세종특별자치시||연서면|와촌리|0|946|0|361103258063|0|576|27|25160|
3611036031|세종특별자치시||연서면|와촌리|0|859|0|361103258063|0|645|4|16888|
3611036031|세종특별자치시||연서면|와촌리|0|859|7|361103258063|0|647|0|27740|
3611036031|세종특별자치시||연서면|와촌리|0|210|0|361103258063|0|773|0|16890|
3611036031|세종특별자치시||연서면|와촌리|0|1262|24|361103258063|0|801|0|16891|
3611036032|세종특별자치시||연서면|부동리|0|244|29|361103258063|0|848|22|18782|
3611036032|세종특별자치시||연서면|부동리|0|128|0|361103258063|0|874|0|16893|
3611033024|세종특별자치시||부강면|갈산리|0|170|23|361103258064|0|18|19|19526|
3611033024|세종특별자치시||부강면|갈산리|0|170|8|361103258064|0|18|23|19528|
3611032024|세종특별자치시||연동면|응암리|0|357|2|361103258064|0|237|14|24942|
3611032024|세종특별자치시||연동면|응암리|0|358|1|361103258064|0|253|0|13522|
3611032024|세종특별자치시||연동면|응암리|0|358|4|361103258064|0|253|0|13523|
3611033023|세종특별자치시||부강면|산수리|0|112|0|361103258064|0|259|0|10803|
3611033023|세종특별자치시||부강면|산수리|0|339|18|361103258064|0|259|0|10804|
3611033023|세종특별자치시||부강면|산수리|0|105|0|361103258064|0|281|0|4556|
3611033023|세종특별자치시||부강면|산수리|0|105|1|361103258064|0|281|0|4557|
3611033023|세종특별자치시||부강면|산수리|0|105|2|361103258064|0|281|0|4558|
3611033023|세종특별자치시||부강면|산수리|0|105|4|361103258064|0|281|0|4559|
3611033023|세종특별자치시||부강면|산수리|0|105|7|361103258064|0|281|0|4560|
3611033023|세종특별자치시||부강면|산수리|0|105|8|361103258064|0|281|0|4561|
3611033023|세종특별자치시||부강면|산수리|0|105|15|361103258064|0|281|0|4562|
3611033023|세종특별자치시||부강면|산수리|1|43|1|361103258064|0|281|1|817|
3611033023|세종특별자치시||부강면|산수리|0|58|1|361103258064|0|325|0|18360|
3611033023|세종특별자치시||부강면|산수리|0|58|3|361103258064|0|325|0|18361|
3611033027|세종특별자치시||부강면|노호리|1|54|1|361103258065|0|2|0|10181|
3611033027|세종특별자치시||부강면|노호리|0|346|2|361103258065|0|31|0|31282|
3611033027|세종특별자치시||부강면|노호리|0|349|2|361103258065|0|31|0|31283|
3611033027|세종특별자치시||부강면|노호리|0|305|0|361103258065|0|35|11|10189|
3611033027|세종특별자치시||부강면|노호리|0|303|1|361103258065|0|35|21|10192|
3611033027|세종특별자치시||부강면|노호리|0|259|12|361103258065|0|35|25|26183|
3611033027|세종특별자치시||부강면|노호리|0|231|1|361103258065|0|67|3|10198|
3611033027|세종특별자치시||부강면|노호리|0|323|0|361103258065|0|67|5|10199|
3611033026|세종특별자치시||부강면|등곡리|0|172|1|361103258065|0|113|2|10264|
3611033026|세종특별자치시||부강면|등곡리|1|82|0|361103258065|0|113|5|10266|
3611033026|세종특별자치시||부강면|등곡리|1|56|1|361103258065|0|237|0|10268|
3611033026|세종특별자치시||부강면|등곡리|0|214|1|361103258065|0|237|0|10269|
3611033027|세종특별자치시||부강면|노호리|0|86|0|361103258066|0|19|0|10206|
3611033027|세종특별자치시||부강면|노호리|0|92|1|361103258066|0|30|9|10208|
3611033027|세종특별자치시||부강면|노호리|0|93|0|361103258066|0|30|9|10209|
3611033027|세종특별자치시||부강면|노호리|0|94|1|361103258066|0|30|9|10210|
3611033027|세종특별자치시||부강면|노호리|1|113|0|361103258066|0|30|13|10211|
3611033027|세종특별자치시||부강면|노호리|0|423|0|361103258066|0|30|27|10212|
3611033027|세종특별자치시||부강면|노호리|0|31|0|361103258066|0|70|0|10214|
3611033027|세종특별자치시||부강면|노호리|0|33|0|361103258066|0|70|0|10215|
3611033026|세종특별자치시||부강면|등곡리|1|99|4|361103258066|0|106|31|29520|
3611033026|세종특별자치시||부강면|등곡리|0|128|0|361103258066|0|106|35|10274|
3611033026|세종특별자치시||부강면|등곡리|0|110|3|361103258066|0|135|13|10276|
3611033026|세종특별자치시||부강면|등곡리|0|59|3|361103258066|0|184|0|10278|
3611033021|세종특별자치시||부강면|부강리|0|504|11|361103258067|0|2|9|10555|
3611033021|세종특별자치시||부강면|부강리|0|587|0|361103258067|0|37|0|10556|
3611033021|세종특별자치시||부강면|부강리|0|588|2|361103258067|0|37|0|10557|
3611033021|세종특별자치시||부강면|부강리|0|602|1|361103258067|0|37|0|10558|
3611033021|세종특별자치시||부강면|부강리|0|604|0|361103258067|0|37|0|10559|
3611033021|세종특별자치시||부강면|부강리|0|609|0|361103258067|0|37|0|10560|
3611033021|세종특별자치시||부강면|부강리|0|801|0|361103258067|0|37|0|10561|
3611033021|세종특별자치시||부강면|부강리|0|811|0|361103258067|0|37|0|10562|
3611033021|세종특별자치시||부강면|부강리|0|1151|1|361103258067|0|37|0|10563|
3611033028|세종특별자치시||부강면|금호리|0|815|0|361103258067|0|161|36|10118|
3611033028|세종특별자치시||부강면|금호리|0|815|0|361103258067|0|161|40|10119|
3611033028|세종특별자치시||부강면|금호리|1|2|1|361103258067|0|177|0|10120|
3611033028|세종특별자치시||부강면|금호리|0|823|17|361103258067|0|189|0|10121|
3611033028|세종특별자치시||부강면|금호리|0|116|1|361103258067|0|211|0|29780|
3611033028|세종특별자치시||부강면|금호리|0|155|0|361103258067|0|227|0|10122|
3611033028|세종특별자치시||부강면|금호리|0|155|1|361103258067|0|227|0|10123|
3611033028|세종특별자치시||부강면|금호리|0|700|11|361103258067|0|249|0|29540|
3611033028|세종특별자치시||부강면|금호리|0|700|14|361103258067|0|249|0|29541|
3611033028|세종특별자치시||부강면|금호리|0|700|1|361103258067|0|249|0|29542|
3611033028|세종특별자치시||부강면|금호리|0|684|1|361103258067|0|279|31|10124|
3611033028|세종특별자치시||부강면|금호리|0|823|0|361103258067|0|312|0|10126|
3611033028|세종특별자치시||부강면|금호리|0|742|1|361103258067|0|359|3|10128|
3611033028|세종특별자치시||부강면|금호리|0|744|0|361103258067|0|359|3|10129|
3611033028|세종특별자치시||부강면|금호리|0|409|2|361103258067|0|531|0|10133|
3611033028|세종특별자치시||부강면|금호리|1|41|5|361103258067|0|611|72|10135|
3611033028|세종특별자치시||부강면|금호리|0|306|1|361103258067|0|611|72|10136|
3611033021|세종특별자치시||부강면|부강리|0|515|1|361103258068|0|1|0|10564|
3611033021|세종특별자치시||부강면|부강리|0|504|8|361103258068|0|5|7|10566|
3611033021|세종특별자치시||부강면|부강리|0|518|14|361103258068|0|6|0|10567|
3611033021|세종특별자치시||부강면|부강리|0|487|3|361103258068|0|12|0|10568|
3611033021|세종특별자치시||부강면|부강리|0|432|3|361103258068|0|15|0|10569|
3611033021|세종특별자치시||부강면|부강리|0|433|3|361103258068|0|15|0|10570|
3611033021|세종특별자치시||부강면|부강리|0|493|0|361103258068|0|15|0|10571|
3611033021|세종특별자치시||부강면|부강리|0|433|13|361103258068|0|25|3|10572|
3611033021|세종특별자치시||부강면|부강리|0|505|3|361103258068|0|25|7|10573|
3611033021|세종특별자치시||부강면|부강리|0|434|14|361103258068|0|26|6|10574|
3611033021|세종특별자치시||부강면|부강리|0|498|7|361103258068|0|29|8|18521|
3611033021|세종특별자치시||부강면|부강리|0|432|12|361103258068|0|29|12|10576|
3611033021|세종특별자치시||부강면|부강리|0|438|1|361103258068|0|34|0|10577|
3611033021|세종특별자치시||부강면|부강리|0|430|7|361103258068|0|37|0|10578|
3611033021|세종특별자치시||부강면|부강리|0|401|170|361103258068|0|63|6|13603|
3611033021|세종특별자치시||부강면|부강리|0|401|58|361103258068|0|66|0|10580|
3611033021|세종특별자치시||부강면|부강리|0|541|3|361103258069|0|2|0|10757|
3611033021|세종특별자치시||부강면|부강리|0|89|2|361103258069|0|19|0|10759|
3611033021|세종특별자치시||부강면|부강리|0|138|0|361103258069|0|21|9|10762|
3611033021|세종특별자치시||부강면|부강리|0|138|0|361103258069|0|21|11|10763|
3611033021|세종특별자치시||부강면|부강리|0|140|4|361103258069|0|27|4|10764|
3611033021|세종특별자치시||부강면|부강리|0|140|10|361103258069|0|29|4|24723|
3611033021|세종특별자치시||부강면|부강리|0|129|4|361103258069|0|37|0|10767|
3611033021|세종특별자치시||부강면|부강리|0|401|56|361103258069|0|87|0|10770|
3611033021|세종특별자치시||부강면|부강리|0|401|1|361103258069|0|90|0|10773|
3611033021|세종특별자치시||부강면|부강리|0|1000|6|361103258069|0|141|0|10778|
3611033021|세종특별자치시||부강면|부강리|0|1026|6|361103258069|0|150|0|10780|
3611033024|세종특별자치시||부강면|갈산리|0|163|4|361103258069|0|167|0|10049|
3611032024|세종특별자치시||연동면|응암리|0|718|0|361103258069|0|200|0|22570|
3611032024|세종특별자치시||연동면|응암리|0|793|10|361103258069|0|200|0|22571|
3611032024|세종특별자치시||연동면|응암리|0|732|4|361103258069|0|220|0|19380|
3611032024|세종특별자치시||연동면|응암리|0|798|0|361103258069|0|220|0|19381|
3611032024|세종특별자치시||연동면|응암리|0|732|1|361103258069|0|220|0|19382|
3611032024|세종특별자치시||연동면|응암리|0|724|3|361103258069|0|220|0|19383|
3611032024|세종특별자치시||연동면|응암리|0|731|1|361103258069|0|220|0|19384|
3611032024|세종특별자치시||연동면|응암리|0|731|2|361103258069|0|220|0|19386|
3611032024|세종특별자치시||연동면|응암리|0|740|6|361103258069|0|246|0|17324|
3611032023|세종특별자치시||연동면|명학리|0|443|1|361103258069|0|259|0|29300|
3611032024|세종특별자치시||연동면|응암리|0|752|0|361103258069|0|308|0|17325|
3611032024|세종특별자치시||연동면|응암리|0|752|3|361103258069|0|308|0|17326|
3611032024|세종특별자치시||연동면|응암리|0|677|3|361103258069|0|422|0|17327|
3611032024|세종특별자치시||연동면|응암리|0|666|7|361103258069|0|442|16|17328|
3611032021|세종특별자치시||연동면|내판리|0|167|8|361103258069|0|442|39|17329|
3611032024|세종특별자치시||연동면|응암리|0|666|6|361103258069|0|442|42|31786|
3611032024|세종특별자치시||연동면|응암리|0|666|12|361103258069|0|442|42|31787|
3611032024|세종특별자치시||연동면|응암리|1|63|5|361103258069|0|442|46|17331|
3611032021|세종특별자치시||연동면|내판리|0|175|5|361103258069|0|445|2|28108|
3611032021|세종특별자치시||연동면|내판리|0|29|12|361103258069|0|585|0|384|
3611032021|세종특별자치시||연동면|내판리|0|19|1|361103258069|0|604|1|17332|
3611032027|세종특별자치시||연동면|송용리|0|102|5|361103258069|0|620|0|17333|
3611032027|세종특별자치시||연동면|송용리|0|103|0|361103258069|0|622|13|17334|
3611032027|세종특별자치시||연동면|송용리|0|182|11|361103258069|0|639|0|31320|
3611032027|세종특별자치시||연동면|송용리|0|182|14|361103258069|0|639|0|31321|
3611032027|세종특별자치시||연동면|송용리|0|180|1|361103258069|0|655|0|17680|
3611032027|세종특별자치시||연동면|송용리|0|254|3|361103258069|0|696|8|29320|
3611032027|세종특별자치시||연동면|송용리|0|211|0|361103258069|0|696|8|29321|
3611032027|세종특별자치시||연동면|송용리|0|210|1|361103258069|0|696|8|29322|
3611032027|세종특별자치시||연동면|송용리|0|260|1|361103258069|0|718|12|26283|
3611032027|세종특별자치시||연동면|송용리|0|261|5|361103258069|0|718|12|26284|
3611032027|세종특별자치시||연동면|송용리|0|261|16|361103258069|0|718|12|26285|
3611032027|세종특별자치시||연동면|송용리|0|260|1|361103258069|0|718|14|26280|
3611032027|세종특별자치시||연동면|송용리|0|261|5|361103258069|0|718|14|26281|
3611032027|세종특별자치시||연동면|송용리|0|261|16|361103258069|0|718|14|26282|
3611032027|세종특별자치시||연동면|송용리|0|261|1|361103258069|0|722|0|21389|
3611032026|세종특별자치시||연동면|예양리|0|38|1|361103258069|0|808|8|21034|
3611032026|세종특별자치시||연동면|예양리|0|316|0|361103258069|0|903|0|21035|
3611033021|세종특별자치시||부강면|부강리|0|938|1|361103258070|0|22|0|25942|
3611033021|세종특별자치시||부강면|부강리|0|972|10|361103258070|0|23|25|25880|
3611033021|세종특별자치시||부강면|부강리|0|972|12|361103258070|0|23|25|25881|
3611033021|세종특별자치시||부강면|부강리|0|972|13|361103258070|0|23|25|25882|
3611033021|세종특별자치시||부강면|부강리|0|972|14|361103258070|0|23|25|25883|
3611033021|세종특별자치시||부강면|부강리|0|893|1|361103258070|0|78|16|10795|
3611033021|세종특별자치시||부강면|부강리|0|867|0|361103258070|0|82|0|10799|
3611033021|세종특별자치시||부강면|부강리|0|873|1|361103258070|0|83|1|10800|
3611010400|세종특별자치시||대평동||0|269|55|361103258073|0|37|12|24432|
3611010400|세종특별자치시||대평동||0|269|56|361103258073|0|37|12|24433|
3611012000|세종특별자치시||누리동||1|62|0|361103258073|0|1030|0|28728|
3611012000|세종특별자치시||누리동||0|194|51|361103258073|0|1030|0|28729|
3611012000|세종특별자치시||누리동||0|201|1|361103258073|0|1030|0|28730|
3611012000|세종특별자치시||누리동||0|201|2|361103258073|0|1030|0|28731|
3611012000|세종특별자치시||누리동||0|201|4|361103258073|0|1030|0|28732|
3611012000|세종특별자치시||누리동||0|201|18|361103258073|0|1030|0|28733|
3611012000|세종특별자치시||누리동||0|201|24|361103258073|0|1030|0|28734|
3611012000|세종특별자치시||누리동||0|201|26|361103258073|0|1030|0|28735|
3611011000|세종특별자치시||어진동||0|619|0|361103258079|0|66|0|20211|
3611011000|세종특별자치시||어진동||0|618|0|361103258079|0|66|0|20212|
3611011000|세종특별자치시||어진동||0|617|0|361103258079|0|66|0|20213|
3611011000|세종특별자치시||어진동||0|620|0|361103258079|0|66|0|20214|
3611011400|세종특별자치시||도담동||0|666|0|361103258090|0|6|0|20196|
3611011400|세종특별자치시||도담동||0|664|0|361103258090|0|8|12|20197|
3611011400|세종특별자치시||도담동||0|662|0|361103258090|0|8|20|20198|
3611011400|세종특별자치시||도담동||0|661|0|361103258090|0|8|20|20199|
3611011300|세종특별자치시||아름동||0|1361|0|361103258090|0|91|0|20200|
3611011300|세종특별자치시||아름동||0|1294|0|361103258090|0|92|0|20201|
3611011300|세종특별자치시||아름동||0|1292|0|361103258090|0|92|0|20202|
3611011300|세종특별자치시||아름동||0|1359|0|361103258090|0|95|0|20203|
3611011300|세종특별자치시||아름동||0|1295|0|361103258090|0|100|0|20204|
3611011200|세종특별자치시||고운동||0|1403|1|361103258109|0|131|0|28934|
3611011200|세종특별자치시||고운동||0|2212|0|361103258109|0|170|0|29602|
3611039023|세종특별자치시||소정면|대곡리|0|311|32|361103258129|0|34|0|29741|
3611039024|세종특별자치시||소정면|고등리|0|74|33|361103258129|0|416|0|31240|
3611039024|세종특별자치시||소정면|고등리|0|74|31|361103258129|0|420|0|30260|
3611039024|세종특별자치시||소정면|고등리|0|74|32|361103258129|0|420|0|30261|
3611039024|세종특별자치시||소정면|고등리|0|74|33|361103258129|0|420|0|30262|
3611039024|세종특별자치시||소정면|고등리|0|74|34|361103258129|0|420|0|30263|
3611039024|세종특별자치시||소정면|고등리|0|74|23|361103258129|0|420|0|30264|
3611011800|세종특별자치시||집현동||0|785|729|361103350790|0|189|0|29102|
3611011800|세종특별자치시||집현동||0|785|758|361103350790|0|189|0|29103|
3611010100|세종특별자치시||반곡동||1|163|0|361103350790|0|254|0|28917|
3611010100|세종특별자치시||반곡동||1|164|0|361103350790|0|254|0|28918|
3611010100|세종특별자치시||반곡동||0|1041|0|361103350790|0|263|0|30062|
3611010100|세종특별자치시||반곡동||0|851|2|361103350791|0|14|0|30042|
3611010100|세종특별자치시||반곡동||0|859|0|361103350791|0|76|0|30047|
3611010400|세종특별자치시||대평동||0|77|116|361103350795|0|3|0|24428|
3611010400|세종특별자치시||대평동||0|77|119|361103350795|0|3|0|24429|
3611010400|세종특별자치시||대평동||0|77|118|361103350795|0|3|0|24430|
3611010400|세종특별자치시||대평동||0|77|130|361103350795|0|3|0|24431|
3611010400|세종특별자치시||대평동||0|275|8|361103350797|0|38|0|24436|
3611010400|세종특별자치시||대평동||0|275|9|361103350797|0|38|0|24437|
3611010400|세종특별자치시||대평동||0|586|12|361103350797|0|38|0|24438|
3611032024|세종특별자치시||연동면|응암리|0|922|0|361103351031|0|5|7|22049|
3611032024|세종특별자치시||연동면|응암리|0|912|0|361103351101|0|4|0|23958|
3611032024|세종특별자치시||연동면|응암리|0|909|0|361103351101|0|4|0|23959|
3611012000|세종특별자치시||누리동||0|194|72|361103351273|0|376|0|25960|
3611010700|세종특별자치시||나성동||0|830|0|361103351279|0|47|0|28604|
3611010700|세종특별자치시||나성동||0|838|0|361103351279|0|47|0|28605|
3611010800|세종특별자치시||새롬동||0|587|0|361103351283|0|47|0|25945|
3611010700|세종특별자치시||나성동||0|773|0|361103351287|0|13|0|21555|
3611010700|세종특별자치시||나성동||0|774|0|361103351287|0|13|0|21556|
3611037022|세종특별자치시||전의면|동교리|0|77|1|361103351423|0|86|0|22913|
3611037022|세종특별자치시||전의면|동교리|0|68|23|361103351423|0|100|0|23918|
3611025029|세종특별자치시||조치원읍|신흥리|0|198|3|361103351787|0|7|0|13642|
3611025029|세종특별자치시||조치원읍|신흥리|0|198|5|361103351787|0|9|0|112|
3611025029|세종특별자치시||조치원읍|신흥리|0|198|6|361103351787|0|15|1|113|
3611010400|세종특별자치시||대평동||0|586|15|361103351890|0|27|0|30240|
3611010400|세종특별자치시||대평동||0|586|24|361103351890|0|27|0|30241|
3611035023|세종특별자치시||장군면|대교리|0|79|148|361103352211|0|21|0|26460|
3611035023|세종특별자치시||장군면|대교리|0|79|107|361103352211|0|21|0|26461|
3611035023|세종특별자치시||장군면|대교리|0|79|155|361103352211|0|21|0|26462|
3611011800|세종특별자치시||집현동||0|1164|0|361103352332|0|6|0|28672|
3611011800|세종특별자치시||집현동||0|1138|0|361103352333|0|77|0|28842|
3611025031|세종특별자치시||조치원읍|번암리|0|66|2|361103352646|0|38|0|24826|
3611039024|세종특별자치시||소정면|고등리|0|749|0|361103352652|0|31|0|28761|
3611011900|세종특별자치시||세종동||0|947|1|361103352712|0|212|50|26421|
3611011900|세종특별자치시||세종동||0|948|1|361103352712|0|212|50|26422|
3611011900|세종특별자치시||세종동||0|951|0|361103352712|0|212|50|26423|
3611011900|세종특별자치시||세종동||0|952|0|361103352712|0|212|50|26424|
3611011900|세종특별자치시||세종동||0|953|0|361103352712|0|212|50|26425|
3611011900|세종특별자치시||세종동||0|958|0|361103352712|0|212|50|26426|
3611010700|세종특별자치시||나성동||0|231|1|361103352717|0|30|0|26349|
3611010700|세종특별자치시||나성동||0|231|3|361103352717|0|30|0|26350|
3611010700|세종특별자치시||나성동||0|231|4|361103352717|0|30|0|26351|
3611010700|세종특별자치시||나성동||0|234|1|361103352717|0|30|0|26352|
3611010700|세종특별자치시||나성동||0|234|2|361103352717|0|30|0|26353|
3611010700|세종특별자치시||나성동||0|234|3|361103352717|0|30|0|26354|
3611010700|세종특별자치시||나성동||0|234|4|361103352717|0|30|0|26355|
3611010700|세종특별자치시||나성동||0|235|1|361103352717|0|30|0|26356|
3611010700|세종특별자치시||나성동||0|235|2|361103352717|0|30|0|26357|
3611010700|세종특별자치시||나성동||0|235|3|361103352717|0|30|0|26358|
3611010700|세종특별자치시||나성동||0|235|4|361103352717|0|30|0|26359|
3611010700|세종특별자치시||나성동||0|235|5|361103352717|0|30|0|26360|
3611010700|세종특별자치시||나성동||0|235|6|361103352717|0|30|0|26361|
3611010700|세종특별자치시||나성동||0|237|1|361103352717|0|30|0|26362|
3611010700|세종특별자치시||나성동||0|238|1|361103352717|0|30|0|26363|
3611010700|세종특별자치시||나성동||0|244|4|361103352717|0|30|0|26364|
3611010700|세종특별자치시||나성동||0|244|5|361103352717|0|30|0|26365|
3611010700|세종특별자치시||나성동||0|248|3|361103352717|0|30|0|26366|
3611010700|세종특별자치시||나성동||0|248|4|361103352717|0|30|0|26367|
3611010700|세종특별자치시||나성동||0|249|1|361103352717|0|30|0|26368|
3611010700|세종특별자치시||나성동||0|249|2|361103352717|0|30|0|26369|
3611010700|세종특별자치시||나성동||0|249|3|361103352717|0|30|0|26370|
3611010700|세종특별자치시||나성동||0|250|0|361103352717|0|30|0|26371|
3611010700|세종특별자치시||나성동||0|251|1|361103352717|0|30|0|26372|
3611010700|세종특별자치시||나성동||0|251|2|361103352717|0|30|0|26373|
3611010700|세종특별자치시||나성동||0|401|6|361103352717|0|30|0|26374|
3611010700|세종특별자치시||나성동||0|402|0|361103352717|0|30|0|26375|
3611010700|세종특별자치시||나성동||0|402|1|361103352717|0|30|0|26376|
3611010700|세종특별자치시||나성동||0|403|1|361103352717|0|30|0|26377|
3611010700|세종특별자치시||나성동||0|403|2|361103352717|0|30|0|26378|
3611010700|세종특별자치시||나성동||0|403|3|361103352717|0|30|0|26379|
3611010700|세종특별자치시||나성동||0|403|4|361103352717|0|30|0|26380|
3611010700|세종특별자치시||나성동||0|404|0|361103352717|0|30|0|26381|
3611010700|세종특별자치시||나성동||0|405|0|361103352717|0|30|0|26382|
3611010700|세종특별자치시||나성동||0|696|4|361103352717|0|30|0|26383|
3611010700|세종특별자치시||나성동||0|697|0|361103352717|0|30|0|26384|
3611010700|세종특별자치시||나성동||0|698|6|361103352717|0|30|0|26385|
3611011600|세종특별자치시||해밀동||0|23|3|361103352827|0|104|0|30457|
3611011600|세종특별자치시||해밀동||0|23|2|361103352827|0|104|0|30458|
3611011600|세종특별자치시||해밀동||0|62|0|361103352827|0|104|0|30459|
3611011600|세종특별자치시||해밀동||0|601|14|361103352827|0|104|0|30460|
3611011600|세종특별자치시||해밀동||0|602|1|361103352827|0|104|0|30461|
3611011600|세종특별자치시||해밀동||0|21|0|361103352827|0|104|0|30462|
3611011600|세종특별자치시||해밀동||0|22|0|361103352827|0|104|0|30463|
3611011600|세종특별자치시||해밀동||0|22|1|361103352827|0|104|0|30464|
3611011600|세종특별자치시||해밀동||0|20|1|361103352827|0|104|0|30465|
3611011600|세종특별자치시||해밀동||0|18|0|361103352827|0|104|0|30466|
3611011600|세종특별자치시||해밀동||0|25|1|361103352827|0|104|0|30467|
3611011600|세종특별자치시||해밀동||0|25|2|361103352827|0|104|0|30468|
3611011600|세종특별자치시||해밀동||0|19|1|361103352827|0|104|0|30469|
3611011500|세종특별자치시||산울동||0|138|3|361103353932|0|10|0|30844|
3611011500|세종특별자치시||산울동||1|11|2|361103353932|0|10|0|30845|
3611011500|세종특별자치시||산울동||1|14|3|361103353932|0|10|0|30846|
3611011500|세종특별자치시||산울동||0|139|2|361103353932|0|10|0|30847|
3611011500|세종특별자치시||산울동||0|139|5|361103353932|0|10|0|30849|
3611011500|세종특별자치시||산울동||0|139|6|361103353932|0|10|0|30850|
3611011500|세종특별자치시||산울동||0|139|7|361103353932|0|10|0|30851|
3611011500|세종특별자치시||산울동||0|139|8|361103353932|0|10|0|30852|
3611011500|세종특별자치시||산울동||0|139|9|361103353932|0|10|0|30853|
3611011500|세종특별자치시||산울동||0|139|10|361103353932|0|10|0|30854|
3611011500|세종특별자치시||산울동||0|139|11|361103353932|0|10|0|30855|
3611011500|세종특별자치시||산울동||0|139|12|361103353932|0|10|0|30856|
3611011500|세종특별자치시||산울동||0|139|16|361103353932|0|10|0|30858|
3611011500|세종특별자치시||산울동||0|139|17|361103353932|0|10|0|30859|
3611011500|세종특별자치시||산울동||0|139|18|361103353932|0|10|0|30860|
3611011500|세종특별자치시||산울동||0|139|21|361103353932|0|10|0|30861|
3611011500|세종특별자치시||산울동||0|140|0|361103353932|0|10|0|30862|
3611011500|세종특별자치시||산울동||0|141|0|361103353932|0|10|0|30863|
3611011500|세종특별자치시||산울동||0|141|3|361103353932|0|10|0|30864|
3611011500|세종특별자치시||산울동||0|141|4|361103353932|0|10|0|30865|
3611011500|세종특별자치시||산울동||0|143|2|361103353932|0|10|0|30866|
3611011500|세종특별자치시||산울동||0|299|0|361103353932|0|10|0|30868|
3611011500|세종특별자치시||산울동||0|301|0|361103353932|0|10|0|30869|
3611011500|세종특별자치시||산울동||0|301|1|361103353932|0|10|0|30870|
3611011500|세종특별자치시||산울동||0|301|2|361103353932|0|10|0|30871|
3611011500|세종특별자치시||산울동||0|302|0|361103353932|0|10|0|30872|
3611011500|세종특별자치시||산울동||0|302|1|361103353932|0|10|0|30873|
3611011500|세종특별자치시||산울동||0|302|2|361103353932|0|10|0|30874|
3611011500|세종특별자치시||산울동||0|303|1|361103353932|0|10|0|30875|
3611011500|세종특별자치시||산울동||0|303|3|361103353932|0|10|0|30876|
3611011500|세종특별자치시||산울동||0|303|4|361103353932|0|10|0|30877|
3611011500|세종특별자치시||산울동||0|303|5|361103353932|0|10|0|30878|
3611011500|세종특별자치시||산울동||0|303|6|361103353932|0|10|0|30879|
3611011500|세종특별자치시||산울동||0|304|0|361103353932|0|10|0|30880|
3611011500|세종특별자치시||산울동||0|304|1|361103353932|0|10|0|30881|
3611011500|세종특별자치시||산울동||0|304|2|361103353932|0|10|0|30882|
3611011500|세종특별자치시||산울동||0|305|1|361103353932|0|10|0|30883|
3611011500|세종특별자치시||산울동||0|305|2|361103353932|0|10|0|30884|
3611011500|세종특별자치시||산울동||0|305|3|361103353932|0|10|0|30885|
3611011500|세종특별자치시||산울동||0|305|4|361103353932|0|10|0|30886|
3611011500|세종특별자치시||산울동||0|305|5|361103353932|0|10|0|30887|
3611011500|세종특별자치시||산울동||0|311|0|361103353932|0|10|0|30888|
3611011500|세종특별자치시||산울동||0|313|1|361103353932|0|10|0|30889|
3611011500|세종특별자치시||산울동||0|313|2|361103353932|0|10|0|30890|
3611011500|세종특별자치시||산울동||0|313|3|361103353932|0|10|0|30891|
3611011500|세종특별자치시||산울동||0|313|4|361103353932|0|10|0|30892|
3611011500|세종특별자치시||산울동||0|313|5|361103353932|0|10|0|30893|
3611011500|세종특별자치시||산울동||0|313|6|361103353932|0|10|0|30894|
3611011500|세종특별자치시||산울동||0|313|7|361103353932|0|10|0|30895|
3611011500|세종특별자치시||산울동||0|313|8|361103353932|0|10|0|30896|
3611011500|세종특별자치시||산울동||0|313|9|361103353932|0|10|0|30897|
3611011500|세종특별자치시||산울동||0|313|11|361103353932|0|10|0|30898|
3611011500|세종특별자치시||산울동||0|313|12|361103353932|0|10|0|30899|
3611011500|세종특별자치시||산울동||0|313|13|361103353932|0|10|0|30900|
3611011500|세종특별자치시||산울동||0|314|1|361103353932|0|10|0|30901|
3611011500|세종특별자치시||산울동||0|314|2|361103353932|0|10|0|30902|
3611011500|세종특별자치시||산울동||0|314|3|361103353932|0|10|0|30903|
3611011500|세종특별자치시||산울동||0|314|4|361103353932|0|10|0|30904|
3611011500|세종특별자치시||산울동||0|314|5|361103353932|0|10|0|30905|
3611011500|세종특별자치시||산울동||0|314|6|361103353932|0|10|0|30906|
3611011500|세종특별자치시||산울동||0|314|7|361103353932|0|10|0|30907|
3611011500|세종특별자치시||산울동||0|314|8|361103353932|0|10|0|30908|
3611011500|세종특별자치시||산울동||0|314|9|361103353932|0|10|0|30909|
3611011500|세종특별자치시||산울동||0|620|1|361103353932|0|10|0|30910|
3611011500|세종특별자치시||산울동||0|620|2|361103353932|0|10|0|30911|
3611011600|세종특별자치시||해밀동||1|5|6|361103353932|0|10|0|30912|
3611011600|세종특별자치시||해밀동||0|137|3|361103353932|0|10|0|30913|
3611011600|세종특별자치시||해밀동||0|137|4|361103353932|0|10|0|30914|
3611011600|세종특별자치시||해밀동||0|137|5|361103353932|0|10|0|30915|
3611011500|세종특별자치시||산울동||0|139|22|361103353932|0|10|0|30916|
3611011500|세종특별자치시||산울동||0|139|24|361103353932|0|10|0|30917|
3611011500|세종특별자치시||산울동||0|143|7|361103353932|0|10|0|30920|
3611011500|세종특별자치시||산울동||0|271|0|361103353933|0|33|0|30600|
3611011500|세종특별자치시||산울동||1|29|0|361103353933|0|33|0|30601|
3611011500|세종특별자치시||산울동||0|268|1|361103353933|0|33|0|30602|
3611011500|세종특별자치시||산울동||0|281|0|361103353933|0|33|0|30603|
3611011500|세종특별자치시||산울동||0|267|0|361103353933|0|33|0|30604|
3611011500|세종특별자치시||산울동||0|268|2|361103353933|0|33|0|30605|
3611011500|세종특별자치시||산울동||0|269|2|361103353933|0|33|0|30606|
3611011500|세종특별자치시||산울동||1|30|0|361103353933|0|33|0|30607|
3611011500|세종특별자치시||산울동||0|269|1|361103353933|0|33|0|30608|
3611011500|세종특별자치시||산울동||0|270|0|361103353933|0|33|0|30609|
3611011500|세종특별자치시||산울동||1|25|0|361103353933|0|33|0|30610|
3611011500|세종특별자치시||산울동||0|177|5|361103353933|0|124|0|31700|
3611011500|세종특별자치시||산울동||0|614|0|361103353937|0|11|0|31420|
3611011500|세종특별자치시||산울동||1|9|0|361103353937|0|11|0|31421|
3611011500|세종특별자치시||산울동||1|10|0|361103353937|0|11|0|31422|
3611011500|세종특별자치시||산울동||1|11|0|361103353937|0|11|0|31423|
3611011500|세종특별자치시||산울동||1|12|0|361103353937|0|11|0|31424|
3611011500|세종특별자치시||산울동||0|139|24|361103353937|0|11|0|31425|
3611011500|세종특별자치시||산울동||0|143|6|361103353937|0|11|0|31426|
3611011500|세종특별자치시||산울동||0|143|7|361103353937|0|11|0|31427|
3611011500|세종특별자치시||산울동||0|144|1|361103353937|0|11|0|31428|
3611011500|세종특별자치시||산울동||0|145|1|361103353937|0|11|0|31429|
3611011500|세종특별자치시||산울동||0|145|2|361103353937|0|11|0|31430|
3611011500|세종특별자치시||산울동||0|145|3|361103353937|0|11|0|31431|
3611011500|세종특별자치시||산울동||0|145|4|361103353937|0|11|0|31432|
3611011500|세종특별자치시||산울동||0|145|5|361103353937|0|11|0|31433|
3611011500|세종특별자치시||산울동||0|145|7|361103353937|0|11|0|31434|
3611011500|세종특별자치시||산울동||0|146|0|361103353937|0|11|0|31435|
3611011500|세종특별자치시||산울동||0|147|3|361103353937|0|11|0|31436|
3611011500|세종특별자치시||산울동||0|147|4|361103353937|0|11|0|31437|
3611011500|세종특별자치시||산울동||0|148|3|361103353937|0|11|0|31438|
3611011500|세종특별자치시||산울동||0|148|4|361103353937|0|11|0|31439|
3611011500|세종특별자치시||산울동||0|149|4|361103353937|0|11|0|31440|
3611011500|세종특별자치시||산울동||0|150|1|361103353937|0|11|0|31441|
3611011500|세종특별자치시||산울동||0|150|3|361103353937|0|11|0|31442|
3611011500|세종특별자치시||산울동||0|150|4|361103353937|0|11|0|31443|
3611011500|세종특별자치시||산울동||0|151|1|361103353937|0|11|0|31444|
3611011500|세종특별자치시||산울동||0|151|2|361103353937|0|11|0|31445|
3611011500|세종특별자치시||산울동||0|151|3|361103353937|0|11|0|31446|
3611011500|세종특별자치시||산울동||0|151|4|361103353937|0|11|0|31447|
3611011500|세종특별자치시||산울동||0|151|5|361103353937|0|11|0|31448|
3611011500|세종특별자치시||산울동||0|152|2|361103353937|0|11|0|31449|
3611011500|세종특별자치시||산울동||0|152|3|361103353937|0|11|0|31450|
3611011500|세종특별자치시||산울동||0|152|4|361103353937|0|11|0|31451|
3611011500|세종특별자치시||산울동||0|152|5|361103353937|0|11|0|31452|
3611011500|세종특별자치시||산울동||0|153|1|361103353937|0|11|0|31453|
3611011500|세종특별자치시||산울동||0|153|2|361103353937|0|11|0|31454|
3611011500|세종특별자치시||산울동||0|153|3|361103353937|0|11|0|31455|
3611011500|세종특별자치시||산울동||0|153|4|361103353937|0|11|0|31456|
3611011500|세종특별자치시||산울동||0|153|5|361103353937|0|11|0|31457|
3611011500|세종특별자치시||산울동||0|153|6|361103353937|0|11|0|31458|
3611011500|세종특별자치시||산울동||0|160|2|361103353937|0|11|0|31459|
3611011500|세종특별자치시||산울동||0|160|4|361103353937|0|11|0|31460|
3611011500|세종특별자치시||산울동||0|160|5|361103353937|0|11|0|31461|
3611011500|세종특별자치시||산울동||0|160|8|361103353937|0|11|0|31462|
3611011500|세종특별자치시||산울동||0|161|1|361103353937|0|11|0|31463|
3611011500|세종특별자치시||산울동||0|161|4|361103353937|0|11|0|31464|
3611011500|세종특별자치시||산울동||0|161|5|361103353937|0|11|0|31465|
3611011500|세종특별자치시||산울동||0|162|2|361103353937|0|11|0|31466|
3611011500|세종특별자치시||산울동||0|620|0|361103353937|0|11|0|31467|
3611011500|세종특별자치시||산울동||0|620|1|361103353937|0|11|0|31468|
3611011600|세종특별자치시||해밀동||1|3|0|361103353937|0|11|0|31469|
3611011600|세종특별자치시||해밀동||1|3|3|361103353937|0|11|0|31470|
3611011600|세종특별자치시||해밀동||1|4|0|361103353937|0|11|0|31471|
3611011600|세종특별자치시||해밀동||1|4|3|361103353937|0|11|0|31472|
3611011600|세종특별자치시||해밀동||0|633|0|361103353937|0|11|0|31473|
3611011500|세종특별자치시||산울동||0|249|0|361103353937|0|33|0|31521|
3611037021|세종특별자치시||전의면|읍내리|0|50|4|361103354634|0|96|0|24760|
3611037021|세종특별자치시||전의면|읍내리|0|50|7|361103354634|0|96|0|24761|
3611037021|세종특별자치시||전의면|읍내리|0|50|6|361103354634|0|96|0|24762|
3611039023|세종특별자치시||소정면|대곡리|0|367|12|361104015001|0|54|15|17485|
3611039023|세종특별자치시||소정면|대곡리|1|11|1|361104015001|0|54|25|17483|
3611039023|세종특별자치시||소정면|대곡리|0|367|9|361104015001|0|54|25|17484|
3611033022|세종특별자치시||부강면|행산리|0|2|4|361104520297|0|87|0|11046|
3611033022|세종특별자치시||부강면|행산리|0|10|3|361104520297|0|87|0|11047|
3611033022|세종특별자치시||부강면|행산리|0|97|4|361104520673|0|5|3|11059|
3611033022|세종특별자치시||부강면|행산리|0|98|0|361104520673|0|5|3|11060|
3611033022|세종특별자치시||부강면|행산리|0|97|4|361104520673|0|9|1|11062|
3611033022|세종특별자치시||부강면|행산리|0|108|3|361104520673|0|11|4|800|
3611033022|세종특별자치시||부강면|행산리|0|95|2|361104520673|0|11|7|11064|
3611033022|세종특별자치시||부강면|행산리|0|123|0|361104520673|0|24|7|11066|
3611033022|세종특별자치시||부강면|행산리|0|123|3|361104520673|0|24|7|11067|
3611033022|세종특별자치시||부강면|행산리|0|116|2|361104520673|0|25|5|11068|
3611033022|세종특별자치시||부강면|행산리|0|118|7|361104520673|0|31|0|11070|
3611035026|세종특별자치시||장군면|하봉리|0|542|0|361104553435|0|68|56|7967|
3611035026|세종특별자치시||장군면|하봉리|0|436|19|361104553435|0|68|56|7968|
3611035026|세종특별자치시||장군면|하봉리|0|535|1|361104553435|0|68|81|7976|
3611035030|세종특별자치시||장군면|송정리|0|471|0|361104553680|0|355|14|22517|
3611035030|세종특별자치시||장군면|송정리|0|470|0|361104553680|0|355|14|22518|
3611035034|세종특별자치시||장군면|태산리|0|104|3|361104554195|0|50|1|8725|
3611035034|세종특별자치시||장군면|태산리|0|108|0|361104554195|0|50|25|8732|
3611035034|세종특별자치시||장군면|태산리|0|316|4|361104554195|0|59|0|8733|
3611037028|세종특별자치시||전의면|신정리|0|543|2|361104574001|0|27|0|23990|
3611037028|세종특별자치시||전의면|신정리|0|542|1|361104574001|0|33|0|14600|
3611037028|세종특별자치시||전의면|신정리|0|543|2|361104574001|0|33|5|23989|
3611034021|세종특별자치시||금남면|용포리|0|268|8|361104574004|0|18|0|24696|
3611034021|세종특별자치시||금남면|용포리|0|268|5|361104574004|0|22|0|24688|
3611036032|세종특별자치시||연서면|부동리|0|97|4|361104574005|0|48|0|14603|
3611036032|세종특별자치시||연서면|부동리|0|66|4|361104574005|0|55|6|14604|
3611036032|세종특별자치시||연서면|부동리|0|82|3|361104574005|0|63|4|27521|
3611036033|세종특별자치시||연서면|봉암리|0|676|8|361104574005|0|135|10|14605|
3611036033|세종특별자치시||연서면|봉암리|0|685|2|361104574005|0|140|18|14606|
3611036033|세종특별자치시||연서면|봉암리|0|685|7|361104574005|0|140|18|14607|
3611036033|세종특별자치시||연서면|봉암리|0|685|4|361104574005|0|140|22|14608|
3611036033|세종특별자치시||연서면|봉암리|0|685|18|361104574005|0|140|22|14609|
3611038026|세종특별자치시||전동면|송곡리|0|276|4|361104574006|0|51|0|14610|
3611038026|세종특별자치시||전동면|송곡리|0|239|1|361104574006|0|61|0|14611|
3611038026|세종특별자치시||전동면|송곡리|0|267|1|361104574006|0|67|0|14612|
3611038026|세종특별자치시||전동면|송곡리|0|267|1|361104574006|0|68|0|14613|
3611038029|세종특별자치시||전동면|미곡리|0|191|2|361104574007|0|13|0|14614|
3611038029|세종특별자치시||전동면|미곡리|1|41|1|361104574007|0|58|0|24195|
3611038029|세종특별자치시||전동면|미곡리|0|224|1|361104574007|0|58|0|24196|
3611038029|세종특별자치시||전동면|미곡리|1|41|6|361104574007|0|58|0|24197|
3611032022|세종특별자치시||연동면|문주리|0|145|7|361104574010|0|1|0|14630|
3611032022|세종특별자치시||연동면|문주리|0|146|3|361104574010|0|1|0|23728|
3611032022|세종특별자치시||연동면|문주리|0|145|29|361104574010|0|5|0|14632|
3611032022|세종특별자치시||연동면|문주리|0|88|5|361104574010|0|25|0|14633|
3611011600|세종특별자치시||해밀동||0|59|1|361104574012|0|133|24|14644|
3611011600|세종특별자치시||해밀동||0|59|2|361104574012|0|133|24|14645|
3611011600|세종특별자치시||해밀동||0|59|5|361104574012|0|133|24|14646|
3611011600|세종특별자치시||해밀동||0|60|3|361104574012|0|133|24|14647|
3611011600|세종특별자치시||해밀동||0|601|1|361104574012|0|133|24|14648|
3611011600|세종특별자치시||해밀동||0|601|2|361104574012|0|133|24|14649|
3611011600|세종특별자치시||해밀동||0|59|3|361104574012|0|133|24|14650|
3611011600|세종특별자치시||해밀동||0|59|4|361104574012|0|133|24|14651|
3611011600|세종특별자치시||해밀동||0|59|6|361104574012|0|133|24|14652|
3611011600|세종특별자치시||해밀동||0|60|1|361104574012|0|133|24|14653|
3611034023|세종특별자치시||금남면|감성리|0|46|0|361104574014|0|6|0|14660|
3611034023|세종특별자치시||금남면|감성리|0|55|1|361104574014|0|6|0|14661|
3611034023|세종특별자치시||금남면|감성리|0|51|5|361104574014|0|34|0|286|
3611034023|세종특별자치시||금남면|감성리|0|10|1|361104574014|0|45|3|14662|
3611034023|세종특별자치시||금남면|감성리|0|151|1|361104574014|0|46|5|14663|
3611034023|세종특별자치시||금남면|감성리|0|168|2|361104574014|0|61|0|20539|
3611034023|세종특별자치시||금남면|감성리|0|172|1|361104574014|0|71|0|14666|
3611032026|세종특별자치시||연동면|예양리|0|545|1|361104574015|0|25|27|14667|
3611032026|세종특별자치시||연동면|예양리|0|678|6|361104574015|0|119|16|14669|
3611032026|세종특별자치시||연동면|예양리|0|637|4|361104574015|0|119|17|14670|
3611032026|세종특별자치시||연동면|예양리|0|637|8|361104574015|0|119|17|14671|
3611032026|세종특별자치시||연동면|예양리|0|685|27|361104574015|0|119|17|14672|
3611032026|세종특별자치시||연동면|예양리|0|685|28|361104574015|0|119|17|14673|
3611032026|세종특별자치시||연동면|예양리|0|686|5|361104574015|0|119|18|14674|
3611032026|세종특별자치시||연동면|예양리|0|685|6|361104574015|0|119|19|14677|
3611032026|세종특별자치시||연동면|예양리|0|685|27|361104574015|0|119|19|14678|
3611032026|세종특별자치시||연동면|예양리|0|682|1|361104574015|0|119|19|14679|
3611032026|세종특별자치시||연동면|예양리|0|683|15|361104574015|0|119|20|14680|
3611032026|세종특별자치시||연동면|예양리|0|685|1|361104574015|0|119|29|14681|
3611032026|세종특별자치시||연동면|예양리|0|686|1|361104574015|0|119|30|14692|
3611032026|세종특별자치시||연동면|예양리|0|684|8|361104574015|0|119|30|14693|
3611032026|세종특별자치시||연동면|예양리|0|684|6|361104574015|0|119|30|14694|
3611032026|세종특별자치시||연동면|예양리|0|685|25|361104574015|0|119|32|14682|
3611032026|세종특별자치시||연동면|예양리|0|687|8|361104574015|0|119|32|14683|
3611032026|세종특별자치시||연동면|예양리|0|685|41|361104574015|0|119|45|31580|
3611032026|세종특별자치시||연동면|예양리|0|685|61|361104574015|0|119|45|31581|
3611032026|세종특별자치시||연동면|예양리|0|800|1|361104574015|0|119|45|31582|
3611032027|세종특별자치시||연동면|송용리|0|933|9|361104574015|0|203|24|29323|
3611032027|세종특별자치시||연동면|송용리|0|933|3|361104574015|0|203|26|14688|
3611032027|세종특별자치시||연동면|송용리|0|745|2|361104574015|0|203|28|14695|
3611032027|세종특별자치시||연동면|송용리|0|751|2|361104574015|0|203|28|14696|
3611032027|세종특별자치시||연동면|송용리|0|933|3|361104574015|0|203|28|14697|
3611032027|세종특별자치시||연동면|송용리|0|880|3|361104574015|0|203|34|14700|
3611032027|세종특별자치시||연동면|송용리|0|933|3|361104574015|0|203|34|14701|
3611032027|세종특별자치시||연동면|송용리|0|882|2|361104574015|0|203|38|14702|
3611032027|세종특별자치시||연동면|송용리|0|890|62|361104574015|0|203|38|14703|
3611032027|세종특별자치시||연동면|송용리|0|933|3|361104574015|0|203|38|14704|
3611032022|세종특별자치시||연동면|문주리|0|969|5|361104574015|0|285|64|14705|
3611032022|세종특별자치시||연동면|문주리|0|969|9|361104574015|0|285|64|14706|
3611032022|세종특별자치시||연동면|문주리|0|969|6|361104574015|0|285|64|14707|
3611032027|세종특별자치시||연동면|송용리|0|916|5|361104574015|0|313|17|14710|
3611032027|세종특별자치시||연동면|송용리|0|916|4|361104574015|0|313|17|14711|
3611032027|세종특별자치시||연동면|송용리|0|639|1|361104574015|0|313|25|25432|
3611032022|세종특별자치시||연동면|문주리|0|592|2|361104574015|0|455|0|195|
3611037026|세종특별자치시||전의면|유천리|0|303|19|361104574016|0|8|0|14712|
3611037026|세종특별자치시||전의면|유천리|0|826|10|361104574016|0|24|0|31844|
3611037026|세종특별자치시||전의면|유천리|0|826|2|361104574016|0|24|0|31845|
3611037026|세종특별자치시||전의면|유천리|0|274|1|361104574016|0|60|0|14714|
3611037026|세종특별자치시||전의면|유천리|0|281|5|361104574016|0|60|0|14715|
3611037026|세종특별자치시||전의면|유천리|0|281|2|361104574016|0|60|0|14716|
3611037026|세종특별자치시||전의면|유천리|0|281|1|361104574016|0|60|0|14717|
3611025021|세종특별자치시||조치원읍|원리|0|132|79|361104574018|0|13|0|24701|
3611025021|세종특별자치시||조치원읍|원리|0|132|75|361104574018|0|21|0|24699|
3611025021|세종특별자치시||조치원읍|원리|0|132|74|361104574018|0|23|0|24698|
3611025033|세종특별자치시||조치원읍|봉산리|0|98|1|361104574019|0|3|0|14718|
3611025033|세종특별자치시||조치원읍|봉산리|0|98|2|361104574019|0|3|0|14719|
3611025033|세종특별자치시||조치원읍|봉산리|0|132|6|361104574019|0|13|0|14720|
3611025033|세종특별자치시||조치원읍|봉산리|0|132|7|361104574019|0|13|0|14721|
3611025033|세종특별자치시||조치원읍|봉산리|0|128|0|361104574019|0|15|2|14722|
3611025033|세종특별자치시||조치원읍|봉산리|0|132|3|361104574019|0|15|2|14723|
3611025033|세종특별자치시||조치원읍|봉산리|0|153|2|361104574019|0|31|15|14724|
3611025033|세종특별자치시||조치원읍|봉산리|0|153|4|361104574019|0|31|15|14725|
3611039024|세종특별자치시||소정면|고등리|0|490|1|361104574022|0|9|8|14732|
3611039024|세종특별자치시||소정면|고등리|0|490|0|361104574022|0|15|0|14733|
3611036024|세종특별자치시||연서면|고복리|0|449|3|361104574023|0|74|0|14735|
3611036024|세종특별자치시||연서면|고복리|0|449|4|361104574023|0|74|0|14736|
3611036024|세종특별자치시||연서면|고복리|0|173|1|361104574024|0|99|0|14737|
3611036024|세종특별자치시||연서면|고복리|0|173|7|361104574024|0|99|0|14738|
3611036024|세종특별자치시||연서면|고복리|0|173|8|361104574024|0|99|0|14739|
3611038029|세종특별자치시||전동면|미곡리|0|39|0|361104574025|0|146|0|23006|
3611038029|세종특별자치시||전동면|미곡리|0|39|1|361104574025|0|146|0|23007|
3611038029|세종특별자치시||전동면|미곡리|0|39|4|361104574025|0|146|0|23008|
3611038029|세종특별자치시||전동면|미곡리|1|6|31|361104574025|0|146|0|24583|
3611036033|세종특별자치시||연서면|봉암리|0|436|0|361104574026|0|2|0|14745|
3611036033|세종특별자치시||연서면|봉암리|0|245|11|361104574026|0|3|0|24069|
3611036033|세종특별자치시||연서면|봉암리|0|248|0|361104574026|0|8|0|14746|
3611036033|세종특별자치시||연서면|봉암리|0|247|0|361104574026|0|8|0|14747|
3611036033|세종특별자치시||연서면|봉암리|0|250|3|361104574026|0|10|0|24146|
3611037023|세종특별자치시||전의면|서정리|0|359|1|361104574029|0|12|1|14760|
3611037023|세종특별자치시||전의면|서정리|0|365|3|361104574029|0|28|0|14761|
3611037023|세종특별자치시||전의면|서정리|0|365|2|361104574029|0|30|0|14762|
3611025026|세종특별자치시||조치원읍|명리|0|43|2|361104574030|0|3|0|14763|
3611025026|세종특별자치시||조치원읍|명리|0|39|11|361104574030|0|3|0|14764|
3611025026|세종특별자치시||조치원읍|명리|0|39|1|361104574030|0|7|2|47|
3611034032|세종특별자치시||금남면|달전리|0|23|1|361104574031|0|67|0|14765|
3611034032|세종특별자치시||금남면|달전리|0|23|7|361104574031|0|67|0|14766|
3611034032|세종특별자치시||금남면|달전리|0|479|0|361104574031|0|166|1|14767|
3611034032|세종특별자치시||금남면|달전리|0|486|0|361104574031|0|184|0|14768|
3611031021|세종특별자치시||연기면|연기리|0|337|0|361104574032|0|9|0|14769|
3611031021|세종특별자치시||연기면|연기리|0|339|0|361104574032|0|10|0|14770|
3611031021|세종특별자치시||연기면|연기리|0|341|0|361104574032|0|10|0|14771|
3611031021|세종특별자치시||연기면|연기리|0|23|1|361104574032|0|16|0|29800|
3611031021|세종특별자치시||연기면|연기리|0|26|2|361104574034|0|11|0|25100|
3611031021|세종특별자치시||연기면|연기리|0|345|0|361104574035|0|29|0|14775|
3611031021|세종특별자치시||연기면|연기리|0|50|1|361104574035|0|41|0|14776|
3611031021|세종특별자치시||연기면|연기리|0|62|2|361104574035|0|47|0|14777|
3611025032|세종특별자치시||조치원읍|신안리|0|342|5|361104574036|0|7|8|14778|
3611025032|세종특별자치시||조치원읍|신안리|0|365|24|361104574036|0|8|0|23570|
3611025032|세종특별자치시||조치원읍|신안리|0|367|7|361104574036|0|11|3|20390|
3611025032|세종특별자치시||조치원읍|신안리|0|367|9|361104574036|0|11|5|20389|
3611025032|세종특별자치시||조치원읍|신안리|0|342|13|361104574036|0|11|6|20391|
3611025032|세종특별자치시||조치원읍|신안리|0|371|13|361104574036|0|11|6|20392|
3611025032|세종특별자치시||조치원읍|신안리|0|367|1|361104574036|0|11|6|20393|
3611025032|세종특별자치시||조치원읍|신안리|0|367|2|361104574036|0|11|6|20394|
3611037027|세종특별자치시||전의면|관정리|0|488|5|361104574038|0|32|0|18841|
3611038027|세종특별자치시||전동면|송정리|0|421|1|361104574039|0|56|0|14786|
3611036021|세종특별자치시||연서면|월하리|0|676|5|361104574040|0|17|4|18685|
3611036021|세종특별자치시||연서면|월하리|0|682|1|361104574040|0|33|10|14787|
3611036021|세종특별자치시||연서면|월하리|1|136|1|361104574040|0|33|11|14788|
3611036021|세종특별자치시||연서면|월하리|0|21|0|361104574040|0|69|8|14789|
3611036021|세종특별자치시||연서면|월하리|0|22|3|361104574040|0|73|8|14790|
3611036021|세종특별자치시||연서면|월하리|0|461|3|361104574040|0|78|0|14792|
3611036021|세종특별자치시||연서면|월하리|0|43|2|361104574040|0|78|0|14793|
3611036021|세종특별자치시||연서면|월하리|0|25|6|361104574040|0|97|0|14794|
3611036021|세종특별자치시||연서면|월하리|0|29|8|361104574040|0|104|0|14795|
3611036030|세종특별자치시||연서면|국촌리|0|122|2|361104574041|0|10|5|14796|
3611036030|세종특별자치시||연서면|국촌리|0|123|3|361104574041|0|10|5|14797|
3611036030|세종특별자치시||연서면|국촌리|0|117|0|361104574041|0|10|13|14798|
3611036030|세종특별자치시||연서면|국촌리|0|128|0|361104574041|0|22|0|14799|
3611036030|세종특별자치시||연서면|국촌리|0|137|1|361104574041|0|30|0|14800|
3611036030|세종특별자치시||연서면|국촌리|0|137|2|361104574041|0|30|0|14801|
3611036030|세종특별자치시||연서면|국촌리|0|140|5|361104574041|0|30|0|14802|
3611036030|세종특별자치시||연서면|국촌리|0|156|6|361104574041|0|68|35|14803|
3611036030|세종특별자치시||연서면|국촌리|0|42|0|361104574041|0|116|0|259|
3611036030|세종특별자치시||연서면|국촌리|1|2|1|361104574041|0|124|9|261|
3611036030|세종특별자치시||연서면|국촌리|0|48|1|361104574041|0|133|0|14804|
3611036030|세종특별자치시||연서면|국촌리|0|50|0|361104574041|0|133|0|14805|
3611036030|세종특별자치시||연서면|국촌리|0|322|50|361104574041|0|133|0|14807|
3611036030|세종특별자치시||연서면|국촌리|0|53|0|361104574041|0|133|0|14808|
3611036030|세종특별자치시||연서면|국촌리|0|269|0|361104574042|0|30|3|14809|
3611036030|세종특별자치시||연서면|국촌리|0|269|12|361104574042|0|30|15|14810|
3611036030|세종특별자치시||연서면|국촌리|0|258|1|361104574042|0|30|29|14811|
3611036030|세종특별자치시||연서면|국촌리|0|259|2|361104574042|0|30|29|14812|
3611036030|세종특별자치시||연서면|국촌리|0|227|3|361104574042|0|30|29|14813|
3611036030|세종특별자치시||연서면|국촌리|0|227|1|361104574042|0|30|29|14814|
3611037027|세종특별자치시||전의면|관정리|0|454|0|361104574043|0|52|0|14815|
3611037027|세종특별자치시||전의면|관정리|0|453|2|361104574043|0|57|0|14816|
3611036022|세종특별자치시||연서면|쌍전리|0|159|5|361104574044|0|21|0|14819|
3611036022|세종특별자치시||연서면|쌍전리|0|145|0|361104574044|0|56|0|14820|
3611036022|세종특별자치시||연서면|쌍전리|0|356|1|361104574044|0|63|0|14821|
3611039023|세종특별자치시||소정면|대곡리|0|429|4|361104574045|0|40|1|14827|
3611039023|세종특별자치시||소정면|대곡리|0|390|1|361104574045|0|105|0|19403|
3611039023|세종특별자치시||소정면|대곡리|0|390|7|361104574045|0|105|0|19404|
3611039023|세종특별자치시||소정면|대곡리|0|391|8|361104574045|0|105|0|19405|
3611037024|세종특별자치시||전의면|원성리|0|5|0|361104574046|0|18|0|14828|
3611037024|세종특별자치시||전의면|원성리|0|41|1|361104574046|0|28|3|14829|
3611037024|세종특별자치시||전의면|원성리|0|41|1|361104574046|0|30|2|14830|
3611037024|세종특별자치시||전의면|원성리|1|30|4|361104574046|0|48|0|14831|
3611037024|세종특별자치시||전의면|원성리|0|57|0|361104574046|0|48|0|14832|
3611034035|세종특별자치시||금남면|부용리|0|257|3|361104574047|0|1042|126|20005|
3611034035|세종특별자치시||금남면|부용리|0|41|0|361104574047|0|1249|0|14849|
3611034035|세종특별자치시||금남면|부용리|0|42|0|361104574047|0|1249|0|14850|
3611034035|세종특별자치시||금남면|부용리|0|41|3|361104574047|0|1249|0|14851|
3611034035|세종특별자치시||금남면|부용리|0|108|1|361104574047|0|1249|0|14852|
3611037030|세종특별자치시||전의면|신방리|0|113|3|361104574049|0|15|5|14882|
3611037030|세종특별자치시||전의면|신방리|0|115|21|361104574049|0|15|5|14883|
3611037030|세종특별자치시||전의면|신방리|0|117|14|361104574049|0|45|0|14483|
3611037030|세종특별자치시||전의면|신방리|0|117|17|361104574049|0|45|0|14484|
3611037034|세종특별자치시||전의면|금사리|0|136|2|361104574050|0|12|2|14894|
3611037034|세종특별자치시||전의면|금사리|0|126|6|361104574050|0|18|0|24301|
3611037034|세종특별자치시||전의면|금사리|0|196|0|361104574050|0|42|5|14897|
3611037034|세종특별자치시||전의면|금사리|0|108|10|361104574050|0|42|5|14898|
3611037034|세종특별자치시||전의면|금사리|0|102|0|361104574050|0|45|0|14899|
3611037034|세종특별자치시||전의면|금사리|0|102|1|361104574050|0|45|0|14900|
3611037034|세종특별자치시||전의면|금사리|0|108|10|361104574050|0|46|0|14901|
3611037034|세종특별자치시||전의면|금사리|0|108|10|361104574050|0|46|1|14902|
3611037034|세종특별자치시||전의면|금사리|0|108|4|361104574050|0|46|1|14903|
3611037034|세종특별자치시||전의면|금사리|0|108|9|361104574050|0|56|0|14904|
3611037021|세종특별자치시||전의면|읍내리|0|94|3|361104574051|0|23|2|14923|
3611037021|세종특별자치시||전의면|읍내리|0|88|9|361104574052|0|10|0|14924|
3611034027|세종특별자치시||금남면|금천리|0|244|0|361104574053|0|26|3|14925|
3611034027|세종특별자치시||금남면|금천리|0|262|0|361104574053|0|26|15|14927|
3611034027|세종특별자치시||금남면|금천리|0|234|2|361104574053|0|26|26|14928|
3611034027|세종특별자치시||금남면|금천리|0|235|2|361104574053|0|26|26|14929|
3611034027|세종특별자치시||금남면|금천리|0|267|1|361104574053|0|30|7|14930|
3611034027|세종특별자치시||금남면|금천리|0|252|1|361104574053|0|30|9|14931|
3611034027|세종특별자치시||금남면|금천리|0|295|2|361104574053|0|83|0|14932|
3611034027|세종특별자치시||금남면|금천리|0|294|0|361104574053|0|93|0|14933|
3611034027|세종특별자치시||금남면|금천리|0|295|1|361104574053|0|97|2|14934|
3611034027|세종특별자치시||금남면|금천리|0|331|5|361104574053|0|104|0|14935|
3611034027|세종특별자치시||금남면|금천리|0|63|2|361104574054|0|27|9|14937|
3611034027|세종특별자치시||금남면|금천리|0|62|2|361104574054|0|27|11|14938|
3611034027|세종특별자치시||금남면|금천리|0|76|0|361104574054|0|39|0|14939|
3611034027|세종특별자치시||금남면|금천리|0|75|0|361104574054|0|39|3|14940|
3611036031|세종특별자치시||연서면|와촌리|0|404|1|361104574055|0|2|0|14943|
3611036031|세종특별자치시||연서면|와촌리|0|404|6|361104574055|0|2|0|14944|
3611036031|세종특별자치시||연서면|와촌리|0|803|1|361104574055|0|36|8|14945|
3611036031|세종특별자치시||연서면|와촌리|0|800|0|361104574055|0|46|11|14947|
3611036031|세종특별자치시||연서면|와촌리|0|796|1|361104574055|0|46|17|14948|
3611036031|세종특별자치시||연서면|와촌리|0|851|16|361104574055|0|49|3|28080|
3611036031|세종특별자치시||연서면|와촌리|0|852|5|361104574055|0|49|4|14950|
3611036031|세종특별자치시||연서면|와촌리|0|1026|0|361104574055|0|57|14|14952|
3611036031|세종특별자치시||연서면|와촌리|0|1044|0|361104574055|0|83|0|14953|
3611036031|세종특별자치시||연서면|와촌리|0|1050|0|361104574055|0|83|0|14954|
3611036031|세종특별자치시||연서면|와촌리|0|1049|1|361104574055|0|84|1|14955|
3611036031|세종특별자치시||연서면|와촌리|0|1052|0|361104574055|0|86|0|14956|
3611036031|세종특별자치시||연서면|와촌리|0|1065|0|361104574055|0|116|0|14957|
3611036031|세종특별자치시||연서면|와촌리|0|752|0|361104574056|0|87|0|14958|
3611036031|세종특별자치시||연서면|와촌리|0|754|0|361104574056|0|101|0|14959|
3611036031|세종특별자치시||연서면|와촌리|0|756|2|361104574056|0|101|0|14960|
3611036031|세종특별자치시||연서면|와촌리|0|703|0|361104574056|0|113|0|14961|
3611036031|세종특별자치시||연서면|와촌리|0|704|0|361104574056|0|113|0|14962|
3611036031|세종특별자치시||연서면|와촌리|0|703|1|361104574056|0|113|0|14963|
3611036031|세종특별자치시||연서면|와촌리|0|703|2|361104574056|0|113|0|14964|
3611036031|세종특별자치시||연서면|와촌리|0|746|0|361104574056|0|113|0|14965|
3611036031|세종특별자치시||연서면|와촌리|0|746|1|361104574056|0|113|0|14966|
3611036031|세종특별자치시||연서면|와촌리|0|747|0|361104574056|0|113|0|14967|
3611036031|세종특별자치시||연서면|와촌리|0|745|0|361104574056|0|113|0|14968|
3611034029|세종특별자치시||금남면|남곡리|0|86|1|361104574059|0|15|0|15008|
3611034029|세종특별자치시||금남면|남곡리|0|162|1|361104574060|0|27|0|15009|
3611034029|세종특별자치시||금남면|남곡리|0|113|0|361104574060|0|33|0|15010|
3611034029|세종특별자치시||금남면|남곡리|0|159|0|361104574060|0|33|0|15011|
3611034029|세종특별자치시||금남면|남곡리|0|157|1|361104574060|0|35|0|15012|
3611037023|세종특별자치시||전의면|서정리|0|151|1|361104574061|0|10|6|15013|
3611037023|세종특별자치시||전의면|서정리|0|423|0|361104574061|0|10|6|15014|
3611037023|세종특별자치시||전의면|서정리|0|117|2|361104574061|0|10|8|15015|
3611037023|세종특별자치시||전의면|서정리|0|128|8|361104574061|0|32|8|23113|
3611037023|세종특별자치시||전의면|서정리|0|87|2|361104574061|0|32|8|23114|
3611025034|세종특별자치시||조치원읍|서창리|0|144|16|361104574062|0|5|0|15022|
3611025034|세종특별자치시||조치원읍|서창리|0|147|3|361104574062|0|6|0|24584|
3611025034|세종특별자치시||조치원읍|서창리|0|170|1|361104574062|0|17|0|15023|
3611025034|세종특별자치시||조치원읍|서창리|0|176|3|361104574062|0|34|1|25928|
3611025034|세종특별자치시||조치원읍|서창리|0|152|6|361104574063|0|11|0|162|
3611025034|세종특별자치시||조치원읍|서창리|0|152|7|361104574063|0|11|0|163|
3611025034|세종특별자치시||조치원읍|서창리|0|157|1|361104574064|0|3|2|15027|
3611025034|세종특별자치시||조치원읍|서창리|0|177|25|361104574064|0|16|2|23489|
3611036033|세종특별자치시||연서면|봉암리|0|43|0|361104574065|0|30|0|15033|
3611036033|세종특별자치시||연서면|봉암리|0|49|3|361104574065|0|30|0|15034|
3611036033|세종특별자치시||연서면|봉암리|0|51|1|361104574065|0|30|0|15035|
3611036033|세종특별자치시||연서면|봉암리|0|49|2|361104574065|0|30|0|15036|
3611036033|세종특별자치시||연서면|봉암리|0|49|0|361104574065|0|30|0|15037|
3611036033|세종특별자치시||연서면|봉암리|0|50|0|361104574065|0|30|0|15038|
3611036033|세종특별자치시||연서면|봉암리|0|43|1|361104574065|0|30|0|15039|
3611036033|세종특별자치시||연서면|봉암리|0|55|0|361104574065|0|30|0|15040|
3611036033|세종특별자치시||연서면|봉암리|0|43|3|361104574065|0|30|0|15041|
3611036033|세종특별자치시||연서면|봉암리|0|397|2|361104574065|0|112|0|15042|
3611036033|세종특별자치시||연서면|봉암리|0|941|0|361104574065|0|144|63|15043|
3611036033|세종특별자치시||연서면|봉암리|0|942|0|361104574065|0|144|63|15044|
3611036033|세종특별자치시||연서면|봉암리|0|968|0|361104574065|0|144|64|18693|
3611036033|세종특별자치시||연서면|봉암리|0|782|1|361104574065|0|185|0|15045|
3611036033|세종특별자치시||연서면|봉암리|0|772|0|361104574065|0|205|0|15046|
3611036033|세종특별자치시||연서면|봉암리|0|776|0|361104574065|0|211|0|25226|
3611036033|세종특별자치시||연서면|봉암리|0|771|0|361104574065|0|211|0|25227|
3611039021|세종특별자치시||소정면|소정리|0|207|7|361104574066|0|58|25|15048|
3611039021|세종특별자치시||소정면|소정리|0|424|1|361104574066|0|90|0|15049|
3611039021|세종특별자치시||소정면|소정리|0|429|0|361104574067|0|6|0|31368|
3611039021|세종특별자치시||소정면|소정리|0|413|1|361104574067|0|6|0|31369|
3611039021|세종특별자치시||소정면|소정리|0|413|2|361104574067|0|6|0|31370|
3611039021|세종특별자치시||소정면|소정리|0|429|1|361104574067|0|6|0|31371|
3611039021|세종특별자치시||소정면|소정리|0|407|3|361104574067|0|16|0|15050|
3611039021|세종특별자치시||소정면|소정리|0|408|1|361104574067|0|16|0|15051|
3611039021|세종특별자치시||소정면|소정리|1|22|6|361104574067|0|24|0|24214|
3611037029|세종특별자치시||전의면|노곡리|0|132|1|361104574068|0|27|12|15053|
3611037029|세종특별자치시||전의면|노곡리|0|133|10|361104574068|0|27|14|15054|
3611037029|세종특별자치시||전의면|노곡리|0|133|12|361104574068|0|27|14|15055|
3611037029|세종특별자치시||전의면|노곡리|1|14|2|361104574068|0|27|15|15056|
3611037029|세종특별자치시||전의면|노곡리|0|133|13|361104574068|0|31|0|15057|
3611037029|세종특별자치시||전의면|노곡리|0|124|0|361104574068|0|43|16|15058|
3611037029|세종특별자치시||전의면|노곡리|0|121|0|361104574068|0|43|17|15059|
3611037029|세종특별자치시||전의면|노곡리|0|65|0|361104574068|0|47|12|15060|
3611037029|세종특별자치시||전의면|노곡리|0|86|1|361104574068|0|47|14|15061|
3611037029|세종특별자치시||전의면|노곡리|0|50|1|361104574068|0|85|0|15062|
3611037029|세종특별자치시||전의면|노곡리|0|50|3|361104574068|0|85|0|15063|
3611037029|세종특별자치시||전의면|노곡리|0|49|2|361104574068|0|85|0|15064|
3611037029|세종특별자치시||전의면|노곡리|0|48|0|361104574068|0|85|0|15065|
3611037029|세종특별자치시||전의면|노곡리|0|49|1|361104574068|0|85|0|15066|
3611037029|세종특별자치시||전의면|노곡리|0|45|0|361104574068|0|85|0|15067|
3611037029|세종특별자치시||전의면|노곡리|0|52|0|361104574068|0|85|0|15068|
3611037029|세종특별자치시||전의면|노곡리|0|51|0|361104574068|0|85|0|15069|
3611037029|세종특별자치시||전의면|노곡리|0|218|3|361104574068|0|120|19|15070|
3611037029|세종특별자치시||전의면|노곡리|1|5|0|361104574068|0|120|43|15071|
3611037029|세종특별자치시||전의면|노곡리|0|194|0|361104574068|0|123|7|15072|
3611037029|세종특별자치시||전의면|노곡리|0|233|0|361104574068|0|135|0|15073|
3611037029|세종특별자치시||전의면|노곡리|1|1|1|361104574068|0|265|0|15074|
3611037029|세종특별자치시||전의면|노곡리|0|311|0|361104574068|0|265|0|15075|
3611032025|세종특별자치시||연동면|노송리|0|173|0|361104574069|0|17|0|15076|
3611032025|세종특별자치시||연동면|노송리|0|175|0|361104574069|0|17|0|15077|
3611032025|세종특별자치시||연동면|노송리|0|158|0|361104574069|0|29|0|15078|
3611032025|세종특별자치시||연동면|노송리|0|147|0|361104574069|0|30|7|15079|
3611032025|세종특별자치시||연동면|노송리|0|240|1|361104574070|0|5|0|15080|
3611032025|세종특별자치시||연동면|노송리|0|205|0|361104574070|0|12|1|15081|
3611032025|세종특별자치시||연동면|노송리|0|226|0|361104574070|0|15|4|15083|
3611032025|세종특별자치시||연동면|노송리|0|214|0|361104574070|0|38|0|15084|
3611032025|세종특별자치시||연동면|노송리|0|270|5|361104574071|0|32|0|15086|
3611032025|세종특별자치시||연동면|노송리|0|277|1|361104574071|0|46|1|234|
3611032025|세종특별자치시||연동면|노송리|0|136|5|361104574072|0|24|3|15088|
3611032025|세종특별자치시||연동면|노송리|0|28|2|361104574072|0|27|8|15092|
3611032025|세종특별자치시||연동면|노송리|0|28|1|361104574072|0|27|8|15093|
3611032025|세종특별자치시||연동면|노송리|0|26|5|361104574072|0|27|8|15094|
3611032025|세종특별자치시||연동면|노송리|0|28|3|361104574072|0|27|8|15095|
3611032025|세종특별자치시||연동면|노송리|0|24|12|361104574072|0|27|15|15096|
3611038021|세종특별자치시||전동면|노장리|0|404|9|361104574073|0|25|20|15107|
3611038021|세종특별자치시||전동면|노장리|0|404|24|361104574073|0|25|23|15108|
3611038021|세종특별자치시||전동면|노장리|0|404|29|361104574073|0|25|23|15109|
3611038021|세종특별자치시||전동면|노장리|0|404|30|361104574073|0|25|23|15110|
3611038021|세종특별자치시||전동면|노장리|0|404|31|361104574073|0|25|23|15111|
3611038021|세종특별자치시||전동면|노장리|0|404|32|361104574073|0|25|23|15112|
3611038021|세종특별자치시||전동면|노장리|0|404|33|361104574073|0|25|23|15113|
3611038021|세종특별자치시||전동면|노장리|0|404|34|361104574073|0|25|23|15114|
3611038021|세종특별자치시||전동면|노장리|0|404|35|361104574073|0|25|23|15115|
3611038021|세종특별자치시||전동면|노장리|0|404|18|361104574073|0|53|10|15116|
3611032025|세종특별자치시||연동면|노송리|0|459|2|361104574074|0|27|0|23961|
3611032024|세종특별자치시||연동면|응암리|0|49|1|361104574074|0|29|0|15117|
3611032024|세종특별자치시||연동면|응암리|0|48|1|361104574074|0|31|1|15118|
3611032024|세종특별자치시||연동면|응암리|0|800|4|361104574074|0|66|0|15119|
3611031023|세종특별자치시||연기면|눌왕리|0|328|1|361104574075|0|8|35|21169|
3611031023|세종특별자치시||연기면|눌왕리|0|427|1|361104574075|0|8|71|15120|
3611031023|세종특별자치시||연기면|눌왕리|0|427|6|361104574075|0|8|71|15121|
3611031023|세종특별자치시||연기면|눌왕리|0|308|1|361104574075|0|32|0|15122|
3611031023|세종특별자치시||연기면|눌왕리|0|340|1|361104574075|0|38|5|15123|
3611031023|세종특별자치시||연기면|눌왕리|0|340|2|361104574075|0|38|7|15124|
3611031023|세종특별자치시||연기면|눌왕리|0|340|0|361104574075|0|38|7|15125|
3611031023|세종특별자치시||연기면|눌왕리|0|371|0|361104574075|0|46|5|15126|
3611031023|세종특별자치시||연기면|눌왕리|0|333|3|361104574075|0|46|20|15127|
3611031023|세종특별자치시||연기면|눌왕리|0|717|0|361104574075|0|49|0|15130|
3611031023|세종특별자치시||연기면|눌왕리|0|370|6|361104574075|0|49|0|23698|
3611031023|세종특별자치시||연기면|눌왕리|0|370|7|361104574075|0|49|0|23699|
3611037027|세종특별자치시||전의면|관정리|0|508|3|361104574077|0|69|3|15131|
3611032024|세종특별자치시||연동면|응암리|0|254|1|361104574078|0|152|0|15132|
3611032024|세종특별자치시||연동면|응암리|0|275|2|361104574078|0|194|25|222|
3611032024|세종특별자치시||연동면|응암리|0|275|3|361104574078|0|194|25|223|
3611032024|세종특별자치시||연동면|응암리|0|257|9|361104574078|0|198|0|27140|
3611032024|세종특별자치시||연동면|응암리|0|312|1|361104574078|0|232|0|15133|
3611032024|세종특별자치시||연동면|응암리|0|315|1|361104574078|0|232|0|15135|
3611032024|세종특별자치시||연동면|응암리|0|312|8|361104574078|0|232|0|20529|
3611032024|세종특별자치시||연동면|응암리|0|315|5|361104574078|0|232|0|20530|
3611038026|세종특별자치시||전동면|송곡리|0|209|0|361104574079|0|11|4|15137|
3611038026|세종특별자치시||전동면|송곡리|0|208|2|361104574079|0|11|8|15138|
3611038026|세종특별자치시||전동면|송곡리|0|205|2|361104574079|0|11|16|18695|
3611038026|세종특별자치시||전동면|송곡리|0|205|4|361104574079|0|11|16|18696|
3611038026|세종특별자치시||전동면|송곡리|0|201|0|361104574079|0|32|0|15141|
3611037035|세종특별자치시||전의면|다방리|0|467|0|361104574080|0|33|9|15143|
3611025030|세종특별자치시||조치원읍|죽림리|0|114|9|361104574081|0|1|0|20521|
3611025030|세종특별자치시||조치원읍|죽림리|0|121|2|361104574083|0|3|0|15145|
3611037026|세종특별자치시||전의면|유천리|0|448|3|361104574084|0|15|0|15146|
3611037026|세종특별자치시||전의면|유천리|0|449|1|361104574084|0|15|0|15147|
3611037026|세종특별자치시||전의면|유천리|0|456|0|361104574084|0|33|0|15148|
3611037026|세종특별자치시||전의면|유천리|0|253|0|361104574084|0|49|10|15149|
3611037026|세종특별자치시||전의면|유천리|0|246|4|361104574084|0|64|0|25180|
3611031021|세종특별자치시||연기면|연기리|0|443|17|361104574087|0|6|0|19369|
3611031021|세종특별자치시||연기면|연기리|0|443|10|361104574087|0|8|0|19367|
3611031021|세종특별자치시||연기면|연기리|0|443|13|361104574087|0|8|0|19368|
3611031021|세종특별자치시||연기면|연기리|0|3|11|361104574087|0|12|5|15290|
3611034034|세종특별자치시||금남면|대박리|0|94|9|361104574089|0|5|15|24192|
3611034034|세종특별자치시||금남면|대박리|0|90|2|361104574089|0|9|0|15292|
3611034034|세종특별자치시||금남면|대박리|0|88|3|361104574089|0|10|0|15293|
3611034034|세종특별자치시||금남면|대박리|0|90|1|361104574089|0|13|0|15294|
3611034034|세종특별자치시||금남면|대박리|0|121|1|361104574089|0|33|0|15295|
3611039023|세종특별자치시||소정면|대곡리|0|495|13|361104574090|0|27|0|27100|
3611039023|세종특별자치시||소정면|대곡리|0|474|9|361104574090|0|40|6|20252|
3611039023|세종특별자치시||소정면|대곡리|0|241|0|361104574090|0|49|0|15299|
3611039023|세종특별자치시||소정면|대곡리|0|196|1|361104574090|0|89|0|15300|
3611039023|세종특별자치시||소정면|대곡리|0|189|7|361104574090|0|91|18|24640|
3611039023|세종특별자치시||소정면|대곡리|0|193|5|361104574090|0|91|25|24820|
3611039023|세종특별자치시||소정면|대곡리|0|201|7|361104574090|0|97|11|15305|
3611039023|세종특별자치시||소정면|대곡리|0|169|4|361104574090|0|131|3|24347|
3611039023|세종특별자치시||소정면|대곡리|0|158|2|361104574090|0|143|0|15306|
3611039023|세종특별자치시||소정면|대곡리|0|101|0|361104574090|0|156|84|15307|
3611039023|세종특별자치시||소정면|대곡리|0|101|2|361104574090|0|156|84|15308|
3611039023|세종특별자치시||소정면|대곡리|0|101|3|361104574090|0|156|84|15309|
3611039023|세종특별자치시||소정면|대곡리|0|101|4|361104574090|0|156|84|15310|
3611039023|세종특별자치시||소정면|대곡리|0|102|0|361104574090|0|156|84|15311|
3611036031|세종특별자치시||연서면|와촌리|0|116|0|361104574091|0|29|7|15312|
3611036031|세종특별자치시||연서면|와촌리|0|110|0|361104574091|0|29|9|15313|
3611036031|세종특별자치시||연서면|와촌리|0|106|0|361104574091|0|29|11|15314|
3611036031|세종특별자치시||연서면|와촌리|0|126|6|361104574091|0|31|0|15315|
3611036031|세종특별자치시||연서면|와촌리|0|128|1|361104574091|0|34|0|18147|
3611036031|세종특별자치시||연서면|와촌리|0|128|4|361104574091|0|34|0|18148|
3611036031|세종특별자치시||연서면|와촌리|0|131|0|361104574091|0|39|0|15316|
3611036031|세종특별자치시||연서면|와촌리|0|132|7|361104574091|0|43|2|15317|
3611036031|세종특별자치시||연서면|와촌리|0|1265|1|361104574091|0|65|0|23089|
3611036031|세종특별자치시||연서면|와촌리|0|52|4|361104574091|0|113|0|15320|
3611037027|세종특별자치시||전의면|관정리|0|653|7|361104574093|0|7|5|26880|
3611037027|세종특별자치시||전의면|관정리|0|407|5|361104574093|0|39|0|15340|
3611037027|세종특별자치시||전의면|관정리|0|407|5|361104574093|0|39|1|15341|
3611037027|세종특별자치시||전의면|관정리|0|407|4|361104574093|0|41|0|15342|
3611037027|세종특별자치시||전의면|관정리|0|421|3|361104574093|0|43|2|15343|
3611037027|세종특별자치시||전의면|관정리|0|424|2|361104574093|0|55|6|15344|
3611034021|세종특별자치시||금남면|용포리|0|187|10|361104574095|0|6|0|15345|
3611037023|세종특별자치시||전의면|서정리|0|170|15|361104574096|0|12|10|15347|
3611037023|세종특별자치시||전의면|서정리|0|170|16|361104574096|0|12|10|15348|
3611037021|세종특별자치시||전의면|읍내리|0|104|6|361104574096|0|20|0|17660|
3611037021|세종특별자치시||전의면|읍내리|0|349|7|361104574096|0|32|9|24080|
3611038031|세종특별자치시||전동면|심중리|0|191|11|361104574097|0|5|0|15353|
3611038031|세종특별자치시||전동면|심중리|0|191|12|361104574097|0|5|0|15354|
3611038031|세종특별자치시||전동면|심중리|0|174|0|361104574097|0|33|1|15355|
3611038031|세종특별자치시||전동면|심중리|0|624|0|361104574097|0|33|1|15356|
3611038031|세종특별자치시||전동면|심중리|0|170|0|361104574097|0|33|12|15357|
3611038031|세종특별자치시||전동면|심중리|0|171|0|361104574097|0|35|0|15358|
3611038031|세종특별자치시||전동면|심중리|0|167|2|361104574097|0|57|0|15360|
3611038031|세종특별자치시||전동면|심중리|0|167|0|361104574097|0|57|0|15361|
3611034039|세종특별자치시||금남면|도암리|0|255|2|361104574100|0|8|8|15406|
3611034039|세종특별자치시||금남면|도암리|0|318|0|361104574101|0|9|0|15407|
3611034039|세종특별자치시||금남면|도암리|0|321|2|361104574101|0|9|0|15408|
3611034039|세종특별자치시||금남면|도암리|0|318|0|361104574101|0|11|0|15409|
3611034039|세종특별자치시||금남면|도암리|0|314|0|361104574101|0|13|5|15410|
3611034039|세종특별자치시||금남면|도암리|0|315|0|361104574101|0|13|5|15411|
3611034039|세종특별자치시||금남면|도암리|0|327|0|361104574101|0|13|6|15414|
3611034039|세종특별자치시||금남면|도암리|0|330|0|361104574101|0|13|6|15415|
3611034039|세종특별자치시||금남면|도암리|0|332|4|361104574101|0|23|0|15416|
3611034039|세종특별자치시||금남면|도암리|0|403|0|361104574101|0|41|0|15417|
3611034039|세종특별자치시||금남면|도암리|0|402|0|361104574101|0|41|1|15418|
3611034039|세종특별자치시||금남면|도암리|0|400|0|361104574101|0|51|1|15419|
3611034039|세종특별자치시||금남면|도암리|0|233|4|361104574102|0|74|0|15420|
3611034039|세종특별자치시||금남면|도암리|0|231|1|361104574102|0|74|5|15421|
3611034039|세종특별자치시||금남면|도암리|0|629|0|361104574102|0|74|5|15422|
3611034039|세종특별자치시||금남면|도암리|0|279|0|361104574102|0|74|5|15423|
3611034039|세종특별자치시||금남면|도암리|0|233|4|361104574102|0|76|0|15424|
3611034039|세종특별자치시||금남면|도암리|0|302|0|361104574102|0|128|0|15425|
3611034039|세종특별자치시||금남면|도암리|0|301|0|361104574102|0|128|0|15426|
3611034039|세종특별자치시||금남면|도암리|0|310|0|361104574102|0|130|2|15427|
3611034039|세종특별자치시||금남면|도암리|0|312|0|361104574102|0|130|2|15428|
3611034039|세종특별자치시||금남면|도암리|0|298|1|361104574102|0|130|4|15429|
3611034039|세종특별자치시||금남면|도암리|0|497|0|361104574102|0|130|15|304|
3611034039|세종특별자치시||금남면|도암리|0|553|0|361104574102|0|140|8|15430|
3611034039|세종특별자치시||금남면|도암리|0|550|0|361104574102|0|140|10|15431|
3611034039|세종특별자치시||금남면|도암리|0|552|0|361104574102|0|140|10|15432|
3611034041|세종특별자치시||금남면|영곡리|0|122|0|361104574102|0|233|0|28122|
3611034041|세종특별자치시||금남면|영곡리|0|121|1|361104574102|0|233|0|28123|
3611034041|세종특별자치시||금남면|영곡리|0|128|8|361104574102|0|251|0|30800|
3611034041|세종특별자치시||금남면|영곡리|0|135|7|361104574102|0|251|0|30801|
3611034041|세종특별자치시||금남면|영곡리|0|112|2|361104574102|0|256|0|15433|
3611034041|세종특별자치시||금남면|영곡리|0|659|2|361104574102|0|265|5|28840|
3611034041|세종특별자치시||금남면|영곡리|0|132|0|361104574102|0|265|5|28841|
3611034041|세종특별자치시||금남면|영곡리|0|139|0|361104574102|0|265|25|26774|
3611034041|세종특별자치시||금남면|영곡리|0|139|3|361104574102|0|265|25|26775|
3611034041|세종특별자치시||금남면|영곡리|0|175|2|361104574102|0|265|37|15434|
3611025030|세종특별자치시||조치원읍|죽림리|0|66|7|361104574103|0|19|1|20310|
3611025030|세종특별자치시||조치원읍|죽림리|0|338|2|361104574103|0|29|0|18200|
3611025030|세종특별자치시||조치원읍|죽림리|0|210|8|361104574103|0|46|1|15502|
3611038023|세종특별자치시||전동면|청송리|0|51|3|361104574104|0|19|0|22930|
3611038023|세종특별자치시||전동면|청송리|0|47|1|361104574104|0|35|0|15503|
3611038023|세종특별자치시||전동면|청송리|0|60|0|361104574104|0|75|0|15504|
3611038023|세종특별자치시||전동면|청송리|0|59|2|361104574104|0|77|0|15505|
3611037030|세종특별자치시||전의면|신방리|0|169|0|361104574105|0|2|0|15506|
3611037030|세종특별자치시||전의면|신방리|0|170|0|361104574105|0|2|0|15507|
3611037030|세종특별자치시||전의면|신방리|0|170|2|361104574105|0|2|0|15508|
3611037030|세종특별자치시||전의면|신방리|0|190|1|361104574105|0|2|0|15509|
3611037030|세종특별자치시||전의면|신방리|0|169|0|361104574105|0|6|16|15510|
3611037030|세종특별자치시||전의면|신방리|0|149|7|361104574105|0|34|5|21992|
3611025032|세종특별자치시||조치원읍|신안리|0|321|62|361104574106|0|8|3|28501|
3611025032|세종특별자치시||조치원읍|신안리|0|324|23|361104574106|0|10|4|27780|
3611025032|세종특별자치시||조치원읍|신안리|0|324|33|361104574106|0|10|6|30700|
3611025032|세종특별자치시||조치원읍|신안리|0|321|6|361104574107|0|8|2|138|
3611025032|세종특별자치시||조치원읍|신안리|0|369|1|361104574108|0|56|0|19858|
3611025034|세종특별자치시||조치원읍|서창리|0|144|6|361104574109|0|5|0|15514|
3611036024|세종특별자치시||연서면|고복리|0|100|2|361104574117|0|6|21|15516|
3611036024|세종특별자치시||연서면|고복리|0|100|6|361104574117|0|6|26|15517|
3611036024|세종특별자치시||연서면|고복리|0|130|2|361104574117|0|31|6|15518|
3611036024|세종특별자치시||연서면|고복리|0|130|10|361104574117|0|39|0|15532|
3611037022|세종특별자치시||전의면|동교리|0|205|0|361104574118|0|2|1|15519|
3611037022|세종특별자치시||전의면|동교리|0|200|17|361104574120|0|5|0|15520|
3611037022|세종특별자치시||전의면|동교리|0|200|34|361104574120|0|5|0|15521|
3611037022|세종특별자치시||전의면|동교리|0|206|1|361104574120|0|15|0|15522|
3611037022|세종특별자치시||전의면|동교리|0|206|3|361104574120|0|15|0|15523|
3611037022|세종특별자치시||전의면|동교리|0|207|6|361104574120|0|16|0|15524|
3611037022|세종특별자치시||전의면|동교리|0|210|3|361104574120|0|20|3|24752|
3611037022|세종특별자치시||전의면|동교리|0|210|5|361104574120|0|28|2|15526|
3611037022|세종특별자치시||전의면|동교리|0|210|7|361104574120|0|37|0|19060|
3611037022|세종특별자치시||전의면|동교리|1|6|36|361104574120|0|37|0|19061|
3611037022|세종특별자치시||전의면|동교리|0|92|3|361104574121|0|6|9|20555|
3611037022|세종특별자치시||전의면|동교리|0|127|1|361104574122|0|20|0|15530|
3611037022|세종특별자치시||전의면|동교리|0|68|9|361104574122|0|63|0|15531|
3611038028|세종특별자치시||전동면|청람리|0|178|0|361104574123|0|59|0|15533|
3611038028|세종특별자치시||전동면|청람리|0|247|1|361104574123|0|73|10|15534|
3611038028|세종특별자치시||전동면|청람리|0|331|0|361104574123|0|130|18|15536|
3611038028|세종특별자치시||전동면|청람리|0|340|0|361104574123|0|130|18|15537|
3611038028|세종특별자치시||전동면|청람리|0|307|3|361104574123|0|130|34|15539|
3611038028|세종특별자치시||전동면|청람리|0|310|0|361104574123|0|170|0|15540|
3611038028|세종특별자치시||전동면|청람리|0|314|1|361104574123|0|170|0|15541|
3611038028|세종특별자치시||전동면|청람리|0|395|3|361104574123|0|186|0|15542|
3611038028|세종특별자치시||전동면|청람리|0|396|2|361104574123|0|186|0|15543|
3611038028|세종특별자치시||전동면|청람리|0|382|17|361104574123|0|199|31|15544|
3611038028|세종특별자치시||전동면|청람리|0|382|20|361104574123|0|199|31|15545|
3611038028|세종특별자치시||전동면|청람리|0|382|9|361104574123|0|199|31|15546|
3611038028|세종특별자치시||전동면|청람리|0|379|0|361104574123|0|199|31|15547|
3611038028|세종특별자치시||전동면|청람리|0|382|11|361104574123|0|199|31|15548|
3611038028|세종특별자치시||전동면|청람리|1|54|1|361104574123|0|199|31|15549|
3611038028|세종특별자치시||전동면|청람리|0|380|1|361104574123|0|199|31|15550|
3611038028|세종특별자치시||전동면|청람리|0|382|10|361104574123|0|199|31|15551|
3611038028|세종특별자치시||전동면|청람리|0|382|6|361104574123|0|199|31|15552|
3611038028|세종특별자치시||전동면|청람리|0|383|8|361104574123|0|199|31|15553|
3611038028|세종특별자치시||전동면|청람리|0|381|0|361104574123|0|199|31|15554|
3611038028|세종특별자치시||전동면|청람리|0|381|1|361104574123|0|199|31|15555|
3611038028|세종특별자치시||전동면|청람리|0|382|15|361104574123|0|199|31|15556|
3611038028|세종특별자치시||전동면|청람리|0|382|8|361104574123|0|199|31|15557|
3611038028|세종특별자치시||전동면|청람리|0|504|9|361104574123|0|199|31|15558|
3611038028|세종특별자치시||전동면|청람리|0|382|14|361104574123|0|199|31|15559|
3611038028|세종특별자치시||전동면|청람리|1|55|1|361104574123|0|199|31|15560|
3611038028|세종특별자치시||전동면|청람리|0|382|3|361104574123|0|199|31|15561|
3611038028|세종특별자치시||전동면|청람리|0|382|19|361104574123|0|199|31|15562|
3611038028|세종특별자치시||전동면|청람리|0|382|1|361104574123|0|199|31|15563|
3611038028|세종특별자치시||전동면|청람리|0|382|0|361104574123|0|199|31|15565|
3611038028|세종특별자치시||전동면|청람리|0|382|7|361104574123|0|199|31|15566|
3611038028|세종특별자치시||전동면|청람리|0|383|5|361104574123|0|199|31|15567|
3611038028|세종특별자치시||전동면|청람리|0|382|2|361104574123|0|199|31|15568|
3611038028|세종특별자치시||전동면|청람리|0|504|10|361104574123|0|199|31|15569|
3611038028|세종특별자치시||전동면|청람리|0|504|12|361104574123|0|199|31|22632|
3611038028|세종특별자치시||전동면|청람리|0|447|1|361104574123|0|205|3|15570|
3611038028|세종특별자치시||전동면|청람리|0|447|3|361104574123|0|205|4|15571|
3611038028|세종특별자치시||전동면|청람리|0|449|0|361104574123|0|205|11|353|
3611038028|세종특별자치시||전동면|청람리|0|451|1|361104574123|0|205|11|354|
3611038028|세종특별자치시||전동면|청람리|0|454|3|361104574123|0|205|26|15572|
3611038028|세종특별자치시||전동면|청람리|0|455|3|361104574123|0|205|26|15573|
3611038028|세종특별자치시||전동면|청람리|0|456|2|361104574123|0|205|26|15574|
3611038028|세종특별자치시||전동면|청람리|1|59|1|361104574123|0|205|26|15575|
3611038028|세종특별자치시||전동면|청람리|0|455|1|361104574123|0|205|26|15576|
3611038028|세종특별자치시||전동면|청람리|0|453|1|361104574123|0|205|26|15577|
3611038028|세종특별자치시||전동면|청람리|0|453|0|361104574123|0|205|26|15578|
3611038028|세종특별자치시||전동면|청람리|0|452|3|361104574123|0|205|26|15579|
3611038028|세종특별자치시||전동면|청람리|0|454|4|361104574123|0|205|26|15580|
3611038028|세종특별자치시||전동면|청람리|0|455|4|361104574123|0|205|28|15582|
3611038028|세종특별자치시||전동면|청람리|0|520|0|361104574123|0|207|1|15583|
3611038028|세종특별자치시||전동면|청람리|0|447|3|361104574123|0|207|1|15584|
3611038028|세종특별자치시||전동면|청람리|0|447|2|361104574123|0|207|1|15585|
3611038028|세종특별자치시||전동면|청람리|0|448|9|361104574123|0|207|9|15586|
3611038028|세종특별자치시||전동면|청람리|0|429|1|361104574123|0|234|29|22991|
3611038028|세종특별자치시||전동면|청람리|0|429|3|361104574123|0|234|29|22992|
3611038028|세종특별자치시||전동면|청람리|0|429|4|361104574123|0|234|29|22993|
3611038028|세종특별자치시||전동면|청람리|0|429|6|361104574123|0|234|29|22994|
3611038028|세종특별자치시||전동면|청람리|0|429|7|361104574123|0|234|29|22995|
3611038028|세종특별자치시||전동면|청람리|0|429|8|361104574123|0|234|29|22996|
3611038028|세종특별자치시||전동면|청람리|0|429|9|361104574123|0|234|29|22997|
3611038028|세종특별자치시||전동면|청람리|0|429|11|361104574123|0|234|29|22998|
3611038028|세종특별자치시||전동면|청람리|0|429|12|361104574123|0|234|29|22999|
3611038028|세종특별자치시||전동면|청람리|0|429|13|361104574123|0|234|29|23000|
3611038028|세종특별자치시||전동면|청람리|0|429|14|361104574123|0|234|29|23001|
3611038028|세종특별자치시||전동면|청람리|0|429|15|361104574123|0|234|29|23002|
3611038028|세종특별자치시||전동면|청람리|0|504|12|361104574123|0|234|29|23003|
3611036028|세종특별자치시||연서면|기룡리|0|261|3|361104574124|0|1|0|15617|
3611036028|세종특별자치시||연서면|기룡리|0|713|2|361104574124|0|1|0|15618|
3611036028|세종특별자치시||연서면|기룡리|0|745|0|361104574124|0|8|0|15619|
3611036028|세종특별자치시||연서면|기룡리|0|746|0|361104574124|0|8|0|15620|
3611036028|세종특별자치시||연서면|기룡리|0|292|0|361104574124|0|28|1|15621|
3611036028|세종특별자치시||연서면|기룡리|0|292|1|361104574124|0|28|1|15622|
3611036028|세종특별자치시||연서면|기룡리|0|284|1|361104574124|0|28|4|15623|
3611036028|세종특별자치시||연서면|기룡리|0|328|4|361104574124|0|28|60|15626|
3611036028|세종특별자치시||연서면|기룡리|0|328|19|361104574124|0|28|60|23864|
3611036028|세종특별자치시||연서면|기룡리|0|295|0|361104574124|0|30|1|15627|
3611037022|세종특별자치시||전의면|동교리|0|121|0|361104574125|0|15|0|313|
3611037022|세종특별자치시||전의면|동교리|0|121|1|361104574125|0|15|0|314|
3611037022|세종특별자치시||전의면|동교리|0|68|11|361104574125|0|82|0|15628|
3611037022|세종특별자치시||전의면|동교리|0|70|2|361104574125|0|82|0|15629|
3611037028|세종특별자치시||전의면|신정리|0|518|0|361104574125|0|105|3|15630|
3611037028|세종특별자치시||전의면|신정리|0|518|4|361104574125|0|105|3|15631|
3611037028|세종특별자치시||전의면|신정리|0|517|4|361104574125|0|105|9|26540|
3611037028|세종특별자치시||전의면|신정리|0|471|2|361104574125|0|162|0|15632|
3611037028|세종특별자치시||전의면|신정리|0|193|3|361104574125|0|180|0|15633|
3611037028|세종특별자치시||전의면|신정리|0|169|4|361104574125|0|210|41|23609|
3611037028|세종특별자치시||전의면|신정리|0|187|0|361104574125|0|210|60|16166|
3611036023|세종특별자치시||연서면|성제리|0|530|0|361104574126|0|47|2|15634|
3611034024|세종특별자치시||금남면|두만리|0|337|3|361104574127|0|1|0|20779|
3611034024|세종특별자치시||금남면|두만리|0|397|8|361104574127|0|7|1|23789|
3611034024|세종특별자치시||금남면|두만리|0|359|3|361104574127|0|16|8|15635|
3611034024|세종특별자치시||금남면|두만리|0|376|1|361104574127|0|37|0|15637|
3611034024|세종특별자치시||금남면|두만리|0|372|7|361104574127|0|38|0|29660|
3611034023|세종특별자치시||금남면|감성리|0|268|8|361104574128|0|35|0|23960|
3611034024|세종특별자치시||금남면|두만리|0|100|0|361104574128|0|139|0|15638|
3611034024|세종특별자치시||금남면|두만리|0|103|2|361104574128|0|146|1|15639|
3611034031|세종특별자치시||금남면|영대리|0|369|6|361104574129|0|29|15|15640|
3611034031|세종특별자치시||금남면|영대리|1|29|6|361104574129|0|145|103|15641|
3611034031|세종특별자치시||금남면|영대리|1|29|13|361104574129|0|145|103|15642|
3611036023|세종특별자치시||연서면|성제리|0|231|1|361104574131|0|26|0|15648|
3611036023|세종특별자치시||연서면|성제리|0|230|1|361104574131|0|29|0|15649|
3611036023|세종특별자치시||연서면|성제리|0|230|8|361104574131|0|29|0|15650|
3611036023|세종특별자치시||연서면|성제리|0|235|3|361104574131|0|36|5|15651|
3611036023|세종특별자치시||연서면|성제리|0|250|2|361104574131|0|45|10|29582|
3611036023|세종특별자치시||연서면|성제리|1|49|1|361104574131|0|46|0|15653|
3611036023|세종특별자치시||연서면|성제리|0|246|1|361104574131|0|48|0|15654|
3611036024|세종특별자치시||연서면|고복리|0|11|6|361104574131|0|80|1|240|
3611036024|세종특별자치시||연서면|고복리|0|11|8|361104574131|0|80|1|241|
3611039021|세종특별자치시||소정면|소정리|0|184|3|361104574133|0|5|5|20591|
3611037021|세종특별자치시||전의면|읍내리|0|269|1|361104574135|0|10|0|15659|
3611037021|세종특별자치시||전의면|읍내리|0|251|12|361104574135|0|17|0|15660|
3611037021|세종특별자치시||전의면|읍내리|0|248|14|361104574135|0|20|0|27672|
3611037021|세종특별자치시||전의면|읍내리|0|248|19|361104574135|0|20|0|27673|
3611037021|세종특별자치시||전의면|읍내리|0|250|2|361104574135|0|20|0|27674|
3611037021|세종특별자치시||전의면|읍내리|0|250|5|361104574135|0|20|0|27675|
3611037021|세종특별자치시||전의면|읍내리|0|251|2|361104574135|0|21|1|15661|
3611034032|세종특별자치시||금남면|달전리|1|24|1|361104574136|0|29|0|15662|
3611034032|세종특별자치시||금남면|달전리|1|24|1|361104574136|0|31|0|15663|
3611032024|세종특별자치시||연동면|응암리|0|363|1|361104574137|0|3|0|15664|
3611032024|세종특별자치시||연동면|응암리|0|369|1|361104574137|0|3|0|15665|
3611032024|세종특별자치시||연동면|응암리|0|369|5|361104574137|0|3|0|15666|
3611032024|세종특별자치시||연동면|응암리|0|369|7|361104574137|0|3|0|15667|
3611032024|세종특별자치시||연동면|응암리|0|793|27|361104574137|0|3|0|15669|
3611032024|세종특별자치시||연동면|응암리|0|793|36|361104574137|0|3|0|23729|
3611032024|세종특별자치시||연동면|응암리|1|15|0|361104574137|0|8|60|15670|
3611032024|세종특별자치시||연동면|응암리|1|21|1|361104574137|0|14|0|15671|
3611032024|세종특별자치시||연동면|응암리|0|340|1|361104574137|0|30|0|15672|
3611032024|세종특별자치시||연동면|응암리|1|21|1|361104574137|0|36|8|25242|
3611032024|세종특별자치시||연동면|응암리|1|22|0|361104574137|0|36|8|25243|
3611032024|세종특별자치시||연동면|응암리|0|362|1|361104574137|0|36|8|25244|
3611039023|세종특별자치시||소정면|대곡리|0|463|17|361104574139|0|6|0|15713|
3611039023|세종특별자치시||소정면|대곡리|1|58|0|361104574139|0|34|0|15714|
3611039023|세종특별자치시||소정면|대곡리|1|58|0|361104574140|0|18|6|581|
3611025032|세종특별자치시||조치원읍|신안리|0|227|4|361104574141|0|21|0|18492|
3611025032|세종특별자치시||조치원읍|신안리|1|53|0|361104574141|0|27|0|15716|
3611032023|세종특별자치시||연동면|명학리|0|535|4|361104574142|0|18|0|21433|
3611032023|세종특별자치시||연동면|명학리|0|502|2|361104574142|0|46|2|15717|
3611032023|세종특별자치시||연동면|명학리|0|519|2|361104574142|0|46|2|15718|
3611032023|세종특별자치시||연동면|명학리|0|502|2|361104574142|0|46|4|15719|
3611032023|세종특별자치시||연동면|명학리|1|63|2|361104574142|0|48|1|15720|
3611032023|세종특별자치시||연동면|명학리|0|499|5|361104574142|0|48|1|15721|
3611032023|세종특별자치시||연동면|명학리|0|487|1|361104574142|0|53|4|217|
3611032023|세종특별자치시||연동면|명학리|0|414|1|361104574143|0|30|0|15722|
3611032023|세종특별자치시||연동면|명학리|0|414|2|361104574143|0|30|0|15723|
3611032023|세종특별자치시||연동면|명학리|0|470|2|361104574143|0|30|0|15725|
3611032023|세종특별자치시||연동면|명학리|0|313|1|361104574144|0|6|3|15726|
3611032023|세종특별자치시||연동면|명학리|0|313|3|361104574144|0|10|1|15728|
3611032023|세종특별자치시||연동면|명학리|0|309|5|361104574144|0|19|0|212|
3611032023|세종특별자치시||연동면|명학리|0|309|5|361104574144|0|22|0|15730|
3611032024|세종특별자치시||연동면|응암리|0|729|2|361104574145|0|3|0|15731|
3611032023|세종특별자치시||연동면|명학리|1|43|1|361104574145|0|11|3|220|
3611032023|세종특별자치시||연동면|명학리|0|319|8|361104574145|0|19|0|15732|
3611032023|세종특별자치시||연동면|명학리|0|324|2|361104574145|0|37|0|15733|
3611032023|세종특별자치시||연동면|명학리|0|325|8|361104574145|0|37|5|15734|
3611032023|세종특별자치시||연동면|명학리|0|315|16|361104574145|0|37|12|29295|
3611032023|세종특별자치시||연동면|명학리|0|315|14|361104574145|0|37|13|29294|
3611032023|세종특별자치시||연동면|명학리|0|346|0|361104574145|0|83|8|213|
3611032023|세종특별자치시||연동면|명학리|0|346|0|361104574145|0|83|11|15736|
3611025034|세종특별자치시||조치원읍|서창리|0|220|2|361104574147|0|8|0|15737|
3611025034|세종특별자치시||조치원읍|서창리|0|133|26|361104574149|0|11|0|19226|
3611025034|세종특별자치시||조치원읍|서창리|0|165|4|361104574149|0|26|2|15740|
3611025034|세종특별자치시||조치원읍|서창리|0|165|7|361104574149|0|26|4|166|
3611025034|세종특별자치시||조치원읍|서창리|0|165|4|361104574149|0|26|6|15741|
3611025034|세종특별자치시||조치원읍|서창리|0|165|5|361104574149|0|26|6|15742|
3611025034|세종특별자치시||조치원읍|서창리|0|239|14|361104574149|0|31|0|24741|
3611025034|세종특별자치시||조치원읍|서창리|0|220|4|361104574149|0|32|5|23969|
3611025034|세종특별자치시||조치원읍|서창리|0|220|5|361104574149|0|32|5|23970|
3611038029|세종특별자치시||전동면|미곡리|0|123|2|361104574150|0|96|25|15743|
3611038029|세종특별자치시||전동면|미곡리|0|136|0|361104574150|0|102|7|15744|
3611038026|세종특별자치시||전동면|송곡리|0|85|1|361104574151|0|28|0|15745|
3611038026|세종특별자치시||전동면|송곡리|0|70|1|361104574151|0|41|0|15746|
3611038026|세종특별자치시||전동면|송곡리|0|79|0|361104574151|0|42|7|15747|
3611038026|세종특별자치시||전동면|송곡리|0|75|7|361104574151|0|52|2|15748|
3611038026|세종특별자치시||전동면|송곡리|0|78|1|361104574151|0|52|5|15749|
3611038026|세종특별자치시||전동면|송곡리|0|57|1|361104574151|0|62|14|15750|
3611031023|세종특별자치시||연기면|눌왕리|0|236|12|361104574152|0|3|45|31820|
3611031023|세종특별자치시||연기면|눌왕리|0|186|0|361104574152|0|33|14|15751|
3611031023|세종특별자치시||연기면|눌왕리|0|183|2|361104574152|0|33|22|15753|
3611031023|세종특별자치시||연기면|눌왕리|0|182|4|361104574152|0|33|25|15754|
3611031023|세종특별자치시||연기면|눌왕리|0|157|19|361104574152|0|45|0|15755|
3611034032|세종특별자치시||금남면|달전리|0|317|2|361104574154|0|27|0|15757|
3611032027|세종특별자치시||연동면|송용리|0|988|1|361104574155|0|29|0|23741|
3611032027|세종특별자치시||연동면|송용리|0|987|2|361104574155|0|29|0|23742|
3611032027|세종특별자치시||연동면|송용리|0|975|1|361104574155|0|29|0|23743|
3611032027|세종특별자치시||연동면|송용리|0|987|0|361104574155|0|29|0|23744|
3611032022|세종특별자치시||연동면|문주리|0|38|3|361104574155|0|109|8|15758|
3611032022|세종특별자치시||연동면|문주리|0|151|0|361104574155|0|175|13|15759|
3611032022|세종특별자치시||연동면|문주리|0|113|5|361104574155|0|202|0|28210|
3611032022|세종특별자치시||연동면|문주리|1|20|12|361104574155|0|209|1|23721|
3611032022|세종특별자치시||연동면|문주리|0|106|6|361104574155|0|209|1|23722|
3611032022|세종특별자치시||연동면|문주리|0|938|7|361104574155|0|209|1|23723|
3611032022|세종특별자치시||연동면|문주리|0|106|2|361104574155|0|209|1|23724|
3611032022|세종특별자치시||연동면|문주리|0|106|5|361104574155|0|209|1|23725|
3611032022|세종특별자치시||연동면|문주리|0|106|7|361104574155|0|209|1|23726|
3611032022|세종특별자치시||연동면|문주리|0|106|3|361104574155|0|209|1|23727|
3611032022|세종특별자치시||연동면|문주리|0|109|1|361104574155|0|209|17|15760|
3611025028|세종특별자치시||조치원읍|침산리|0|220|0|361104574157|0|9|0|18102|
3611025028|세종특별자치시||조치원읍|침산리|0|226|8|361104574157|0|25|0|13767|
3611025028|세종특별자치시||조치원읍|침산리|0|284|3|361104574158|0|5|0|20234|
3611025028|세종특별자치시||조치원읍|침산리|0|284|2|361104574158|0|5|0|20235|
3611025028|세종특별자치시||조치원읍|침산리|0|284|1|361104574158|0|5|0|20236|
3611025028|세종특별자치시||조치원읍|침산리|0|270|15|361104574163|0|19|0|23349|
3611032026|세종특별자치시||연동면|예양리|0|27|3|361104574165|0|9|4|30820|
3611037028|세종특별자치시||전의면|신정리|0|489|0|361104574166|0|26|0|15765|
3611037028|세종특별자치시||전의면|신정리|0|489|3|361104574166|0|26|0|15766|
3611037028|세종특별자치시||전의면|신정리|0|489|4|361104574166|0|26|0|15767|
3611037028|세종특별자치시||전의면|신정리|0|486|26|361104574166|0|44|0|25982|
3611038029|세종특별자치시||전동면|미곡리|0|460|0|361104574166|0|117|14|15768|
3611038029|세종특별자치시||전동면|미곡리|0|471|2|361104574166|0|117|16|15769|
3611038029|세종특별자치시||전동면|미곡리|0|462|1|361104574166|0|117|16|15770|
3611038029|세종특별자치시||전동면|미곡리|0|453|5|361104574166|0|137|0|15771|
3611038029|세종특별자치시||전동면|미곡리|0|454|1|361104574166|0|137|0|15772|
3611038029|세종특별자치시||전동면|미곡리|0|421|4|361104574166|0|188|0|23942|
3611038029|세종특별자치시||전동면|미곡리|0|345|5|361104574167|0|8|0|15774|
3611038029|세종특별자치시||전동면|미곡리|0|345|19|361104574167|0|8|0|15775|
3611034033|세종특별자치시||금남면|박산리|0|218|2|361104574169|0|23|0|15783|
3611034033|세종특별자치시||금남면|박산리|0|208|8|361104574169|0|29|5|15784|
3611034033|세종특별자치시||금남면|박산리|0|205|1|361104574169|0|38|0|15785|
3611034033|세종특별자치시||금남면|박산리|1|7|0|361104574170|0|29|0|15786|
3611034022|세종특별자치시||금남면|발산리|0|221|2|361104574172|0|33|1|21791|
3611034022|세종특별자치시||금남면|발산리|0|229|4|361104574172|0|33|1|21792|
3611034022|세종특별자치시||금남면|발산리|0|409|2|361104574172|0|33|1|21793|
3611034022|세종특별자치시||금남면|발산리|0|225|4|361104574172|0|49|0|15788|
3611034022|세종특별자치시||금남면|발산리|0|271|1|361104574172|0|52|0|27320|
3611034022|세종특별자치시||금남면|발산리|0|279|4|361104574173|0|17|0|15789|
3611034022|세종특별자치시||금남면|발산리|0|279|1|361104574173|0|17|0|15790|
3611034022|세종특별자치시||금남면|발산리|0|5|4|361104574173|0|19|57|15793|
3611034022|세종특별자치시||금남면|발산리|0|38|3|361104574173|0|19|57|15794|
3611034022|세종특별자치시||금남면|발산리|0|38|7|361104574173|0|19|57|15795|
3611034022|세종특별자치시||금남면|발산리|0|40|1|361104574173|0|19|57|15796|
3611034022|세종특별자치시||금남면|발산리|0|41|7|361104574173|0|19|57|15797|
3611034022|세종특별자치시||금남면|발산리|0|43|0|361104574173|0|19|57|15798|
3611034022|세종특별자치시||금남면|발산리|0|404|0|361104574173|0|19|57|15799|
3611034022|세종특별자치시||금남면|발산리|0|472|1|361104574173|0|19|57|15800|
3611034022|세종특별자치시||금남면|발산리|0|39|3|361104574173|0|19|57|15801|
3611034022|세종특별자치시||금남면|발산리|0|40|0|361104574173|0|33|10|15802|
3611034022|세종특별자치시||금남면|발산리|0|83|1|361104574173|0|43|0|15803|
3611036031|세종특별자치시||연서면|와촌리|0|246|6|361104574175|0|5|4|15805|
3611036031|세종특별자치시||연서면|와촌리|0|246|10|361104574175|0|5|4|15806|
3611036032|세종특별자치시||연서면|부동리|0|181|6|361104574175|0|5|54|15807|
3611036031|세종특별자치시||연서면|와촌리|0|257|0|361104574175|0|6|33|15808|
3611036031|세종특별자치시||연서면|와촌리|0|261|2|361104574175|0|6|33|15809|
3611036031|세종특별자치시||연서면|와촌리|0|261|3|361104574175|0|6|33|15810|
3611036031|세종특별자치시||연서면|와촌리|0|266|1|361104574175|0|46|0|15811|
3611036031|세종특별자치시||연서면|와촌리|0|275|2|361104574175|0|55|8|15813|
3611036031|세종특별자치시||연서면|와촌리|0|311|2|361104574175|0|81|13|15815|
3611036031|세종특별자치시||연서면|와촌리|0|355|1|361104574175|0|82|20|15816|
3611036031|세종특별자치시||연서면|와촌리|0|339|1|361104574175|0|113|0|15817|
3611036031|세종특별자치시||연서면|와촌리|0|344|3|361104574175|0|119|0|15818|
3611036031|세종특별자치시||연서면|와촌리|0|926|3|361104574175|0|161|40|15819|
3611036031|세종특별자치시||연서면|와촌리|0|926|1|361104574175|0|161|40|15820|
3611036031|세종특별자치시||연서면|와촌리|0|926|0|361104574175|0|161|40|15821|
3611036031|세종특별자치시||연서면|와촌리|0|93|16|361104574176|0|35|7|23115|
3611036031|세종특별자치시||연서면|와촌리|0|64|0|361104574176|0|42|8|22409|
3611036031|세종특별자치시||연서면|와촌리|0|616|0|361104574176|0|92|0|15824|
3611036031|세종특별자치시||연서면|와촌리|0|1267|0|361104574176|0|92|1|15825|
3611025027|세종특별자치시||조치원읍|남리|0|103|61|361104574178|0|8|0|15830|
3611025027|세종특별자치시||조치원읍|남리|0|181|1|361104574178|0|8|0|15831|
3611025027|세종특별자치시||조치원읍|남리|0|181|4|361104574178|0|8|0|15832|
3611025027|세종특별자치시||조치원읍|남리|0|167|3|361104574178|0|8|0|15833|
3611025027|세종특별자치시||조치원읍|남리|0|232|16|361104574178|0|8|0|15834|
3611025027|세종특별자치시||조치원읍|남리|0|180|2|361104574178|0|8|0|15835|
3611025027|세종특별자치시||조치원읍|남리|0|181|3|361104574178|0|8|0|15836|
3611025027|세종특별자치시||조치원읍|남리|0|180|0|361104574178|0|8|0|15837|
3611025027|세종특별자치시||조치원읍|남리|0|186|1|361104574178|0|8|0|15838|
3611025027|세종특별자치시||조치원읍|남리|0|176|3|361104574178|0|8|0|15839|
3611025027|세종특별자치시||조치원읍|남리|0|232|17|361104574178|0|8|0|15840|
3611025027|세종특별자치시||조치원읍|남리|0|103|65|361104574178|0|8|0|15841|
3611025027|세종특별자치시||조치원읍|남리|0|179|3|361104574178|0|8|0|15842|
3611025027|세종특별자치시||조치원읍|남리|0|172|2|361104574178|0|8|0|15843|
3611025027|세종특별자치시||조치원읍|남리|0|182|0|361104574178|0|8|0|15844|
3611025027|세종특별자치시||조치원읍|남리|0|182|1|361104574178|0|8|0|15845|
3611025027|세종특별자치시||조치원읍|남리|0|180|1|361104574178|0|8|0|15846|
3611025027|세종특별자치시||조치원읍|남리|0|181|2|361104574178|0|8|0|15847|
3611025027|세종특별자치시||조치원읍|남리|0|178|0|361104574178|0|8|0|15848|
3611025027|세종특별자치시||조치원읍|남리|0|172|0|361104574178|0|8|0|15849|
3611025027|세종특별자치시||조치원읍|남리|0|179|2|361104574178|0|8|0|15850|
3611025027|세종특별자치시||조치원읍|남리|0|172|1|361104574178|0|8|0|15851|
3611025027|세종특별자치시||조치원읍|남리|0|186|0|361104574178|0|8|0|15852|
3611025027|세종특별자치시||조치원읍|남리|0|84|8|361104574178|0|42|1|64|
3611025027|세종특별자치시||조치원읍|남리|0|176|2|361104574178|0|64|0|29231|
3611038023|세종특별자치시||전동면|청송리|0|167|6|361104574179|0|31|0|15853|
3611038023|세종특별자치시||전동면|청송리|0|167|16|361104574179|0|31|0|15854|
3611038023|세종특별자치시||전동면|청송리|0|167|12|361104574179|0|31|0|15855|
3611038023|세종특별자치시||전동면|청송리|0|167|4|361104574179|0|45|0|15856|
3611038023|세종특별자치시||전동면|청송리|0|204|0|361104574179|0|45|0|15857|
3611038023|세종특별자치시||전동면|청송리|0|167|10|361104574179|0|45|0|15858|
3611038023|세종특별자치시||전동면|청송리|0|228|2|361104574179|0|69|1|15859|
3611038023|세종특별자치시||전동면|청송리|0|222|1|361104574179|0|69|21|15860|
3611038023|세종특별자치시||전동면|청송리|0|11|2|361104574179|0|90|41|18697|
3611038023|세종특별자치시||전동면|청송리|0|6|0|361104574179|0|90|43|15861|
3611038023|세종특별자치시||전동면|청송리|0|10|0|361104574179|0|90|43|15862|
3611038023|세종특별자치시||전동면|청송리|0|3|6|361104574179|0|90|43|15863|
3611025029|세종특별자치시||조치원읍|신흥리|0|167|33|361104574181|0|15|0|24064|
3611025029|세종특별자치시||조치원읍|신흥리|0|167|13|361104574181|0|18|0|15864|
3611025029|세종특별자치시||조치원읍|신흥리|0|166|3|361104574181|0|31|0|111|
3611037030|세종특별자치시||전의면|신방리|0|354|3|361104574183|0|39|0|334|
3611037030|세종특별자치시||전의면|신방리|0|354|2|361104574183|0|45|0|15871|
3611037030|세종특별자치시||전의면|신방리|0|304|6|361104574183|0|55|1|15872|
3611037030|세종특별자치시||전의면|신방리|0|524|0|361104574183|0|55|1|15873|
3611037030|세종특별자치시||전의면|신방리|0|305|1|361104574183|0|55|4|332|
3611037030|세종특별자치시||전의면|신방리|0|299|7|361104574183|0|69|0|426|
3611037030|세종특별자치시||전의면|신방리|0|296|3|361104574183|0|77|0|15874|
3611037030|세종특별자치시||전의면|신방리|0|296|1|361104574183|0|77|0|15875|
3611025031|세종특별자치시||조치원읍|번암리|0|114|9|361104574184|0|2|0|15876|
3611025031|세종특별자치시||조치원읍|번암리|0|121|8|361104574184|0|2|0|15877|
3611025031|세종특별자치시||조치원읍|번암리|0|142|9|361104574184|0|2|0|15878|
3611025031|세종특별자치시||조치원읍|번암리|0|142|10|361104574184|0|2|0|15879|
3611025031|세종특별자치시||조치원읍|번암리|0|120|2|361104574184|0|2|0|15880|
3611025031|세종특별자치시||조치원읍|번암리|0|115|4|361104574184|0|7|0|15881|
3611025031|세종특별자치시||조치원읍|번암리|0|114|5|361104574184|0|7|0|15882|
3611025031|세종특별자치시||조치원읍|번암리|0|152|0|361104574184|0|16|0|15883|
3611025031|세종특별자치시||조치원읍|번암리|0|226|2|361104574184|0|16|0|15884|
3611025031|세종특별자치시||조치원읍|번암리|0|40|6|361104574184|0|21|0|15886|
3611025031|세종특별자치시||조치원읍|번암리|0|142|2|361104574185|0|2|0|27480|
3611025031|세종특별자치시||조치원읍|번암리|0|175|5|361104574185|0|31|0|15887|
3611025031|세종특별자치시||조치원읍|번암리|0|2|4|361104574185|0|51|1|15888|
3611025031|세종특별자치시||조치원읍|번암리|0|213|8|361104574186|0|16|2|20523|
3611025031|세종특별자치시||조치원읍|번암리|0|217|2|361104574186|0|20|3|15891|
3611025031|세종특별자치시||조치원읍|번암리|0|205|17|361104574187|0|6|4|24960|
3611025031|세종특별자치시||조치원읍|번암리|0|199|5|361104574187|0|12|0|15892|
3611025031|세종특별자치시||조치원읍|번암리|0|211|1|361104574188|0|14|0|15893|
3611025031|세종특별자치시||조치원읍|번암리|0|223|10|361104574188|0|29|4|25146|
3611025031|세종특별자치시||조치원읍|번암리|0|223|9|361104574188|0|31|0|25147|
3611025031|세종특별자치시||조치원읍|번암리|0|223|8|361104574188|0|31|0|25148|
3611025031|세종특별자치시||조치원읍|번암리|0|224|6|361104574188|0|33|0|25145|
3611036031|세종특별자치시||연서면|와촌리|0|520|0|361104574189|0|1|10|15894|
3611036031|세종특별자치시||연서면|와촌리|0|674|0|361104574189|0|25|0|15895|
3611036031|세종특별자치시||연서면|와촌리|0|671|0|361104574189|0|32|1|15896|
3611036031|세종특별자치시||연서면|와촌리|0|709|4|361104574189|0|35|17|15897|
3611036031|세종특별자치시||연서면|와촌리|0|714|0|361104574189|0|35|17|15898|
3611036031|세종특별자치시||연서면|와촌리|0|719|1|361104574189|0|35|17|15899|
3611036031|세종특별자치시||연서면|와촌리|0|720|0|361104574189|0|35|17|15900|
3611036031|세종특별자치시||연서면|와촌리|0|720|1|361104574189|0|35|17|15901|
3611036031|세종특별자치시||연서면|와촌리|0|676|0|361104574189|0|36|0|15902|
3611036031|세종특별자치시||연서면|와촌리|0|679|2|361104574189|0|36|0|15903|
3611036031|세종특별자치시||연서면|와촌리|0|683|0|361104574189|0|41|1|15904|
3611036031|세종특별자치시||연서면|와촌리|0|685|1|361104574189|0|41|3|15905|
3611036031|세종특별자치시||연서면|와촌리|0|691|1|361104574189|0|41|6|15906|
3611036031|세종특별자치시||연서면|와촌리|0|693|2|361104574189|0|41|6|15907|
3611036031|세종특별자치시||연서면|와촌리|0|693|3|361104574189|0|41|6|15908|
3611036031|세종특별자치시||연서면|와촌리|0|656|2|361104574189|0|41|20|15909|
3611036031|세종특별자치시||연서면|와촌리|0|691|1|361104574189|0|45|0|15910|
3611036031|세종특별자치시||연서면|와촌리|0|691|2|361104574189|0|45|0|15911|
3611036031|세종특별자치시||연서면|와촌리|0|666|1|361104574189|0|47|1|15912|
3611036031|세종특별자치시||연서면|와촌리|0|666|1|361104574189|0|49|0|15913|
3611025027|세종특별자치시||조치원읍|남리|0|311|0|361104574190|0|11|0|15914|
3611025027|세종특별자치시||조치원읍|남리|0|319|0|361104574190|0|11|0|15915|
3611025027|세종특별자치시||조치원읍|남리|0|431|0|361104574190|0|30|0|74|
3611025027|세종특별자치시||조치원읍|남리|0|434|0|361104574190|0|30|0|75|
3611025027|세종특별자치시||조치원읍|남리|0|344|0|361104574191|0|5|0|15916|
3611025027|세종특별자치시||조치원읍|남리|0|353|0|361104574191|0|7|0|18820|
3611036026|세종특별자치시||연서면|쌍류리|0|360|2|361104574192|0|45|0|15917|
3611036026|세종특별자치시||연서면|쌍류리|0|360|1|361104574192|0|45|0|15918|
3611036026|세종특별자치시||연서면|쌍류리|0|379|3|361104574192|0|76|0|15919|
3611036026|세종특별자치시||연서면|쌍류리|0|375|3|361104574192|0|80|3|15920|
3611036026|세종특별자치시||연서면|쌍류리|0|426|2|361104574192|0|80|7|15921|
3611036026|세종특별자치시||연서면|쌍류리|0|426|2|361104574192|0|80|9|15922|
3611036026|세종특별자치시||연서면|쌍류리|0|426|1|361104574192|0|80|19|15923|
3611031021|세종특별자치시||연기면|연기리|0|70|12|361104574198|0|1|0|15924|
3611031021|세종특별자치시||연기면|연기리|0|71|0|361104574198|0|1|0|15925|
3611031021|세종특별자치시||연기면|연기리|0|139|1|361104574198|0|1|0|15926|
3611031021|세종특별자치시||연기면|연기리|0|139|3|361104574198|0|1|0|15927|
3611031022|세종특별자치시||연기면|보통리|0|149|0|361104574198|0|72|0|26530|
3611031022|세종특별자치시||연기면|보통리|0|150|0|361104574198|0|74|0|26537|
3611031022|세종특별자치시||연기면|보통리|0|129|1|361104574198|0|77|0|15930|
3611031022|세종특별자치시||연기면|보통리|0|129|4|361104574198|0|77|0|15931|
3611031022|세종특별자치시||연기면|보통리|0|129|14|361104574198|0|77|0|15932|
3611031022|세종특별자치시||연기면|보통리|0|129|5|361104574198|0|77|0|15933|
3611031022|세종특별자치시||연기면|보통리|0|129|15|361104574198|0|77|0|15934|
3611031022|세종특별자치시||연기면|보통리|0|464|0|361104574198|0|84|24|18380|
3611031022|세종특별자치시||연기면|보통리|0|487|1|361104574198|0|84|37|29284|
3611031022|세종특별자치시||연기면|보통리|0|485|0|361104574198|0|84|40|18381|
3611031022|세종특별자치시||연기면|보통리|0|18|2|361104574198|0|107|0|15935|
3611031022|세종특별자치시||연기면|보통리|0|17|0|361104574198|0|115|0|15936|
3611031022|세종특별자치시||연기면|보통리|0|19|0|361104574198|0|115|0|15937|
3611031022|세종특별자치시||연기면|보통리|0|130|0|361104574199|0|1|0|15940|
3611031022|세종특별자치시||연기면|보통리|0|154|3|361104574199|0|1|0|15941|
3611031022|세종특별자치시||연기면|보통리|0|155|0|361104574199|0|11|0|15942|
3611031022|세종특별자치시||연기면|보통리|0|164|0|361104574199|0|31|7|15943|
3611031022|세종특별자치시||연기면|보통리|0|181|1|361104574199|0|31|14|15944|
3611031022|세종특별자치시||연기면|보통리|0|174|0|361104574199|0|31|16|15945|
3611031022|세종특별자치시||연기면|보통리|0|179|1|361104574199|0|31|17|15946|
3611031022|세종특별자치시||연기면|보통리|0|180|2|361104574199|0|31|17|15947|
3611031022|세종특별자치시||연기면|보통리|1|184|6|361104574200|0|13|10|20649|
3611031022|세종특별자치시||연기면|보통리|0|182|1|361104574200|0|19|0|15949|
3611031022|세종특별자치시||연기면|보통리|0|394|0|361104574200|0|55|0|15950|
3611036024|세종특별자치시||연서면|고복리|0|470|3|361104574201|0|6|9|27440|
3611036024|세종특별자치시||연서면|고복리|1|49|0|361104574201|0|15|6|15969|
3611036024|세종특별자치시||연서면|고복리|0|469|2|361104574201|0|21|5|15970|
3611036024|세종특별자치시||연서면|고복리|0|469|1|361104574201|0|21|7|15971|
3611036024|세종특별자치시||연서면|고복리|0|468|1|361104574201|0|24|0|29781|
3611036024|세종특별자치시||연서면|고복리|0|460|16|361104574201|0|27|13|28243|
3611036024|세종특별자치시||연서면|고복리|0|456|2|361104574201|0|45|17|15972|
3611038022|세종특별자치시||전동면|봉대리|0|253|3|361104574203|0|88|0|15978|
3611038022|세종특별자치시||전동면|봉대리|0|253|7|361104574203|0|89|1|15979|
3611038022|세종특별자치시||전동면|봉대리|0|253|5|361104574203|0|93|0|15980|
3611038022|세종특별자치시||전동면|봉대리|0|141|6|361104574204|0|7|0|349|
3611038022|세종특별자치시||전동면|봉대리|0|141|5|361104574204|0|7|0|350|
3611038022|세종특별자치시||전동면|봉대리|0|112|4|361104574204|0|10|4|23920|
3611038022|세종특별자치시||전동면|봉대리|0|111|1|361104574204|0|10|4|23921|
3611038022|세종특별자치시||전동면|봉대리|1|18|1|361104574204|0|10|4|23922|
3611025033|세종특별자치시||조치원읍|봉산리|0|207|2|361104574205|0|6|0|24697|
3611025033|세종특별자치시||조치원읍|봉산리|0|224|0|361104574205|0|30|0|16008|
3611025033|세종특별자치시||조치원읍|봉산리|0|263|0|361104574206|0|14|0|16009|
3611025033|세종특별자치시||조치원읍|봉산리|0|257|3|361104574206|0|34|0|24182|
3611025033|세종특별자치시||조치원읍|봉산리|0|279|3|361104574207|0|19|0|150|
3611025033|세종특별자치시||조치원읍|봉산리|0|357|0|361104574207|0|20|0|16010|
3611025033|세종특별자치시||조치원읍|봉산리|0|279|3|361104574207|0|27|0|16011|
3611025032|세종특별자치시||조치원읍|신안리|0|441|1|361104574208|0|117|0|16012|
3611036033|세종특별자치시||연서면|봉암리|0|208|6|361104574209|0|8|0|16013|
3611036033|세종특별자치시||연서면|봉암리|0|573|7|361104574209|0|12|0|24520|
3611036033|세종특별자치시||연서면|봉암리|0|200|7|361104574209|0|12|0|24521|
3611036033|세종특별자치시||연서면|봉암리|0|199|7|361104574209|0|18|0|24565|
3611036033|세종특별자치시||연서면|봉암리|0|230|17|361104574209|0|19|1|16015|
3611036033|세종특별자치시||연서면|봉암리|0|199|4|361104574209|0|22|0|23900|
3611036033|세종특별자치시||연서면|봉암리|0|722|1|361104574209|0|22|0|23901|
3611036033|세종특별자치시||연서면|봉암리|0|607|14|361104574209|0|22|0|23902|
3611036033|세종특별자치시||연서면|봉암리|0|607|13|361104574209|0|22|0|23903|
3611036033|세종특별자치시||연서면|봉암리|0|607|4|361104574209|0|22|0|23904|
3611036033|세종특별자치시||연서면|봉암리|0|199|6|361104574209|0|22|0|23905|
3611036033|세종특별자치시||연서면|봉암리|0|607|7|361104574209|0|22|0|23906|
3611036033|세종특별자치시||연서면|봉암리|0|607|2|361104574209|0|22|0|23907|
3611036033|세종특별자치시||연서면|봉암리|0|591|1|361104574209|0|37|0|16016|
3611036033|세종특별자치시||연서면|봉암리|0|618|9|361104574209|0|38|0|23908|
3611036033|세종특별자치시||연서면|봉암리|0|540|5|361104574209|0|38|0|23910|
3611036033|세종특별자치시||연서면|봉암리|0|619|0|361104574209|0|38|0|23911|
3611036033|세종특별자치시||연서면|봉암리|0|618|8|361104574209|0|38|0|23912|
3611036033|세종특별자치시||연서면|봉암리|0|564|0|361104574209|0|57|6|16018|
3611036033|세종특별자치시||연서면|봉암리|0|578|1|361104574209|0|69|9|16019|
3611036033|세종특별자치시||연서면|봉암리|0|495|0|361104574209|0|77|0|16020|
3611036033|세종특별자치시||연서면|봉암리|0|487|0|361104574209|0|77|2|16021|
3611036033|세종특별자치시||연서면|봉암리|0|483|0|361104574209|0|77|20|16022|
3611036033|세종특별자치시||연서면|봉암리|0|484|6|361104574209|0|77|20|16023|
3611036033|세종특별자치시||연서면|봉암리|0|496|1|361104574209|0|78|0|23397|
3611036033|세종특별자치시||연서면|봉암리|0|507|7|361104574209|0|78|0|23899|
3611036033|세종특별자치시||연서면|봉암리|0|458|1|361104574209|0|79|4|16025|
3611036033|세종특별자치시||연서면|봉암리|0|457|3|361104574209|0|81|0|16026|
3611036033|세종특별자치시||연서면|봉암리|0|457|2|361104574209|0|87|0|16027|
3611036033|세종특별자치시||연서면|봉암리|0|452|0|361104574209|0|88|0|24586|
3611036033|세종특별자치시||연서면|봉암리|0|466|3|361104574209|0|95|0|21692|
3611036033|세종특별자치시||연서면|봉암리|0|470|1|361104574209|0|99|0|265|
3611036033|세종특별자치시||연서면|봉암리|0|481|12|361104574209|0|119|1|16028|
3611036033|세종특별자치시||연서면|봉암리|0|584|3|361104574209|0|119|9|16029|
3611036033|세종특별자치시||연서면|봉암리|0|230|72|361104574209|0|135|0|23888|
3611036033|세종특별자치시||연서면|봉암리|0|230|39|361104574209|0|135|0|23889|
3611036033|세종특별자치시||연서면|봉암리|0|230|4|361104574209|0|135|0|23890|
3611036033|세종특별자치시||연서면|봉암리|0|230|69|361104574209|0|135|0|23891|
3611036033|세종특별자치시||연서면|봉암리|0|230|68|361104574209|0|135|0|23892|
3611036033|세종특별자치시||연서면|봉암리|0|229|20|361104574209|0|144|16|23893|
3611036033|세종특별자치시||연서면|봉암리|0|230|13|361104574209|0|144|16|23894|
3611036033|세종특별자치시||연서면|봉암리|0|234|53|361104574209|0|144|16|23895|
3611036033|세종특별자치시||연서면|봉암리|0|229|7|361104574209|0|144|16|23896|
3611036033|세종특별자치시||연서면|봉암리|0|234|15|361104574209|0|144|16|23897|
3611036033|세종특별자치시||연서면|봉암리|0|229|26|361104574209|0|144|16|23898|
3611036033|세종특별자치시||연서면|봉암리|0|229|7|361104574209|0|144|20|16030|
3611036033|세종특별자치시||연서면|봉암리|0|229|13|361104574209|0|144|26|16031|
3611036033|세종특별자치시||연서면|봉암리|0|230|27|361104574209|0|145|9|16032|
3611036033|세종특별자치시||연서면|봉암리|0|230|26|361104574209|0|145|9|16033|
3611036033|세종특별자치시||연서면|봉암리|0|215|16|361104574209|0|146|3|24017|
3611036033|세종특별자치시||연서면|봉암리|0|221|2|361104574209|0|146|4|16034|
3611036033|세종특별자치시||연서면|봉암리|0|214|17|361104574209|0|146|7|24016|
3611036033|세종특별자치시||연서면|봉암리|0|54|108|361104574209|0|146|11|24015|
3611036033|세종특별자치시||연서면|봉암리|0|215|14|361104574209|0|148|0|24011|
3611036033|세종특별자치시||연서면|봉암리|0|620|127|361104574210|0|14|0|23913|
3611036033|세종특별자치시||연서면|봉암리|0|620|27|361104574210|0|14|0|23914|
3611036033|세종특별자치시||연서면|봉암리|0|620|99|361104574210|0|18|0|16035|
3611036033|세종특별자치시||연서면|봉암리|0|620|88|361104574210|0|19|0|16036|
3611036033|세종특별자치시||연서면|봉암리|0|620|44|361104574210|0|27|3|24377|
3611036033|세종특별자치시||연서면|봉암리|0|620|43|361104574210|0|27|5|24375|
3611034026|세종특별자치시||금남면|축산리|0|171|0|361104574211|0|34|2|16038|
3611034026|세종특별자치시||금남면|축산리|0|90|0|361104574211|0|58|0|16041|
3611037033|세종특별자치시||전의면|달전리|0|438|2|361104574212|0|52|0|28141|
3611037033|세종특별자치시||전의면|달전리|0|165|3|361104574212|0|118|0|16045|
3611037033|세종특별자치시||전의면|달전리|0|427|0|361104574212|0|118|0|16046|
3611037033|세종특별자치시||전의면|달전리|0|159|2|361104574212|0|135|11|27080|
3611037033|세종특별자치시||전의면|달전리|0|152|4|361104574212|0|167|0|16047|
3611037033|세종특별자치시||전의면|달전리|0|175|1|361104574212|0|174|7|23919|
3611037033|세종특별자치시||전의면|달전리|0|179|4|361104574212|0|174|20|16048|
3611037033|세종특별자치시||전의면|달전리|0|147|8|361104574212|0|177|0|20913|
3611037033|세종특별자치시||전의면|달전리|0|174|6|361104574212|0|178|0|23171|
3611037033|세종특별자치시||전의면|달전리|0|146|2|361104574212|0|180|0|23170|
3611036021|세종특별자치시||연서면|월하리|0|1154|2|361104574213|0|63|16|16050|
3611036021|세종특별자치시||연서면|월하리|0|1113|4|361104574213|0|66|0|16051|
3611036032|세종특별자치시||연서면|부동리|0|54|5|361104574214|0|8|11|16052|
3611036032|세종특별자치시||연서면|부동리|0|226|1|361104574214|0|20|0|262|
3611036032|세종특별자치시||연서면|부동리|0|240|0|361104574214|0|20|0|263|
3611036031|세종특별자치시||연서면|와촌리|0|36|2|361104574214|0|89|0|16057|
3611036030|세종특별자치시||연서면|국촌리|0|172|29|361104574214|0|126|0|16058|
3611036030|세종특별자치시||연서면|국촌리|0|172|30|361104574214|0|126|0|16059|
3611036030|세종특별자치시||연서면|국촌리|0|166|26|361104574214|0|144|15|21655|
3611036030|세종특별자치시||연서면|국촌리|0|165|3|361104574214|0|144|38|16060|
3611036030|세종특별자치시||연서면|국촌리|0|313|2|361104574214|0|171|46|16061|
3611036030|세종특별자치시||연서면|국촌리|0|313|2|361104574214|0|171|48|16062|
3611036030|세종특별자치시||연서면|국촌리|1|52|0|361104574214|0|171|50|16063|
3611037021|세종특별자치시||전의면|읍내리|0|199|10|361104574217|0|17|0|16071|
3611037021|세종특별자치시||전의면|읍내리|0|173|2|361104574218|0|5|0|16072|
3611037021|세종특별자치시||전의면|읍내리|0|149|8|361104574218|0|5|9|24822|
3611037021|세종특별자치시||전의면|읍내리|0|189|20|361104574218|0|19|0|25300|
3611037021|세종특별자치시||전의면|읍내리|0|201|8|361104574219|0|14|0|24729|
3611037021|세종특별자치시||전의면|읍내리|0|201|18|361104574219|0|14|0|24730|
3611037021|세종특별자치시||전의면|읍내리|0|201|17|361104574219|0|14|1|24731|
3611037021|세종특별자치시||전의면|읍내리|0|194|1|361104574219|0|19|13|16073|
3611036029|세종특별자치시||연서면|신대리|0|600|0|361104574220|0|10|0|16075|
3611038031|세종특별자치시||전동면|심중리|0|343|9|361104574221|0|17|2|16078|
3611038031|세종특별자치시||전동면|심중리|0|356|4|361104574221|0|21|0|16079|
3611038031|세종특별자치시||전동면|심중리|0|361|1|361104574221|0|33|10|16081|
3611038031|세종특별자치시||전동면|심중리|0|361|2|361104574221|0|33|10|16082|
3611038031|세종특별자치시||전동면|심중리|0|366|2|361104574221|0|33|35|16083|
3611038031|세종특별자치시||전동면|심중리|0|366|4|361104574221|0|33|35|16084|
3611038031|세종특별자치시||전동면|심중리|0|368|1|361104574221|0|65|0|16086|
3611038031|세종특별자치시||전동면|심중리|0|97|0|361104574225|0|17|0|16090|
3611038031|세종특별자치시||전동면|심중리|1|10|1|361104574225|0|49|0|16096|
3611037023|세종특별자치시||전의면|서정리|0|63|3|361104574226|0|26|0|16097|
3611037035|세종특별자치시||전의면|다방리|0|123|0|361104574227|0|22|0|16098|
3611037035|세종특별자치시||전의면|다방리|0|125|0|361104574227|0|26|0|16099|
3611037035|세종특별자치시||전의면|다방리|0|163|1|361104574227|0|30|9|16100|
3611037035|세종특별자치시||전의면|다방리|0|47|1|361104574227|0|30|20|16101|
3611037035|세종특별자치시||전의면|다방리|0|48|0|361104574227|0|30|20|16102|
3611037035|세종특별자치시||전의면|다방리|0|162|4|361104574227|0|32|2|16104|
3611037025|세종특별자치시||전의면|신흥리|0|84|6|361104574228|0|31|0|16105|
3611037027|세종특별자치시||전의면|관정리|0|259|2|361104574230|0|3|7|26485|
3611037027|세종특별자치시||전의면|관정리|0|259|14|361104574230|0|3|7|26486|
3611037027|세종특별자치시||전의면|관정리|0|262|11|361104574230|0|3|7|26487|
3611037027|세종특별자치시||전의면|관정리|0|259|13|361104574230|0|3|9|26488|
3611037027|세종특별자치시||전의면|관정리|0|262|8|361104574230|0|3|9|26489|
3611037027|세종특별자치시||전의면|관정리|0|259|8|361104574230|0|3|11|26490|
3611037027|세종특별자치시||전의면|관정리|0|262|9|361104574230|0|3|11|26491|
3611037028|세종특별자치시||전의면|신정리|0|623|1|361104574230|0|220|0|25142|
3611037028|세종특별자치시||전의면|신정리|0|624|0|361104574230|0|220|0|25143|
3611037028|세종특별자치시||전의면|신정리|0|623|0|361104574230|0|220|0|25144|
3611025030|세종특별자치시||조치원읍|죽림리|0|98|12|361104574231|0|3|0|24013|
3611025030|세종특별자치시||조치원읍|죽림리|0|98|9|361104574231|0|3|0|24014|
3611025030|세종특별자치시||조치원읍|죽림리|0|158|0|361104574232|0|7|0|16107|
3611025030|세종특별자치시||조치원읍|죽림리|0|219|24|361104574233|0|7|0|25031|
3611025030|세종특별자치시||조치원읍|죽림리|0|219|27|361104574233|0|9|10|25030|
3611025030|세종특별자치시||조치원읍|죽림리|0|65|3|361104574233|0|35|1|16109|
3611025030|세종특별자치시||조치원읍|죽림리|0|98|23|361104574236|0|12|4|20192|
3611025027|세종특별자치시||조치원읍|남리|0|414|0|361104574237|0|47|0|71|
3611025027|세종특별자치시||조치원읍|남리|0|415|1|361104574237|0|49|0|72|
3611025026|세종특별자치시||조치원읍|명리|0|38|2|361104574239|0|161|0|16111|
3611025026|세종특별자치시||조치원읍|명리|0|39|15|361104574239|0|161|3|16112|
3611025026|세종특별자치시||조치원읍|명리|0|29|0|361104574239|0|176|1|45|
3611025026|세종특별자치시||조치원읍|명리|0|25|9|361104574239|0|176|1|46|
3611036029|세종특별자치시||연서면|신대리|0|596|0|361104574240|0|11|0|16114|
3611037024|세종특별자치시||전의면|원성리|0|168|1|361104574242|0|40|22|16116|
3611037024|세종특별자치시||전의면|원성리|0|183|3|361104574242|0|52|30|17920|
3611037024|세종특별자치시||전의면|원성리|0|182|1|361104574242|0|52|30|17921|
3611037024|세종특별자치시||전의면|원성리|0|183|11|361104574242|0|52|30|17922|
3611037024|세종특별자치시||전의면|원성리|0|183|4|361104574242|0|52|30|17923|
3611037024|세종특별자치시||전의면|원성리|0|182|0|361104574242|0|52|32|16117|
3611037024|세종특별자치시||전의면|원성리|0|183|2|361104574242|0|52|32|16118|
3611037024|세종특별자치시||전의면|원성리|0|183|6|361104574242|0|52|32|16119|
3611037024|세종특별자치시||전의면|원성리|0|168|3|361104574242|0|53|0|23644|
3611037024|세종특별자치시||전의면|원성리|0|312|11|361104574242|0|55|0|24720|
3611037024|세종특별자치시||전의면|원성리|0|196|0|361104574242|0|92|0|16120|
3611037024|세종특별자치시||전의면|원성리|0|200|1|361104574242|0|92|0|16121|
3611037031|세종특별자치시||전의면|영당리|0|242|1|361104574242|0|106|0|18483|
3611037031|세종특별자치시||전의면|영당리|0|243|14|361104574242|0|106|0|18484|
3611037031|세종특별자치시||전의면|영당리|0|245|1|361104574242|0|106|0|18485|
3611037024|세종특별자치시||전의면|원성리|0|189|1|361104574242|0|106|0|18486|
3611038023|세종특별자치시||전동면|청송리|0|140|2|361104574244|0|16|0|16122|
3611038023|세종특별자치시||전동면|청송리|1|21|20|361104574244|0|24|0|16123|
3611038023|세종특별자치시||전동면|청송리|1|21|47|361104574244|0|26|0|24642|
3611038023|세종특별자치시||전동면|청송리|0|159|0|361104574244|0|46|0|16125|
3611037022|세종특별자치시||전의면|동교리|0|130|1|361104574245|0|57|7|20269|
3611037022|세종특별자치시||전의면|동교리|0|58|2|361104574245|0|78|0|23651|
3611038021|세종특별자치시||전동면|노장리|0|519|1|361104574247|0|13|0|16129|
3611038021|세종특별자치시||전동면|노장리|0|535|1|361104574247|0|17|6|16130|
3611038021|세종특별자치시||전동면|노장리|0|677|22|361104574247|0|24|8|16131|
3611038021|세종특별자치시||전동면|노장리|0|536|1|361104574247|0|25|5|16132|
3611038021|세종특별자치시||전동면|노장리|0|268|0|361104574247|0|27|0|16133|
3611038021|세종특별자치시||전동면|노장리|0|265|1|361104574247|0|33|3|30980|
3611037027|세종특별자치시||전의면|관정리|0|191|3|361104574248|0|33|0|16136|
3611037027|세종특별자치시||전의면|관정리|0|191|8|361104574248|0|33|0|16137|
3611025022|세종특별자치시||조치원읍|상리|0|68|11|361104574250|0|32|0|18|
3611025022|세종특별자치시||조치원읍|상리|0|67|5|361104574250|0|34|0|16139|
3611038024|세종특별자치시||전동면|석곡리|0|256|1|361104574251|0|86|7|16141|
3611038024|세종특별자치시||전동면|석곡리|0|253|0|361104574251|0|86|21|16142|
3611038024|세종특별자치시||전동면|석곡리|0|252|6|361104574251|0|86|22|16143|
3611038024|세종특별자치시||전동면|석곡리|0|252|2|361104574251|0|86|22|16144|
3611038024|세종특별자치시||전동면|석곡리|0|235|9|361104574251|0|108|0|25023|
3611038024|세종특별자치시||전동면|석곡리|0|195|1|361104574251|0|148|0|16146|
3611038024|세종특별자치시||전동면|석곡리|0|184|1|361104574251|0|154|0|16147|
3611025025|세종특별자치시||조치원읍|정리|0|10|0|361104574253|0|32|0|16159|
3611025021|세종특별자치시||조치원읍|원리|0|95|7|361104574253|0|47|0|29500|
3611025021|세종특별자치시||조치원읍|원리|0|96|3|361104574253|0|47|0|29501|
3611025026|세종특별자치시||조치원읍|명리|0|12|4|361104574253|0|84|0|43|
3611025024|세종특별자치시||조치원읍|교리|0|23|16|361104574255|0|17|0|16169|
3611025021|세종특별자치시||조치원읍|원리|0|1|2|361104574255|0|54|0|13561|
3611025023|세종특별자치시||조치원읍|평리|0|113|0|361104574255|0|85|11|23667|
3611025023|세종특별자치시||조치원읍|평리|0|107|2|361104574255|0|85|11|23668|
3611025023|세종특별자치시||조치원읍|평리|0|103|5|361104574255|0|85|11|23669|
3611025023|세종특별자치시||조치원읍|평리|0|112|2|361104574255|0|85|11|23670|
3611025023|세종특별자치시||조치원읍|평리|0|105|3|361104574255|0|85|11|23671|
3611025023|세종특별자치시||조치원읍|평리|0|93|3|361104574255|0|95|7|16170|
3611025023|세종특별자치시||조치원읍|평리|0|94|2|361104574255|0|95|9|26|
3611025024|세종특별자치시||조치원읍|교리|0|25|1|361104574256|0|7|0|26541|
3611025023|세종특별자치시||조치원읍|평리|0|115|4|361104574257|0|64|0|18420|
3611025023|세종특별자치시||조치원읍|평리|0|47|8|361104574257|0|71|0|16171|
3611025023|세종특별자치시||조치원읍|평리|0|102|0|361104574257|0|73|6|28|
3611025023|세종특별자치시||조치원읍|평리|0|98|2|361104574257|0|88|0|16172|
3611025024|세종특별자치시||조치원읍|교리|0|10|8|361104574259|0|7|0|16173|
3611025024|세종특별자치시||조치원읍|교리|0|17|19|361104574259|0|28|0|26538|
3611025024|세종특별자치시||조치원읍|교리|0|17|22|361104574259|0|40|1|16174|
3611025023|세종특별자치시||조치원읍|평리|0|31|1|361104574259|0|66|4|16175|
3611025024|세종특별자치시||조치원읍|교리|0|52|2|361104574260|0|6|0|16176|
3611025024|세종특별자치시||조치원읍|교리|0|1|41|361104574261|0|21|0|29145|
3611025024|세종특별자치시||조치원읍|교리|0|1|2|361104574261|0|21|0|29146|
3611025024|세종특별자치시||조치원읍|교리|0|1|37|361104574261|0|21|0|29147|
3611025024|세종특별자치시||조치원읍|교리|0|27|1|361104574261|0|21|0|29148|
3611025027|세종특별자치시||조치원읍|남리|0|49|3|361104574263|0|8|0|16177|
3611025034|세종특별자치시||조치원읍|서창리|0|105|24|361104574265|0|2|0|159|
3611025034|세종특별자치시||조치원읍|서창리|0|103|1|361104574265|0|10|0|16178|
3611025034|세종특별자치시||조치원읍|서창리|0|104|1|361104574265|0|10|0|16179|
3611025034|세종특별자치시||조치원읍|서창리|0|105|40|361104574265|0|10|2|16180|
3611025034|세종특별자치시||조치원읍|서창리|0|105|40|361104574265|0|12|0|16181|
3611025034|세종특별자치시||조치원읍|서창리|0|106|1|361104574265|0|14|0|16182|
3611025034|세종특별자치시||조치원읍|서창리|0|105|47|361104574266|0|13|5|160|
3611025034|세종특별자치시||조치원읍|서창리|0|10|2|361104574266|0|21|0|16183|
3611025027|세종특별자치시||조치원읍|남리|0|262|0|361104574268|0|80|0|16187|
3611025027|세종특별자치시||조치원읍|남리|0|261|0|361104574268|0|80|0|16188|
3611025027|세종특별자치시||조치원읍|남리|0|247|0|361104574268|0|83|0|16190|
3611025027|세종특별자치시||조치원읍|남리|0|248|0|361104574268|0|83|0|16191|
3611025027|세종특별자치시||조치원읍|남리|0|249|0|361104574268|0|83|0|16192|
3611025027|세종특별자치시||조치원읍|남리|0|252|0|361104574268|0|87|11|16193|
3611025027|세종특별자치시||조치원읍|남리|0|60|4|361104574270|0|8|0|13702|
3611025027|세종특별자치시||조치원읍|남리|0|232|2|361104574270|0|8|0|13703|
3611025025|세종특별자치시||조치원읍|정리|0|93|1|361104574270|0|9|0|16194|
3611025025|세종특별자치시||조치원읍|정리|0|114|20|361104574270|0|9|0|16196|
3611025025|세종특별자치시||조치원읍|정리|0|94|2|361104574270|0|9|0|16197|
3611025027|세종특별자치시||조치원읍|남리|0|60|3|361104574270|0|16|0|30581|
3611025026|세종특별자치시||조치원읍|명리|0|65|2|361104574270|0|67|0|16198|
3611025027|세종특별자치시||조치원읍|남리|0|11|58|361104574270|0|82|0|16199|
3611025027|세종특별자치시||조치원읍|남리|0|9|4|361104574270|0|90|0|16200|
3611025027|세종특별자치시||조치원읍|남리|0|9|3|361104574270|0|92|0|16201|
3611025027|세종특별자치시||조치원읍|남리|0|6|3|361104574270|0|96|5|55|
3611025027|세종특별자치시||조치원읍|남리|0|5|5|361104574270|0|100|0|54|
3611025026|세종특별자치시||조치원읍|명리|0|45|1|361104574270|0|105|0|16202|
3611025026|세종특별자치시||조치원읍|명리|0|40|5|361104574270|0|107|0|48|
3611025025|세종특별자치시||조치원읍|정리|0|34|3|361104574272|0|17|0|24920|
3611025025|세종특별자치시||조치원읍|정리|0|66|13|361104574272|0|18|0|21209|
3611025025|세종특별자치시||조치원읍|정리|0|66|13|361104574272|0|20|0|21211|
3611025025|세종특별자치시||조치원읍|정리|0|66|13|361104574272|0|22|8|21210|
3611025025|세종특별자치시||조치원읍|정리|0|49|4|361104574272|0|42|1|16209|
3611025025|세종특별자치시||조치원읍|정리|0|102|24|361104574273|0|7|0|525|
3611037031|세종특별자치시||전의면|영당리|0|146|1|361104574275|0|25|0|344|
3611037031|세종특별자치시||전의면|영당리|0|146|7|361104574275|0|29|6|20187|
3611032021|세종특별자치시||연동면|내판리|0|567|0|361104574276|0|16|0|23950|
3611032021|세종특별자치시||연동면|내판리|0|607|4|361104574276|0|18|1|26720|
3611032021|세종특별자치시||연동면|내판리|0|607|5|361104574276|0|18|1|26721|
3611032021|세종특별자치시||연동면|내판리|0|607|4|361104574276|0|18|7|187|
3611032021|세종특별자치시||연동면|내판리|0|607|5|361104574276|0|18|7|22870|
3611032021|세종특별자치시||연동면|내판리|0|673|2|361104574276|0|18|27|23706|
3611032021|세종특별자치시||연동면|내판리|0|599|6|361104574276|0|18|27|23707|
3611032021|세종특별자치시||연동면|내판리|0|604|1|361104574276|0|18|27|23709|
3611032021|세종특별자치시||연동면|내판리|0|669|14|361104574276|0|18|27|23711|
3611032021|세종특별자치시||연동면|내판리|0|601|0|361104574276|0|18|27|23712|
3611032021|세종특별자치시||연동면|내판리|0|602|3|361104574276|0|18|27|23713|
3611032021|세종특별자치시||연동면|내판리|0|622|4|361104574276|0|30|5|16230|
3611032021|세종특별자치시||연동면|내판리|0|623|2|361104574276|0|30|10|16233|
3611032021|세종특별자치시||연동면|내판리|0|635|1|361104574276|0|30|13|16231|
3611032021|세종특별자치시||연동면|내판리|0|623|8|361104574276|0|30|21|16232|
3611032021|세종특별자치시||연동면|내판리|0|569|1|361104574276|0|31|3|16234|
3611032021|세종특별자치시||연동면|내판리|0|620|0|361104574276|0|34|0|189|
3611025034|세종특별자치시||조치원읍|서창리|0|43|7|361104574277|0|6|0|24742|
3611025034|세종특별자치시||조치원읍|서창리|0|43|10|361104574277|0|6|0|24743|
3611025034|세종특별자치시||조치원읍|서창리|0|273|7|361104574277|0|6|0|24744|
3611025034|세종특별자치시||조치원읍|서창리|0|42|229|361104574277|0|12|0|16235|
3611025034|세종특별자치시||조치원읍|서창리|0|268|0|361104574277|0|25|0|16236|
3611025034|세종특별자치시||조치원읍|서창리|0|268|0|361104574277|0|25|1|16237|
3611025032|세종특별자치시||조치원읍|신안리|0|481|3|361104574277|0|29|0|16238|
3611025032|세종특별자치시||조치원읍|신안리|0|481|4|361104574277|0|29|0|16239|
3611025034|세종특별자치시||조치원읍|서창리|0|42|32|361104574278|0|3|0|153|
3611025034|세종특별자치시||조치원읍|서창리|0|42|81|361104574278|0|3|0|155|
3611025034|세종특별자치시||조치원읍|서창리|0|42|26|361104574278|0|6|1|16240|
3611025034|세종특별자치시||조치원읍|서창리|0|42|132|361104574278|0|6|1|16241|
3611025034|세종특별자치시||조치원읍|서창리|0|42|24|361104574278|0|15|1|16243|
3611025034|세종특별자치시||조치원읍|서창리|0|42|49|361104574279|0|7|0|16244|
3611025034|세종특별자치시||조치원읍|서창리|0|42|40|361104574279|0|10|0|154|
3611036029|세종특별자치시||연서면|신대리|1|250|1|361104574281|0|8|0|16245|
3611036029|세종특별자치시||연서면|신대리|0|251|8|361104574281|0|8|0|16246|
3611036029|세종특별자치시||연서면|신대리|1|54|1|361104574281|0|8|2|16247|
3611036029|세종특별자치시||연서면|신대리|0|237|1|361104574281|0|24|0|16248|
3611036029|세종특별자치시||연서면|신대리|0|235|2|361104574281|0|24|2|23956|
3611037025|세종특별자치시||전의면|신흥리|0|120|0|361104574284|0|31|0|16252|
3611037025|세종특별자치시||전의면|신흥리|0|109|7|361104574284|0|34|0|321|
3611037025|세종특별자치시||전의면|신흥리|0|149|0|361104574284|0|53|19|16253|
3611037025|세종특별자치시||전의면|신흥리|0|150|2|361104574284|0|53|19|16254|
3611037025|세종특별자치시||전의면|신흥리|0|117|3|361104574284|0|54|0|16255|
3611037025|세종특별자치시||전의면|신흥리|0|116|5|361104574284|0|56|1|16256|
3611034028|세종특별자치시||금남면|영치리|0|103|3|361104574286|0|88|0|16258|
3611034028|세종특별자치시||금남면|영치리|0|107|10|361104574286|0|96|3|27702|
3611036026|세종특별자치시||연서면|쌍류리|1|44|1|361104574287|0|74|9|16259|
3611036026|세종특별자치시||연서면|쌍류리|0|513|14|361104574287|0|78|0|30004|
3611036024|세종특별자치시||연서면|고복리|0|615|1|361104574288|0|5|16|16260|
3611036024|세종특별자치시||연서면|고복리|0|615|50|361104574288|0|5|16|16261|
3611036024|세종특별자치시||연서면|고복리|0|615|1|361104574288|0|5|18|16262|
3611036024|세종특별자치시||연서면|고복리|0|42|6|361104574288|0|7|29|23962|
3611036024|세종특별자치시||연서면|고복리|0|228|0|361104574288|0|30|1|31160|
3611036024|세종특별자치시||연서면|고복리|0|217|0|361104574288|0|30|1|31161|
3611036024|세종특별자치시||연서면|고복리|0|229|0|361104574288|0|30|1|31162|
3611036024|세종특별자치시||연서면|고복리|0|615|1|361104574288|0|30|6|16263|
3611036024|세종특별자치시||연서면|고복리|0|223|0|361104574288|0|36|1|16264|
3611036024|세종특별자치시||연서면|고복리|0|276|1|361104574288|0|50|0|16265|
3611036024|세종특별자치시||연서면|고복리|0|290|0|361104574288|0|65|1|16266|
3611036024|세종특별자치시||연서면|고복리|0|280|10|361104574288|0|77|0|16267|
3611036024|세종특별자치시||연서면|고복리|0|280|2|361104574288|0|79|0|16268|
3611036024|세종특별자치시||연서면|고복리|0|280|5|361104574288|0|81|1|16269|
3611036024|세종특별자치시||연서면|고복리|0|280|5|361104574288|0|81|3|16270|
3611031021|세종특별자치시||연기면|연기리|0|425|10|361104574289|0|14|0|16272|
3611031021|세종특별자치시||연기면|연기리|0|425|36|361104574289|0|14|6|29230|
3611031021|세종특별자치시||연기면|연기리|0|425|36|361104574289|0|14|8|29226|
3611031021|세종특별자치시||연기면|연기리|0|425|40|361104574289|0|14|8|29227|
3611031021|세종특별자치시||연기면|연기리|0|472|3|361104574289|0|14|8|29228|
3611031021|세종특별자치시||연기면|연기리|0|425|24|361104574289|0|20|0|16273|
3611031021|세종특별자치시||연기면|연기리|0|423|62|361104574289|0|21|10|29222|
3611031021|세종특별자치시||연기면|연기리|0|423|63|361104574289|0|21|10|29223|
3611031021|세종특별자치시||연기면|연기리|0|423|54|361104574289|0|23|7|29221|
3611036033|세종특별자치시||연서면|봉암리|0|394|0|361104574291|0|15|1|16275|
3611036033|세종특별자치시||연서면|봉암리|0|389|0|361104574291|0|27|0|16276|
3611037023|세종특별자치시||전의면|서정리|0|160|1|361104574292|0|19|0|29560|
3611037023|세종특별자치시||전의면|서정리|0|160|3|361104574292|0|19|0|29561|
3611037023|세종특별자치시||전의면|서정리|0|160|4|361104574292|0|19|0|29562|
3611037023|세종특별자치시||전의면|서정리|0|277|9|361104574292|0|138|0|16277|
3611037026|세종특별자치시||전의면|유천리|1|139|3|361104574292|0|261|136|485|
3611037026|세종특별자치시||전의면|유천리|1|150|2|361104574292|0|261|136|486|
3611039024|세종특별자치시||소정면|고등리|0|562|1|361104574292|0|357|59|20769|
3611039024|세종특별자치시||소정면|고등리|0|564|0|361104574292|0|357|59|20770|
3611039024|세종특별자치시||소정면|고등리|0|558|0|361104574292|0|357|71|21871|
3611039024|세종특별자치시||소정면|고등리|0|623|1|361104574292|0|357|88|23660|
3611039024|세종특별자치시||소정면|고등리|0|623|1|361104574292|0|357|90|23652|
3611039024|세종특별자치시||소정면|고등리|0|624|1|361104574292|0|357|90|23653|
3611039024|세종특별자치시||소정면|고등리|0|624|4|361104574292|0|357|90|23654|
3611025034|세종특별자치시||조치원읍|서창리|0|129|0|361104574293|0|18|14|161|
3611034031|세종특별자치시||금남면|영대리|0|470|1|361104574295|0|54|0|16285|
3611034031|세종특별자치시||금남면|영대리|0|830|0|361104574295|0|72|0|16286|
3611034031|세종특별자치시||금남면|영대리|0|468|1|361104574295|0|72|1|16287|
3611025032|세종특별자치시||조치원읍|신안리|0|354|8|361104574298|0|14|0|16299|
3611025032|세종특별자치시||조치원읍|신안리|0|349|2|361104574298|0|19|1|31540|
3611025032|세종특별자치시||조치원읍|신안리|0|352|0|361104574298|0|26|0|16301|
3611025034|세종특별자치시||조치원읍|서창리|0|202|3|361104574299|0|15|0|16302|
3611025034|세종특별자치시||조치원읍|서창리|0|203|8|361104574299|0|29|1|23476|
3611025034|세종특별자치시||조치원읍|서창리|0|206|0|361104574299|0|37|0|170|
3611025034|세종특별자치시||조치원읍|서창리|0|208|0|361104574299|0|37|2|173|
3611025034|세종특별자치시||조치원읍|서창리|1|12|5|361104574299|0|37|2|176|
3611025032|세종특별자치시||조치원읍|신안리|0|394|8|361104574299|0|45|5|23573|
3611025032|세종특별자치시||조치원읍|신안리|0|394|8|361104574299|0|45|7|23572|
3611025032|세종특별자치시||조치원읍|신안리|0|394|8|361104574299|0|45|9|23571|
3611025032|세종특별자치시||조치원읍|신안리|0|342|5|361104574299|0|84|7|16303|
3611025032|세종특별자치시||조치원읍|신안리|0|346|3|361104574299|0|85|0|24924|
3611025032|세종특별자치시||조치원읍|신안리|0|434|8|361104574299|0|91|0|29200|
3611025032|세종특별자치시||조치원읍|신안리|0|445|17|361104574299|0|101|0|16307|
3611025032|세종특별자치시||조치원읍|신안리|0|445|11|361104574299|0|103|0|27289|
3611025032|세종특별자치시||조치원읍|신안리|0|445|12|361104574299|0|103|0|27290|
3611025032|세종특별자치시||조치원읍|신안리|0|445|13|361104574299|0|103|0|27291|
3611025032|세종특별자치시||조치원읍|신안리|0|445|14|361104574299|0|103|0|27292|
3611038023|세종특별자치시||전동면|청송리|0|319|1|361104574300|0|31|1|18701|
3611038023|세종특별자치시||전동면|청송리|0|321|0|361104574300|0|31|1|18702|
3611038023|세종특별자치시||전동면|청송리|1|55|4|361104574300|0|64|9|16314|
3611038023|세종특별자치시||전동면|청송리|0|304|1|361104574300|0|64|12|16315|
3611038023|세종특별자치시||전동면|청송리|0|303|6|361104574300|0|66|0|16316|
3611038023|세종특별자치시||전동면|청송리|0|359|3|361104574300|0|80|4|18642|
3611038023|세종특별자치시||전동면|청송리|0|370|0|361104574300|0|85|0|16317|
3611038023|세종특별자치시||전동면|청송리|0|370|1|361104574300|0|85|0|16318|
3611038030|세종특별자치시||전동면|송성리|0|117|1|361104574301|0|40|0|16319|
3611038030|세종특별자치시||전동면|송성리|0|107|2|361104574301|0|46|0|16320|
3611038030|세종특별자치시||전동면|송성리|0|764|0|361104574301|0|46|0|16321|
3611038030|세종특별자치시||전동면|송성리|0|44|2|361104574302|0|12|0|16322|
3611038030|세종특별자치시||전동면|송성리|0|137|0|361104574302|0|40|0|16323|
3611038030|세종특별자치시||전동면|송성리|0|143|7|361104574302|0|45|0|16324|
3611038030|세종특별자치시||전동면|송성리|0|169|3|361104574302|0|51|10|16326|
3611038030|세종특별자치시||전동면|송성리|0|169|4|361104574302|0|51|12|16328|
3611038030|세종특별자치시||전동면|송성리|0|170|0|361104574302|0|53|5|16329|
3611038030|세종특별자치시||전동면|송성리|0|169|1|361104574302|0|53|8|16330|
3611034040|세종특별자치시||금남면|성덕리|0|415|0|361104574303|0|64|0|28320|
3611034040|세종특별자치시||금남면|성덕리|0|415|3|361104574303|0|64|0|28321|
3611034040|세종특별자치시||금남면|성덕리|0|414|7|361104574303|0|64|0|28322|
3611034040|세종특별자치시||금남면|성덕리|0|428|8|361104574303|0|71|0|16331|
3611034040|세종특별자치시||금남면|성덕리|0|465|1|361104574303|0|113|17|25020|
3611034040|세종특별자치시||금남면|성덕리|0|465|2|361104574303|0|113|17|25021|
3611034040|세종특별자치시||금남면|성덕리|0|415|0|361104574303|0|126|0|16333|
3611034041|세종특별자치시||금남면|영곡리|0|415|0|361104574303|0|126|0|16334|
3611034041|세종특별자치시||금남면|영곡리|0|418|0|361104574303|0|126|0|16335|
3611034040|세종특별자치시||금남면|성덕리|0|374|5|361104574304|0|22|7|18463|
3611034040|세종특별자치시||금남면|성덕리|0|323|1|361104574304|0|35|8|16336|
3611034040|세종특별자치시||금남면|성덕리|1|15|7|361104574304|0|49|0|16337|
3611034040|세종특별자치시||금남면|성덕리|0|311|24|361104574304|0|58|1|25961|
3611034040|세종특별자치시||금남면|성덕리|0|299|2|361104574305|0|3|0|16338|
3611034040|세종특별자치시||금남면|성덕리|0|248|0|361104574305|0|42|13|16342|
3611034040|세종특별자치시||금남면|성덕리|0|248|0|361104574305|0|42|15|16343|
3611034040|세종특별자치시||금남면|성덕리|0|257|0|361104574305|0|42|15|16344|
3611034040|세종특별자치시||금남면|성덕리|0|253|0|361104574305|0|42|32|16345|
3611034040|세종특별자치시||금남면|성덕리|0|146|0|361104574305|0|55|2|30280|
3611034040|세종특별자치시||금남면|성덕리|0|194|3|361104574305|0|63|0|16346|
3611034022|세종특별자치시||금남면|발산리|0|324|2|361104574306|0|15|0|16347|
3611034022|세종특별자치시||금남면|발산리|0|326|0|361104574306|0|15|0|16348|
3611034021|세종특별자치시||금남면|용포리|0|238|10|361104574306|0|26|0|16349|
3611034040|세종특별자치시||금남면|성덕리|0|98|3|361104574306|0|65|1|28040|
3611034040|세종특별자치시||금남면|성덕리|0|85|4|361104574306|0|107|0|20065|
3611034040|세종특별자치시||금남면|성덕리|0|292|4|361104574306|0|130|0|18705|
3611034040|세종특별자치시||금남면|성덕리|0|289|5|361104574306|0|138|1|16351|
3611034041|세종특별자치시||금남면|영곡리|0|18|1|361104574306|0|164|0|16352|
3611034041|세종특별자치시||금남면|영곡리|0|25|7|361104574306|0|174|0|19856|
3611034041|세종특별자치시||금남면|영곡리|0|38|3|361104574306|0|185|0|16354|
3611034041|세종특별자치시||금남면|영곡리|0|233|2|361104574306|0|233|0|16355|
3611034041|세종특별자치시||금남면|영곡리|0|237|1|361104574306|0|253|0|16356|
3611034032|세종특별자치시||금남면|달전리|0|190|0|361104574307|0|30|0|16357|
3611034032|세종특별자치시||금남면|달전리|0|187|0|361104574307|0|30|6|16358|
3611036023|세종특별자치시||연서면|성제리|0|586|65|361104574309|0|9|0|26157|
3611036023|세종특별자치시||연서면|성제리|0|169|1|361104574309|0|48|0|16363|
3611036023|세종특별자치시||연서면|성제리|0|171|6|361104574309|0|54|3|20552|
3611036023|세종특별자치시||연서면|성제리|0|175|0|361104574309|0|54|5|16365|
3611036023|세종특별자치시||연서면|성제리|0|59|2|361104574309|0|72|0|16366|
3611036023|세종특별자치시||연서면|성제리|0|126|0|361104574309|0|72|0|16367|
3611036023|세종특별자치시||연서면|성제리|0|127|0|361104574309|0|72|0|16368|
3611036023|세종특별자치시||연서면|성제리|0|63|1|361104574309|0|83|8|16369|
3611036023|세종특별자치시||연서면|성제리|1|69|1|361104574310|0|38|4|16371|
3611036023|세종특별자치시||연서면|성제리|0|318|6|361104574310|0|68|0|16372|
3611037026|세종특별자치시||전의면|유천리|0|26|1|361104574313|0|40|0|16393|
3611037026|세종특별자치시||전의면|유천리|0|939|0|361104574313|0|40|0|16394|
3611037026|세종특별자치시||전의면|유천리|0|933|0|361104574313|0|42|0|16395|
3611039021|세종특별자치시||소정면|소정리|0|283|4|361104574313|0|94|0|22129|
3611039021|세종특별자치시||소정면|소정리|0|4|1|361104574313|0|118|0|16396|
3611039021|세종특별자치시||소정면|소정리|0|272|0|361104574313|0|118|0|16397|
3611039021|세종특별자치시||소정면|소정리|0|285|4|361104574313|0|118|0|16398|
3611039021|세종특별자치시||소정면|소정리|0|305|0|361104574313|0|118|0|16399|
3611039021|세종특별자치시||소정면|소정리|0|190|0|361104574313|0|146|0|16400|
3611039021|세종특별자치시||소정면|소정리|0|196|32|361104574313|0|159|0|16402|
3611039021|세종특별자치시||소정면|소정리|0|196|8|361104574313|0|171|1|16404|
3611039021|세종특별자치시||소정면|소정리|0|196|1|361104574313|0|175|0|27040|
3611039021|세종특별자치시||소정면|소정리|0|169|3|361104574313|0|176|0|16405|
3611039021|세종특별자치시||소정면|소정리|0|196|5|361104574313|0|179|0|17941|
3611039021|세종특별자치시||소정면|소정리|0|37|0|361104574313|0|184|0|16406|
3611039021|세종특별자치시||소정면|소정리|0|161|4|361104574313|0|191|0|29420|
3611039021|세종특별자치시||소정면|소정리|0|162|3|361104574313|0|191|0|29421|
3611039021|세종특별자치시||소정면|소정리|0|155|8|361104574313|0|205|0|16407|
3611039021|세종특별자치시||소정면|소정리|0|67|5|361104574313|0|217|0|16408|
3611039021|세종특별자치시||소정면|소정리|0|63|1|361104574313|0|220|0|16409|
3611039021|세종특별자치시||소정면|소정리|1|35|2|361104574313|0|228|0|20249|
3611039023|세종특별자치시||소정면|대곡리|0|483|18|361104574313|0|228|0|20250|
3611039021|세종특별자치시||소정면|소정리|0|64|9|361104574313|0|228|9|20251|
3611039023|세종특별자치시||소정면|대곡리|0|541|0|361104574313|0|231|112|20105|
3611039023|세종특별자치시||소정면|대곡리|0|484|0|361104574313|0|246|0|16410|
3611039021|세종특별자치시||소정면|소정리|0|175|11|361104574314|0|9|4|16411|
3611039021|세종특별자치시||소정면|소정리|0|181|10|361104574314|0|10|3|16412|
3611039021|세종특별자치시||소정면|소정리|0|24|1|361104574315|0|17|0|13606|
3611039021|세종특별자치시||소정면|소정리|0|340|0|361104574316|0|17|0|22082|
3611039021|세종특별자치시||소정면|소정리|0|340|2|361104574316|0|17|0|22083|
3611039021|세종특별자치시||소정면|소정리|0|340|3|361104574316|0|17|0|22084|
3611039021|세종특별자치시||소정면|소정리|0|341|2|361104574316|0|17|0|22085|
3611039021|세종특별자치시||소정면|소정리|0|341|4|361104574316|0|17|0|22086|
3611039021|세종특별자치시||소정면|소정리|0|341|9|361104574316|0|17|0|22087|
3611039021|세종특별자치시||소정면|소정리|0|606|4|361104574316|0|17|0|22088|
3611039021|세종특별자치시||소정면|소정리|0|495|10|361104574316|0|60|0|22149|
3611039021|세종특별자치시||소정면|소정리|0|571|0|361104574316|0|113|0|16414|
3611039021|세종특별자치시||소정면|소정리|0|529|1|361104574317|0|16|0|16415|
3611039021|세종특별자치시||소정면|소정리|0|529|4|361104574317|0|16|0|16416|
3611039021|세종특별자치시||소정면|소정리|0|530|1|361104574317|0|16|0|16417|
3611039021|세종특별자치시||소정면|소정리|0|525|2|361104574317|0|16|0|16418|
3611039021|세종특별자치시||소정면|소정리|0|525|1|361104574317|0|16|0|16419|
3611039021|세종특별자치시||소정면|소정리|0|526|0|361104574317|0|16|0|16420|
3611039021|세종특별자치시||소정면|소정리|0|531|20|361104574317|0|23|9|30360|
3611039021|세종특별자치시||소정면|소정리|0|531|19|361104574317|0|23|13|27920|
3611039021|세종특별자치시||소정면|소정리|0|541|1|361104574317|0|35|0|16421|
3611039021|세종특별자치시||소정면|소정리|0|564|4|361104574317|0|53|6|16422|
3611038031|세종특별자치시||전동면|심중리|0|481|1|361104574318|0|3|0|26983|
3611038031|세종특별자치시||전동면|심중리|0|487|4|361104574318|0|14|0|562|
3611038031|세종특별자치시||전동면|심중리|0|468|0|361104574318|0|21|0|16423|
3611038031|세종특별자치시||전동면|심중리|0|468|3|361104574318|0|21|0|16424|
3611038031|세종특별자치시||전동면|심중리|0|454|11|361104574318|0|32|0|19300|
3611038031|세종특별자치시||전동면|심중리|0|454|2|361104574318|0|32|0|19301|
3611038031|세종특별자치시||전동면|심중리|0|445|0|361104574318|0|51|0|16425|
3611038031|세종특별자치시||전동면|심중리|0|449|1|361104574318|0|51|0|16426|
3611038031|세종특별자치시||전동면|심중리|0|379|0|361104574318|0|79|8|16427|
3611031023|세종특별자치시||연기면|눌왕리|0|710|39|361104574319|0|1|0|16438|
3611031023|세종특별자치시||연기면|눌왕리|0|529|7|361104574319|0|24|6|29285|
3611031023|세종특별자치시||연기면|눌왕리|0|529|6|361104574319|0|24|6|29286|
3611031023|세종특별자치시||연기면|눌왕리|0|540|3|361104574319|0|24|21|16439|
3611031023|세종특별자치시||연기면|눌왕리|0|506|3|361104574319|0|40|0|24380|
3611031023|세종특별자치시||연기면|눌왕리|0|546|2|361104574319|0|65|0|16441|
3611031023|세종특별자치시||연기면|눌왕리|0|546|4|361104574319|0|65|0|16442|
3611038030|세종특별자치시||전동면|송성리|0|733|2|361104574320|0|9|0|16443|
3611038030|세종특별자치시||전동면|송성리|0|735|2|361104574320|0|9|0|16444|
3611038030|세종특별자치시||전동면|송성리|0|735|0|361104574320|0|9|0|16445|
3611038030|세종특별자치시||전동면|송성리|0|734|0|361104574320|0|9|0|16446|
3611038030|세종특별자치시||전동면|송성리|0|586|2|361104574320|0|21|0|16447|
3611038030|세종특별자치시||전동면|송성리|0|587|5|361104574320|0|21|0|16448|
3611038030|세종특별자치시||전동면|송성리|0|570|1|361104574320|0|49|0|16449|
3611038030|세종특별자치시||전동면|송성리|0|534|2|361104574320|0|61|0|16450|
3611038030|세종특별자치시||전동면|송성리|0|534|3|361104574320|0|61|0|16451|
3611038030|세종특별자치시||전동면|송성리|0|469|1|361104574320|0|69|3|16452|
3611038030|세종특별자치시||전동면|송성리|0|587|4|361104574320|0|148|3|16454|
3611038030|세종특별자치시||전동면|송성리|0|587|13|361104574320|0|148|3|16455|
3611032027|세종특별자치시||연동면|송용리|0|22|3|361104574321|0|54|7|22150|
3611032027|세종특별자치시||연동면|송용리|0|15|4|361104574321|0|57|0|23737|
3611032027|세종특별자치시||연동면|송용리|0|11|5|361104574321|0|57|0|23738|
3611032027|세종특별자치시||연동면|송용리|0|15|3|361104574321|0|57|0|23739|
3611032027|세종특별자치시||연동면|송용리|0|7|2|361104574321|0|64|7|23733|
3611032027|세종특별자치시||연동면|송용리|0|6|0|361104574321|0|64|7|23734|
3611032027|세종특별자치시||연동면|송용리|0|7|4|361104574321|0|64|7|23735|
3611032027|세종특별자치시||연동면|송용리|0|7|5|361104574321|0|64|7|23736|
3611032027|세종특별자치시||연동면|송용리|0|3|1|361104574321|0|65|4|16460|
3611032025|세종특별자치시||연동면|노송리|0|335|1|361104574322|0|86|43|23730|
3611036029|세종특별자치시||연서면|신대리|1|89|0|361104574323|0|36|0|16463|
3611038027|세종특별자치시||전동면|송정리|0|333|0|361104574325|0|11|28|16465|
3611038027|세종특별자치시||전동면|송정리|0|378|1|361104574325|0|11|60|23930|
3611038027|세종특별자치시||전동면|송정리|0|327|0|361104574325|0|11|60|23932|
3611038027|세종특별자치시||전동면|송정리|0|377|0|361104574325|0|11|60|23933|
3611038027|세종특별자치시||전동면|송정리|0|378|0|361104574325|0|11|60|23934|
3611038027|세종특별자치시||전동면|송정리|0|413|0|361104574325|0|11|60|23935|
3611038027|세종특별자치시||전동면|송정리|0|328|1|361104574325|0|11|60|23936|
3611038027|세종특별자치시||전동면|송정리|0|326|0|361104574325|0|11|60|23937|
3611038027|세종특별자치시||전동면|송정리|0|329|5|361104574325|0|11|60|23938|
3611038027|세종특별자치시||전동면|송정리|1|23|0|361104574325|0|11|60|23939|
3611038027|세종특별자치시||전동면|송정리|0|328|2|361104574325|0|11|60|23940|
3611038027|세종특별자치시||전동면|송정리|0|207|11|361104574325|0|12|0|16467|
3611038027|세종특별자치시||전동면|송정리|0|413|0|361104574325|0|58|14|352|
3611038027|세종특별자치시||전동면|송정리|1|22|1|361104574325|0|68|0|16469|
3611038029|세종특별자치시||전동면|미곡리|1|6|28|361104574326|0|63|0|23005|
3611038029|세종특별자치시||전동면|미곡리|0|82|0|361104574326|0|84|0|16471|
3611037035|세종특별자치시||전의면|다방리|0|367|0|361104574327|0|46|4|16472|
3611037035|세종특별자치시||전의면|다방리|0|343|1|361104574327|0|77|0|16476|
3611037035|세종특별자치시||전의면|다방리|0|337|3|361104574327|0|82|8|16477|
3611037035|세종특별자치시||전의면|다방리|0|335|1|361104574327|0|91|2|16478|
3611037035|세종특별자치시||전의면|다방리|0|336|1|361104574327|0|92|1|16479|
3611037035|세종특별자치시||전의면|다방리|0|336|4|361104574327|0|92|1|16480|
3611037035|세종특별자치시||전의면|다방리|0|336|1|361104574327|0|94|0|16481|
3611037035|세종특별자치시||전의면|다방리|0|506|2|361104574327|0|103|0|23369|
3611036033|세종특별자치시||연서면|봉암리|0|1030|0|361104574328|0|234|0|24066|
3611031024|세종특별자치시||연기면|수산리|0|418|0|361104574329|0|2|0|22949|
3611031024|세종특별자치시||연기면|수산리|0|418|3|361104574329|0|2|0|22950|
3611031024|세종특별자치시||연기면|수산리|0|421|0|361104574329|0|21|0|16486|
3611031024|세종특별자치시||연기면|수산리|0|351|2|361104574329|0|49|6|16487|
3611031024|세종특별자치시||연기면|수산리|0|349|0|361104574329|0|49|8|16488|
3611031024|세종특별자치시||연기면|수산리|0|348|0|361104574329|0|49|10|16489|
3611031024|세종특별자치시||연기면|수산리|0|342|1|361104574329|0|66|0|16490|
3611031024|세종특별자치시||연기면|수산리|0|342|2|361104574329|0|68|0|16491|
3611025024|세종특별자치시||조치원읍|교리|0|150|1|361104574330|0|42|2|16511|
3611025023|세종특별자치시||조치원읍|평리|0|8|13|361104574333|0|13|0|29131|
3611025023|세종특별자치시||조치원읍|평리|0|6|4|361104574333|0|13|0|29132|
3611025023|세종특별자치시||조치원읍|평리|0|8|3|361104574333|0|13|0|29133|
3611025023|세종특별자치시||조치원읍|평리|0|8|9|361104574333|0|13|0|29134|
3611025023|세종특별자치시||조치원읍|평리|0|6|1|361104574333|0|13|0|29135|
3611025023|세종특별자치시||조치원읍|평리|0|8|1|361104574333|0|13|0|29136|
3611025023|세종특별자치시||조치원읍|평리|0|8|4|361104574333|0|13|0|29137|
3611025023|세종특별자치시||조치원읍|평리|0|124|3|361104574333|0|13|0|29138|
3611025023|세종특별자치시||조치원읍|평리|0|8|5|361104574333|0|13|0|29139|
3611025023|세종특별자치시||조치원읍|평리|0|8|10|361104574333|0|13|0|29140|
3611025024|세종특별자치시||조치원읍|교리|0|27|1|361104574333|0|13|0|29141|
3611025023|세종특별자치시||조치원읍|평리|0|12|4|361104574333|0|49|0|25824|
3611025023|세종특별자치시||조치원읍|평리|0|9|4|361104574333|0|49|0|25825|
3611025023|세종특별자치시||조치원읍|평리|0|126|4|361104574333|0|49|0|25826|
3611025023|세종특별자치시||조치원읍|평리|0|12|2|361104574333|0|49|0|25827|
3611025023|세종특별자치시||조치원읍|평리|0|126|3|361104574333|0|49|0|25828|
3611025023|세종특별자치시||조치원읍|평리|0|12|1|361104574333|0|49|0|25829|
3611025023|세종특별자치시||조치원읍|평리|0|15|1|361104574333|0|57|0|22792|
3611025023|세종특별자치시||조치원읍|평리|0|126|5|361104574333|0|57|0|22793|
3611025023|세종특별자치시||조치원읍|평리|0|12|1|361104574333|0|57|0|22794|
3611025023|세종특별자치시||조치원읍|평리|0|9|5|361104574333|0|57|0|22795|
3611038030|세종특별자치시||전동면|송성리|0|328|8|361104574334|0|2|0|30744|
3611038030|세종특별자치시||전동면|송성리|0|328|3|361104574334|0|2|2|16514|
3611038030|세종특별자치시||전동면|송성리|0|331|3|361104574334|0|2|2|16515|
3611038030|세종특별자치시||전동면|송성리|0|330|4|361104574334|0|2|12|16516|
3611038030|세종특별자치시||전동면|송성리|0|330|4|361104574334|0|2|16|16517|
3611038030|세종특별자치시||전동면|송성리|0|337|1|361104574334|0|10|10|16518|
3611038030|세종특별자치시||전동면|송성리|0|363|1|361104574334|0|40|0|16519|
3611038030|세종특별자치시||전동면|송성리|0|365|4|361104574334|0|48|0|22289|
3611036029|세종특별자치시||연서면|신대리|0|123|3|361104574335|0|54|20|16520|
3611036029|세종특별자치시||연서면|신대리|0|116|1|361104574335|0|55|0|23865|
3611036029|세종특별자치시||연서면|신대리|0|118|0|361104574335|0|57|0|16522|
3611036029|세종특별자치시||연서면|신대리|0|120|6|361104574335|0|64|0|22969|
3611036029|세종특별자치시||연서면|신대리|0|120|5|361104574335|0|71|0|22968|
3611036028|세종특별자치시||연서면|기룡리|0|321|5|361104574336|0|2|9|16525|
3611036028|세종특별자치시||연서면|기룡리|0|655|3|361104574336|0|14|0|16526|
3611036028|세종특별자치시||연서면|기룡리|0|657|5|361104574336|0|14|0|16527|
3611036028|세종특별자치시||연서면|기룡리|0|659|3|361104574336|0|21|1|16528|
3611036028|세종특별자치시||연서면|기룡리|0|645|4|361104574336|0|31|0|16530|
3611036028|세종특별자치시||연서면|기룡리|0|649|1|361104574336|0|31|0|16531|
3611037030|세종특별자치시||전의면|신방리|0|115|19|361104574337|0|3|0|16532|
3611025032|세종특별자치시||조치원읍|신안리|0|393|6|361104574338|0|8|0|16555|
3611025032|세종특별자치시||조치원읍|신안리|0|339|0|361104574338|0|18|0|23474|
3611025032|세종특별자치시||조치원읍|신안리|0|365|24|361104574340|0|62|10|23569|
3611037030|세종특별자치시||전의면|신방리|0|412|2|361104574341|0|7|0|16556|
3611037030|세종특별자치시||전의면|신방리|0|408|3|361104574341|0|35|3|16557|
3611034038|세종특별자치시||금남면|신촌리|0|126|17|361104574344|0|7|0|24062|
3611034038|세종특별자치시||금남면|신촌리|0|112|4|361104574344|0|13|10|25940|
3611034038|세종특별자치시||금남면|신촌리|0|112|5|361104574344|0|13|10|25941|
3611034038|세종특별자치시||금남면|신촌리|0|128|2|361104574344|0|15|0|24063|
3611034038|세종특별자치시||금남면|신촌리|0|43|0|361104574344|0|100|0|16561|
3611034038|세종특별자치시||금남면|신촌리|0|28|0|361104574344|0|105|0|16562|
3611025030|세종특별자치시||조치원읍|죽림리|0|67|29|361104574345|0|5|0|24961|
3611025029|세종특별자치시||조치원읍|신흥리|0|97|1|361104574346|0|6|0|109|
3611025029|세종특별자치시||조치원읍|신흥리|0|97|0|361104574346|0|6|4|16563|
3611025029|세종특별자치시||조치원읍|신흥리|0|78|7|361104574346|0|11|0|16565|
3611025029|세종특별자치시||조치원읍|신흥리|0|390|15|361104574346|0|13|0|26580|
3611025028|세종특별자치시||조치원읍|침산리|0|178|5|361104574347|0|12|0|87|
3611025029|세종특별자치시||조치원읍|신흥리|0|13|1|361104574347|0|25|0|16568|
3611025029|세종특별자치시||조치원읍|신흥리|0|16|0|361104574347|0|41|0|29160|
3611025029|세종특별자치시||조치원읍|신흥리|0|12|3|361104574348|0|12|11|13521|
3611025029|세종특별자치시||조치원읍|신흥리|0|22|15|361104574348|0|15|2|29161|
3611025029|세종특별자치시||조치원읍|신흥리|0|17|2|361104574348|0|25|0|16570|
3611025029|세종특별자치시||조치원읍|신흥리|0|17|3|361104574348|0|25|0|16571|
3611025029|세종특별자치시||조치원읍|신흥리|0|17|4|361104574348|0|25|0|16572|
3611025029|세종특별자치시||조치원읍|신흥리|0|1|43|361104574350|0|12|1|29159|
3611025029|세종특별자치시||조치원읍|신흥리|0|49|23|361104574351|0|8|0|103|
3611025029|세종특별자치시||조치원읍|신흥리|0|60|5|361104574352|0|14|3|105|
3611025029|세종특별자치시||조치원읍|신흥리|0|41|0|361104574352|0|19|0|16577|
3611025029|세종특별자치시||조치원읍|신흥리|0|49|3|361104574352|0|22|0|16578|
3611036026|세종특별자치시||연서면|쌍류리|0|475|4|361104574354|0|155|0|16581|
3611036026|세종특별자치시||연서면|쌍류리|0|477|1|361104574354|0|161|0|16582|
3611036026|세종특별자치시||연서면|쌍류리|0|478|0|361104574354|0|165|0|16583|
3611036022|세종특별자치시||연서면|쌍전리|0|689|0|361104574355|0|5|19|22210|
3611036021|세종특별자치시||연서면|월하리|0|578|1|361104574355|0|14|0|16584|
3611036022|세종특별자치시||연서면|쌍전리|0|694|0|361104574355|0|59|0|16585|
3611036022|세종특별자치시||연서면|쌍전리|0|175|41|361104574355|0|119|27|28760|
3611036022|세종특별자치시||연서면|쌍전리|0|175|43|361104574355|0|119|33|26011|
3611036022|세종특별자치시||연서면|쌍전리|0|175|33|361104574355|0|119|44|28360|
3611036022|세종특별자치시||연서면|쌍전리|0|175|27|361104574355|0|119|47|26012|
3611036022|세종특별자치시||연서면|쌍전리|0|175|29|361104574355|0|119|54|28700|
3611036022|세종특별자치시||연서면|쌍전리|0|514|1|361104574355|0|157|11|16586|
3611036022|세종특별자치시||연서면|쌍전리|0|413|0|361104574355|0|162|27|239|
3611036022|세종특별자치시||연서면|쌍전리|0|432|0|361104574355|0|194|0|16587|
3611036022|세종특별자치시||연서면|쌍전리|0|432|0|361104574355|0|196|0|16588|
3611036022|세종특별자치시||연서면|쌍전리|0|432|4|361104574355|0|202|1|16589|
3611036022|세종특별자치시||연서면|쌍전리|0|430|2|361104574355|0|202|5|16590|
3611038031|세종특별자치시||전동면|심중리|0|496|0|361104574356|0|7|1|16591|
3611038031|세종특별자치시||전동면|심중리|0|510|0|361104574356|0|12|10|25943|
3611038031|세종특별자치시||전동면|심중리|0|511|13|361104574356|0|12|10|25944|
3611031021|세종특별자치시||연기면|연기리|0|599|6|361104574357|0|33|2|29251|
3611031021|세종특별자치시||연기면|연기리|0|599|7|361104574357|0|33|2|29252|
3611031021|세종특별자치시||연기면|연기리|0|599|18|361104574357|0|33|2|29253|
3611031021|세종특별자치시||연기면|연기리|0|599|17|361104574357|0|33|2|29254|
3611031021|세종특별자치시||연기면|연기리|0|599|20|361104574357|0|33|2|29255|
3611031021|세종특별자치시||연기면|연기리|0|599|15|361104574357|0|33|6|29232|
3611031021|세종특별자치시||연기면|연기리|0|599|22|361104574357|0|33|6|29233|
3611031021|세종특별자치시||연기면|연기리|0|747|0|361104574357|0|33|6|29234|
3611031021|세종특별자치시||연기면|연기리|0|599|8|361104574357|0|33|6|29235|
3611031021|세종특별자치시||연기면|연기리|0|601|5|361104574357|0|34|0|16603|
3611031021|세종특별자치시||연기면|연기리|0|599|18|361104574357|0|35|0|29256|
3611031021|세종특별자치시||연기면|연기리|0|599|11|361104574357|0|35|0|29257|
3611031021|세종특별자치시||연기면|연기리|0|599|20|361104574357|0|35|0|29258|
3611031021|세종특별자치시||연기면|연기리|0|601|2|361104574357|0|35|0|29259|
3611031021|세종특별자치시||연기면|연기리|0|601|6|361104574357|0|37|0|29243|
3611031021|세종특별자치시||연기면|연기리|0|599|11|361104574357|0|37|0|29244|
3611031021|세종특별자치시||연기면|연기리|0|601|10|361104574357|0|37|0|29245|
3611031021|세종특별자치시||연기면|연기리|0|419|3|361104574357|0|45|1|29220|
3611039024|세종특별자치시||소정면|고등리|0|207|1|361104574358|0|80|3|16606|
3611039024|세종특별자치시||소정면|고등리|0|205|3|361104574358|0|86|0|16607|
3611039024|세종특별자치시||소정면|고등리|0|191|1|361104574358|0|94|35|27020|
3611036021|세종특별자치시||연서면|월하리|0|948|18|361104574359|0|89|0|24840|
3611036021|세종특별자치시||연서면|월하리|0|948|82|361104574359|0|89|0|24841|
3611036021|세종특별자치시||연서면|월하리|0|948|10|361104574359|0|92|0|16609|
3611037022|세종특별자치시||전의면|동교리|0|40|0|361104574361|0|51|0|16622|
3611037022|세종특별자치시||전의면|동교리|0|43|2|361104574361|0|51|0|16623|
3611037022|세종특별자치시||전의면|동교리|0|43|3|361104574361|0|51|0|16624|
3611037022|세종특별자치시||전의면|동교리|0|40|5|361104574361|0|51|0|16625|
3611037022|세종특별자치시||전의면|동교리|0|41|0|361104574361|0|51|0|16626|
3611037022|세종특별자치시||전의면|동교리|0|41|1|361104574361|0|51|0|16627|
3611036025|세종특별자치시||연서면|용암리|1|24|7|361104574362|0|52|0|243|
3611036025|세종특별자치시||연서면|용암리|1|81|0|361104574362|0|52|0|246|
3611036025|세종특별자치시||연서면|용암리|0|198|4|361104574362|0|52|0|247|
3611036025|세종특별자치시||연서면|용암리|0|25|10|361104574362|0|76|0|16628|
3611036024|세종특별자치시||연서면|고복리|0|549|21|361104574362|0|186|41|22089|
3611036024|세종특별자치시||연서면|고복리|0|415|59|361104574362|0|252|19|26620|
3611036024|세종특별자치시||연서면|고복리|0|415|64|361104574362|0|252|19|26621|
3611036024|세종특별자치시||연서면|고복리|0|415|65|361104574362|0|252|19|26622|
3611036024|세종특별자치시||연서면|고복리|0|415|48|361104574362|0|252|23|27360|
3611036024|세종특별자치시||연서면|고복리|0|415|18|361104574362|0|252|25|27720|
3611036024|세종특별자치시||연서면|고복리|0|415|29|361104574362|0|252|25|27721|
3611025032|세종특별자치시||조치원읍|신안리|0|172|19|361104574364|0|20|6|16631|
3611025032|세종특별자치시||조치원읍|신안리|0|268|3|361104574364|0|74|0|16633|
3611025032|세종특별자치시||조치원읍|신안리|0|493|9|361104574364|0|75|0|27782|
3611025032|세종특별자치시||조치원읍|신안리|0|223|8|361104574364|0|99|0|16634|
3611025032|세종특별자치시||조치원읍|신안리|0|220|14|361104574364|0|105|0|26120|
3611025032|세종특별자치시||조치원읍|신안리|0|219|11|361104574364|0|109|0|137|
3611036027|세종특별자치시||연서면|청라리|0|122|0|361104574368|0|9|0|30760|
3611036027|세종특별자치시||연서면|청라리|0|138|1|361104574368|0|34|4|16639|
3611036027|세종특별자치시||연서면|청라리|0|133|0|361104574368|0|47|9|16640|
3611036027|세종특별자치시||연서면|청라리|0|131|1|361104574368|0|47|10|16641|
3611036027|세종특별자치시||연서면|청라리|0|167|0|361104574368|0|48|0|16642|
3611037026|세종특별자치시||전의면|유천리|0|599|2|361104574369|0|14|0|16707|
3611037032|세종특별자치시||전의면|양곡리|0|548|35|361104574370|0|14|0|25240|
3611037032|세종특별자치시||전의면|양곡리|0|305|0|361104574370|0|14|0|25241|
3611037032|세종특별자치시||전의면|양곡리|0|248|2|361104574370|0|64|5|23643|
3611037032|세종특별자치시||전의면|양곡리|0|288|3|361104574370|0|64|26|26560|
3611037032|세종특별자치시||전의면|양곡리|0|284|2|361104574370|0|64|32|23632|
3611037032|세종특별자치시||전의면|양곡리|0|284|3|361104574370|0|64|32|23633|
3611037032|세종특별자치시||전의면|양곡리|0|284|4|361104574370|0|64|32|23634|
3611037032|세종특별자치시||전의면|양곡리|0|284|2|361104574370|0|64|34|23635|
3611037032|세종특별자치시||전의면|양곡리|0|216|0|361104574370|0|67|2|16711|
3611037032|세종특별자치시||전의면|양곡리|0|218|5|361104574370|0|71|0|16712|
3611037032|세종특별자치시||전의면|양곡리|0|116|8|361104574370|0|111|1|16713|
3611037026|세종특별자치시||전의면|유천리|0|141|5|361104574376|0|89|12|16735|
3611037026|세종특별자치시||전의면|유천리|0|904|1|361104574376|0|89|26|19223|
3611037026|세종특별자치시||전의면|유천리|0|141|3|361104574376|0|89|26|19224|
3611037026|세종특별자치시||전의면|유천리|0|141|14|361104574376|0|89|26|19225|
3611037026|세종특별자치시||전의면|유천리|0|133|1|361104574376|0|92|1|16748|
3611037026|세종특별자치시||전의면|유천리|0|149|7|361104574376|0|99|6|16738|
3611037026|세종특별자치시||전의면|유천리|0|149|9|361104574376|0|99|8|16739|
3611037026|세종특별자치시||전의면|유천리|0|147|2|361104574376|0|99|35|16740|
3611037026|세종특별자치시||전의면|유천리|0|159|0|361104574376|0|99|35|16741|
3611037026|세종특별자치시||전의면|유천리|0|152|5|361104574376|0|100|9|16742|
3611037026|세종특별자치시||전의면|유천리|0|154|2|361104574376|0|100|15|16743|
3611037026|세종특별자치시||전의면|유천리|0|153|1|361104574376|0|110|5|16744|
3611032022|세종특별자치시||연동면|문주리|0|103|1|361104574377|0|22|8|194|
3611032022|세종특별자치시||연동면|문주리|0|102|2|361104574377|0|22|8|20528|
3611031021|세종특별자치시||연기면|연기리|0|388|4|361104574378|0|1|0|23683|
3611031021|세종특별자치시||연기면|연기리|0|352|3|361104574378|0|14|0|266|
3611031021|세종특별자치시||연기면|연기리|0|352|10|361104574378|0|14|3|23682|
3611032021|세종특별자치시||연동면|내판리|0|35|5|361104574379|0|11|0|16756|
3611032021|세종특별자치시||연동면|내판리|0|41|0|361104574379|0|19|26|30160|
3611036021|세종특별자치시||연서면|월하리|1|57|6|361104574381|0|34|0|22909|
3611034041|세종특별자치시||금남면|영곡리|0|43|7|361104574382|0|1|0|27462|
3611034041|세종특별자치시||금남면|영곡리|0|58|1|361104574382|0|13|0|16760|
3611034041|세종특별자치시||금남면|영곡리|0|89|0|361104574382|0|31|35|23230|
3611034041|세종특별자치시||금남면|영곡리|0|89|3|361104574382|0|31|41|22352|
3611034031|세종특별자치시||금남면|영대리|0|190|3|361104574383|0|6|0|30020|
3611034031|세종특별자치시||금남면|영대리|0|564|0|361104574383|0|78|12|16762|
3611034031|세종특별자치시||금남면|영대리|0|622|1|361104574383|0|78|12|16763|
3611034031|세종특별자치시||금남면|영대리|0|643|1|361104574383|0|78|17|16764|
3611034031|세종특별자치시||금남면|영대리|1|111|0|361104574383|0|78|20|16765|
3611034031|세종특별자치시||금남면|영대리|0|714|0|361104574383|0|138|0|16767|
3611034031|세종특별자치시||금남면|영대리|0|704|0|361104574383|0|148|5|16769|
3611034031|세종특별자치시||금남면|영대리|0|706|0|361104574383|0|148|9|16770|
3611037031|세종특별자치시||전의면|영당리|0|26|3|361104574385|0|22|0|16771|
3611037031|세종특별자치시||전의면|영당리|0|21|16|361104574385|0|32|3|16772|
3611037031|세종특별자치시||전의면|영당리|0|21|5|361104574385|0|32|3|16773|
3611037030|세종특별자치시||전의면|신방리|0|242|0|361104574385|0|55|0|16774|
3611037030|세종특별자치시||전의면|신방리|0|235|4|361104574385|0|61|0|16775|
3611034028|세종특별자치시||금남면|영치리|0|248|0|361104574386|0|75|0|20909|
3611034028|세종특별자치시||금남면|영치리|0|252|0|361104574386|0|75|0|20910|
3611034028|세종특별자치시||금남면|영치리|0|253|2|361104574386|0|75|0|20911|
3611032026|세종특별자치시||연동면|예양리|0|52|4|361104574387|0|28|0|28785|
3611032026|세종특별자치시||연동면|예양리|0|52|0|361104574387|0|28|0|28786|
3611032026|세종특별자치시||연동면|예양리|0|52|1|361104574387|0|28|0|28787|
3611032026|세종특별자치시||연동면|예양리|0|52|2|361104574387|0|28|0|28788|
3611032026|세종특별자치시||연동면|예양리|0|59|4|361104574387|0|28|0|28789|
3611032026|세종특별자치시||연동면|예양리|1|11|2|361104574387|0|32|0|16780|
3611032026|세종특별자치시||연동면|예양리|1|11|4|361104574387|0|45|0|16781|
3611025026|세종특별자치시||조치원읍|명리|0|50|4|361104574388|0|23|0|19062|
3611025026|세종특별자치시||조치원읍|명리|0|48|15|361104574389|0|9|0|16784|
3611036032|세종특별자치시||연서면|부동리|0|132|0|361104574391|0|16|0|16785|
3611036032|세종특별자치시||연서면|부동리|0|133|0|361104574391|0|19|0|20293|
3611036032|세종특별자치시||연서면|부동리|0|133|1|361104574391|0|19|0|20294|
3611036032|세종특별자치시||연서면|부동리|0|135|2|361104574391|0|19|0|20295|
3611036032|세종특별자치시||연서면|부동리|0|251|0|361104574391|0|19|0|20296|
3611036032|세종특별자치시||연서면|부동리|0|208|6|361104574391|0|39|0|16790|
3611036032|세종특별자치시||연서면|부동리|0|196|2|361104574391|0|42|10|16791|
3611036032|세종특별자치시||연서면|부동리|0|195|1|361104574391|0|42|10|16792|
3611036032|세종특별자치시||연서면|부동리|0|199|0|361104574391|0|43|0|26121|
3611036032|세종특별자치시||연서면|부동리|1|32|0|361104574391|0|58|12|16793|
3611037026|세종특별자치시||전의면|유천리|0|327|0|361104574392|0|24|0|26010|
3611037026|세종특별자치시||전의면|유천리|0|689|1|361104574392|0|100|0|16794|
3611037026|세종특별자치시||전의면|유천리|0|691|6|361104574392|0|106|1|16795|
3611037026|세종특별자치시||전의면|유천리|0|843|19|361104574392|0|110|7|16796|
3611037026|세종특별자치시||전의면|유천리|0|691|6|361104574392|0|110|8|16797|
3611037026|세종특별자치시||전의면|유천리|0|678|1|361104574392|0|110|9|16798|
3611037026|세종특별자치시||전의면|유천리|0|692|2|361104574392|0|110|14|16799|
3611037026|세종특별자치시||전의면|유천리|0|693|0|361104574392|0|110|16|16800|
3611037030|세종특별자치시||전의면|신방리|0|86|2|361104574393|0|15|0|16806|
3611036033|세종특별자치시||연서면|봉암리|0|424|0|361104574394|0|5|4|16811|
3611031023|세종특별자치시||연기면|눌왕리|0|710|23|361104574397|0|8|0|16834|
3611031023|세종특별자치시||연기면|눌왕리|0|724|2|361104574397|0|8|0|16835|
3611031023|세종특별자치시||연기면|눌왕리|0|134|6|361104574397|0|9|0|16836|
3611031023|세종특별자치시||연기면|눌왕리|0|134|7|361104574397|0|9|0|16837|
3611031023|세종특별자치시||연기면|눌왕리|0|407|1|361104574397|0|39|0|16839|
3611039021|세종특별자치시||소정면|소정리|0|405|1|361104574398|0|6|0|16840|
3611039021|세종특별자치시||소정면|소정리|0|506|0|361104574398|0|29|0|18084|
3611039021|세종특별자치시||소정면|소정리|0|505|2|361104574398|0|31|0|16842|
3611038030|세종특별자치시||전동면|송성리|0|274|3|361104574399|0|32|0|16843|
3611038030|세종특별자치시||전동면|송성리|0|271|1|361104574399|0|36|0|16844|
3611038030|세종특별자치시||전동면|송성리|0|257|3|361104574399|0|45|0|16845|
3611034025|세종특별자치시||금남면|용담리|0|104|8|361104574400|0|28|45|16846|
3611034025|세종특별자치시||금남면|용담리|0|324|0|361104574400|0|40|2|23790|
3611037033|세종특별자치시||전의면|달전리|0|588|1|361104574401|0|34|0|16848|
3611037033|세종특별자치시||전의면|달전리|0|589|1|361104574401|0|34|0|16849|
3611037033|세종특별자치시||전의면|달전리|0|588|2|361104574401|0|34|0|16850|
3611037021|세종특별자치시||전의면|읍내리|0|331|1|361104574402|0|7|0|16851|
3611037021|세종특별자치시||전의면|읍내리|0|332|1|361104574402|0|7|0|16852|
3611036025|세종특별자치시||연서면|용암리|0|225|4|361104574403|0|24|0|16853|
3611036025|세종특별자치시||연서면|용암리|0|225|10|361104574403|0|28|4|22910|
3611036025|세종특별자치시||연서면|용암리|0|256|3|361104574403|0|75|5|16854|
3611036025|세종특별자치시||연서면|용암리|0|260|5|361104574403|0|80|0|16855|
3611036025|세종특별자치시||연서면|용암리|0|261|2|361104574403|0|86|6|16856|
3611036025|세종특별자치시||연서면|용암리|0|270|1|361104574403|0|89|5|16857|
3611036025|세종특별자치시||연서면|용암리|0|274|0|361104574403|0|91|0|16858|
3611036025|세종특별자치시||연서면|용암리|0|276|0|361104574403|0|91|0|16859|
3611036025|세종특별자치시||연서면|용암리|1|34|20|361104574403|0|91|6|16860|
3611036025|세종특별자치시||연서면|용암리|0|273|1|361104574403|0|91|6|16861|
3611036025|세종특별자치시||연서면|용암리|0|273|2|361104574403|0|91|6|16862|
3611036025|세종특별자치시||연서면|용암리|0|275|0|361104574403|0|91|6|16863|
3611036025|세종특별자치시||연서면|용암리|0|275|1|361104574403|0|91|6|16864|
3611036025|세종특별자치시||연서면|용암리|0|302|0|361104574403|0|167|0|24370|
3611036025|세종특별자치시||연서면|용암리|0|302|1|361104574403|0|167|0|24371|
3611036025|세종특별자치시||연서면|용암리|0|303|0|361104574403|0|167|0|24372|
3611036025|세종특별자치시||연서면|용암리|0|303|6|361104574403|0|167|0|24373|
3611036025|세종특별자치시||연서면|용암리|0|303|11|361104574403|0|167|0|24374|
3611034021|세종특별자치시||금남면|용포리|0|329|3|361104574405|0|22|0|24691|
3611034021|세종특별자치시||금남면|용포리|0|329|14|361104574405|0|22|0|24692|
3611034021|세종특별자치시||금남면|용포리|0|329|13|361104574405|0|22|0|24693|
3611034021|세종특별자치시||금남면|용포리|0|140|0|361104574406|0|5|0|16895|
3611034021|세종특별자치시||금남면|용포리|0|117|2|361104574406|0|8|0|24686|
3611034021|세종특별자치시||금남면|용포리|0|140|2|361104574406|0|9|0|24695|
3611034021|세종특별자치시||금남면|용포리|0|144|1|361104574406|0|14|0|16896|
3611034021|세종특별자치시||금남면|용포리|0|146|9|361104574406|0|22|0|16897|
3611034021|세종특별자치시||금남면|용포리|0|118|5|361104574407|0|7|0|24684|
3611034021|세종특별자치시||금남면|용포리|0|98|5|361104574407|0|24|0|30500|
3611034021|세종특별자치시||금남면|용포리|0|56|2|361104574408|0|9|0|279|
3611034021|세종특별자치시||금남면|용포리|0|63|30|361104574408|0|14|6|24682|
3611034021|세종특별자치시||금남면|용포리|0|180|30|361104574409|0|18|7|16908|
3611034021|세종특별자치시||금남면|용포리|0|183|8|361104574409|0|24|4|604|
3611034021|세종특별자치시||금남면|용포리|0|168|8|361104574409|0|33|1|22489|
3611034021|세종특별자치시||금남면|용포리|0|152|8|361104574410|0|6|5|16912|
3611034021|세종특별자치시||금남면|용포리|0|183|15|361104574410|0|7|2|281|
3611034021|세종특별자치시||금남면|용포리|0|183|17|361104574410|0|7|3|16913|
3611034021|세종특별자치시||금남면|용포리|0|165|0|361104574410|0|25|0|17883|
3611034021|세종특별자치시||금남면|용포리|0|187|5|361104574411|0|11|1|603|
3611034021|세종특별자치시||금남면|용포리|0|152|3|361104574411|0|17|6|602|
3611039022|세종특별자치시||소정면|운당리|0|104|15|361104574415|0|21|0|16926|
3611037028|세종특별자치시||전의면|신정리|0|537|1|361104574416|0|87|0|30005|
3611037028|세종특별자치시||전의면|신정리|0|538|1|361104574416|0|87|0|30006|
3611037028|세종특별자치시||전의면|신정리|0|538|3|361104574416|0|87|0|30007|
3611031023|세종특별자치시||연기면|눌왕리|0|671|0|361104574417|0|11|5|23700|
3611031023|세종특별자치시||연기면|눌왕리|0|670|6|361104574417|0|11|5|23701|
3611031023|세종특별자치시||연기면|눌왕리|0|674|1|361104574417|0|15|5|16990|
3611031023|세종특별자치시||연기면|눌왕리|0|673|0|361104574417|0|15|5|16991|
3611031023|세종특별자치시||연기면|눌왕리|0|676|2|361104574417|0|15|6|16992|
3611031023|세종특별자치시||연기면|눌왕리|0|676|1|361104574417|0|15|8|16993|
3611031023|세종특별자치시||연기면|눌왕리|0|678|2|361104574417|0|15|14|16995|
3611031023|세종특별자치시||연기면|눌왕리|0|679|0|361104574417|0|21|1|16996|
3611031023|세종특별자치시||연기면|눌왕리|0|680|2|361104574417|0|25|0|31040|
3611031023|세종특별자치시||연기면|눌왕리|0|680|4|361104574417|0|25|0|31041|
3611031023|세종특별자치시||연기면|눌왕리|0|680|7|361104574417|0|25|0|31042|
3611031023|세종특별자치시||연기면|눌왕리|0|680|2|361104574417|0|27|0|31080|
3611031023|세종특별자치시||연기면|눌왕리|0|680|4|361104574417|0|27|0|31081|
3611025034|세종특별자치시||조치원읍|서창리|0|66|32|361104574418|0|15|0|23953|
3611025034|세종특별자치시||조치원읍|서창리|0|66|32|361104574418|0|15|2|23954|
3611025034|세종특별자치시||조치원읍|서창리|0|66|32|361104574418|0|15|3|23955|
3611025034|세종특별자치시||조치원읍|서창리|0|279|0|361104574418|0|30|0|174|
3611025034|세종특별자치시||조치원읍|서창리|0|181|9|361104574418|0|31|5|22509|
3611025034|세종특별자치시||조치원읍|서창리|0|182|0|361104574418|0|33|0|13601|
3611025034|세종특별자치시||조치원읍|서창리|0|182|14|361104574418|0|36|0|17003|
3611025034|세종특별자치시||조치원읍|서창리|0|63|24|361104574418|0|45|0|17004|
3611031023|세종특별자치시||연기면|눌왕리|0|286|2|361104574419|0|8|6|17011|
3611031023|세종특별자치시||연기면|눌왕리|0|85|0|361104574419|0|24|0|17012|
3611031023|세종특별자치시||연기면|눌왕리|0|86|0|361104574419|0|24|0|17013|
3611031023|세종특별자치시||연기면|눌왕리|0|87|1|361104574419|0|24|0|17014|
3611038021|세종특별자치시||전동면|노장리|1|81|0|361104574420|0|87|0|17015|
3611038021|세종특별자치시||전동면|노장리|0|304|0|361104574420|0|87|0|17016|
3611038021|세종특별자치시||전동면|노장리|0|311|2|361104574420|0|87|0|17017|
3611038021|세종특별자치시||전동면|노장리|0|677|1|361104574420|0|88|0|17018|
3611038021|세종특별자치시||전동면|노장리|0|308|0|361104574420|0|88|14|22010|
3611038021|세종특별자치시||전동면|노장리|0|308|1|361104574420|0|88|16|22009|
3611038021|세종특별자치시||전동면|노장리|1|81|0|361104574420|0|101|0|17019|
3611032023|세종특별자치시||연동면|명학리|0|971|0|361104574421|0|44|0|22051|
3611036026|세종특별자치시||연서면|쌍류리|0|282|1|361104574426|0|7|0|17056|
3611036026|세종특별자치시||연서면|쌍류리|0|257|2|361104574426|0|36|5|17057|
3611036021|세종특별자치시||연서면|월하리|0|618|7|361104574427|0|12|13|17058|
3611036021|세종특별자치시||연서면|월하리|0|637|27|361104574427|0|29|8|17059|
3611036021|세종특별자치시||연서면|월하리|0|597|7|361104574427|0|31|10|17060|
3611036021|세종특별자치시||연서면|월하리|1|127|7|361104574428|0|15|0|17062|
3611037033|세종특별자치시||전의면|달전리|0|375|3|361104574429|0|20|5|17063|
3611037033|세종특별자치시||전의면|달전리|0|272|3|361104574429|0|25|12|24470|
3611037033|세종특별자치시||전의면|달전리|0|273|1|361104574429|0|25|12|24471|
3611037033|세종특별자치시||전의면|달전리|0|273|4|361104574429|0|25|12|24472|
3611037033|세종특별자치시||전의면|달전리|0|273|5|361104574429|0|25|12|24473|
3611037033|세종특별자치시||전의면|달전리|0|273|6|361104574429|0|25|12|24474|
3611037033|세종특별자치시||전의면|달전리|0|273|3|361104574429|0|25|12|24475|
3611037033|세종특별자치시||전의면|달전리|0|375|3|361104574429|0|39|0|17066|
3611025027|세종특별자치시||조치원읍|남리|0|123|4|361104574430|0|112|0|17068|
3611025027|세종특별자치시||조치원읍|남리|0|41|5|361104574430|0|140|0|20191|
3611025021|세종특별자치시||조치원읍|원리|0|141|59|361104574430|0|177|0|29121|
3611025021|세종특별자치시||조치원읍|원리|0|141|75|361104574430|0|177|0|29122|
3611025021|세종특별자치시||조치원읍|원리|0|141|55|361104574430|0|177|0|29123|
3611025021|세종특별자치시||조치원읍|원리|0|141|49|361104574430|0|177|0|29124|
3611025021|세종특별자치시||조치원읍|원리|0|141|40|361104574430|0|183|0|10|
3611025021|세종특별자치시||조치원읍|원리|0|141|39|361104574430|0|183|0|11|
3611025021|세종특별자치시||조치원읍|원리|0|141|1|361104574430|0|215|0|23661|
3611025021|세종특별자치시||조치원읍|원리|0|141|22|361104574430|0|227|2|17075|
3611025021|세종특별자치시||조치원읍|원리|0|10|9|361104574430|0|230|0|19985|
3611036028|세종특별자치시||연서면|기룡리|0|393|8|361104574431|0|50|6|26862|
3611036028|세종특별자치시||연서면|기룡리|0|419|0|361104574431|0|64|0|17082|
3611036031|세종특별자치시||연서면|와촌리|0|1218|0|361104574432|0|18|0|17083|
3611036031|세종특별자치시||연서면|와촌리|1|232|0|361104574432|0|19|0|17084|
3611036031|세종특별자치시||연서면|와촌리|0|1219|7|361104574432|0|29|0|17085|
3611036031|세종특별자치시||연서면|와촌리|0|1217|2|361104574432|0|34|0|17086|
3611037030|세종특별자치시||전의면|신방리|0|421|2|361104574434|0|12|0|17090|
3611037030|세종특별자치시||전의면|신방리|0|428|2|361104574434|0|34|0|17091|
3611037030|세종특별자치시||전의면|신방리|0|431|0|361104574434|0|39|0|17092|
3611037021|세종특별자치시||전의면|읍내리|0|255|1|361104574435|0|5|0|24732|
3611025031|세종특별자치시||조치원읍|번암리|0|195|1|361104574438|0|25|0|132|
3611025031|세종특별자치시||조치원읍|번암리|0|197|3|361104574438|0|28|0|17095|
3611032024|세종특별자치시||연동면|응암리|0|647|4|361104574439|0|76|13|17097|
3611032024|세종특별자치시||연동면|응암리|0|645|4|361104574439|0|76|14|17098|
3611032024|세종특별자치시||연동면|응암리|0|645|4|361104574439|0|76|16|17099|
3611032024|세종특별자치시||연동면|응암리|0|652|2|361104574439|0|93|0|17100|
3611032024|세종특별자치시||연동면|응암리|0|610|3|361104574439|0|138|0|17101|
3611032024|세종특별자치시||연동면|응암리|0|465|11|361104574440|0|14|0|18000|
3611032024|세종특별자치시||연동면|응암리|0|465|9|361104574440|0|14|0|18001|
3611032024|세종특별자치시||연동면|응암리|0|546|2|361104574440|0|86|10|17102|
3611032024|세종특별자치시||연동면|응암리|0|547|0|361104574440|0|86|10|17103|
3611032024|세종특별자치시||연동면|응암리|0|602|4|361104574440|0|127|0|17104|
3611032024|세종특별자치시||연동면|응암리|0|587|10|361104574440|0|130|0|17105|
3611032024|세종특별자치시||연동면|응암리|0|597|1|361104574440|0|134|0|17106|
3611032024|세종특별자치시||연동면|응암리|0|223|4|361104574441|0|6|0|17107|
3611032024|세종특별자치시||연동면|응암리|0|184|0|361104574441|0|9|0|17108|
3611032024|세종특별자치시||연동면|응암리|0|185|7|361104574441|0|25|4|29302|
3611032024|세종특별자치시||연동면|응암리|0|185|10|361104574441|0|25|4|29303|
3611036029|세종특별자치시||연서면|신대리|0|484|8|361104574442|0|27|0|17112|
3611038021|세종특별자치시||전동면|노장리|0|227|5|361104574444|0|40|0|17709|
3611038021|세종특별자치시||전동면|노장리|0|227|6|361104574444|0|40|0|17710|
3611038021|세종특별자치시||전동면|노장리|0|209|5|361104574444|0|69|0|17146|
3611038021|세종특별자치시||전동면|노장리|0|207|3|361104574444|0|97|0|17147|
3611038021|세종특별자치시||전동면|노장리|0|145|5|361104574444|0|118|0|17148|
3611038021|세종특별자치시||전동면|노장리|0|145|6|361104574444|0|120|6|17149|
3611037021|세종특별자치시||전의면|읍내리|0|182|16|361104574445|0|7|0|24728|
3611037021|세종특별자치시||전의면|읍내리|0|181|12|361104574445|0|9|1|24724|
3611037021|세종특별자치시||전의면|읍내리|0|184|0|361104574445|0|14|4|17150|
3611036021|세종특별자치시||연서면|월하리|0|801|9|361104574447|0|14|0|17153|
3611036021|세종특별자치시||연서면|월하리|0|893|3|361104574447|0|38|0|17154|
3611036021|세종특별자치시||연서면|월하리|0|886|1|361104574447|0|61|0|23861|
3611036021|세종특별자치시||연서면|월하리|0|880|12|361104574447|0|61|14|17156|
3611036021|세종특별자치시||연서면|월하리|0|862|3|361104574447|0|105|0|22309|
3611036021|세종특별자치시||연서면|월하리|0|863|5|361104574447|0|109|0|19894|
3611039023|세종특별자치시||소정면|대곡리|0|299|9|361104574448|0|41|0|21869|
3611031022|세종특별자치시||연기면|보통리|0|399|8|361104574449|0|9|0|29264|
3611031022|세종특별자치시||연기면|보통리|0|340|6|361104574449|0|24|0|17164|
3611031022|세종특별자치시||연기면|보통리|0|340|8|361104574449|0|24|0|17165|
3611031022|세종특별자치시||연기면|보통리|0|340|11|361104574449|0|24|0|17166|
3611031022|세종특별자치시||연기면|보통리|0|303|1|361104574449|0|28|0|17167|
3611031022|세종특별자치시||연기면|보통리|0|314|3|361104574449|0|51|0|21049|
3611031022|세종특별자치시||연기면|보통리|0|330|11|361104574449|0|58|7|17169|
3611031022|세종특별자치시||연기면|보통리|0|324|2|361104574449|0|76|0|17170|
3611031022|세종특별자치시||연기면|보통리|0|229|0|361104574449|0|89|0|17171|
3611031022|세종특별자치시||연기면|보통리|0|228|4|361104574449|0|89|0|17172|
3611031022|세종특별자치시||연기면|보통리|0|215|4|361104574449|0|89|16|31020|
3611031022|세종특별자치시||연기면|보통리|0|197|1|361104574449|0|105|1|17173|
3611031022|세종특별자치시||연기면|보통리|0|198|0|361104574449|0|105|1|17174|
3611031022|세종특별자치시||연기면|보통리|0|189|0|361104574449|0|110|0|17175|
3611031022|세종특별자치시||연기면|보통리|0|198|0|361104574449|0|110|0|17176|
3611037035|세종특별자치시||전의면|다방리|0|360|0|361104574450|0|9|0|17178|
3611025029|세종특별자치시||조치원읍|신흥리|0|307|2|361104574451|0|6|0|118|
3611025029|세종특별자치시||조치원읍|신흥리|0|434|0|361104574451|0|8|0|13500|
3611025029|세종특별자치시||조치원읍|신흥리|0|28|6|361104574452|0|16|2|20914|
3611025029|세종특별자치시||조치원읍|신흥리|0|28|3|361104574452|0|19|0|17179|
3611025029|세종특별자치시||조치원읍|신흥리|0|302|4|361104574452|0|19|0|17180|
3611025029|세종특별자치시||조치원읍|신흥리|0|28|6|361104574452|0|20|1|20915|
3611025026|세종특별자치시||조치원읍|명리|0|7|1|361104574453|0|19|0|17182|
3611025026|세종특별자치시||조치원읍|명리|0|81|0|361104574453|0|25|0|53|
3611025026|세종특별자치시||조치원읍|명리|0|76|1|361104574453|0|28|0|17183|
3611025026|세종특별자치시||조치원읍|명리|0|86|0|361104574453|0|32|0|29152|
3611025026|세종특별자치시||조치원읍|명리|0|12|2|361104574453|0|32|0|29153|
3611025026|세종특별자치시||조치원읍|명리|0|72|2|361104574453|0|32|0|29154|
3611025027|세종특별자치시||조치원읍|남리|0|11|16|361104574453|0|61|0|17184|
3611025027|세종특별자치시||조치원읍|남리|0|11|18|361104574453|0|61|0|17185|
3611025027|세종특별자치시||조치원읍|남리|0|11|30|361104574453|0|61|0|17186|
3611025027|세종특별자치시||조치원읍|남리|0|11|31|361104574453|0|61|0|17187|
3611025027|세종특별자치시||조치원읍|남리|0|11|35|361104574453|0|61|0|17188|
3611025027|세종특별자치시||조치원읍|남리|0|21|4|361104574453|0|62|7|17189|
3611025027|세종특별자치시||조치원읍|남리|0|374|0|361104574453|0|96|0|17190|
3611025022|세종특별자치시||조치원읍|상리|0|89|1|361104574454|0|7|0|31380|
3611025026|세종특별자치시||조치원읍|명리|0|12|10|361104574454|0|19|0|17192|
3611025025|세종특별자치시||조치원읍|정리|0|28|2|361104574455|0|6|0|17193|
3611025025|세종특별자치시||조치원읍|정리|0|10|0|361104574455|0|8|0|17194|
3611025025|세종특별자치시||조치원읍|정리|0|52|5|361104574455|0|31|0|23174|
3611025025|세종특별자치시||조치원읍|정리|0|56|5|361104574455|0|31|0|23175|
3611025025|세종특별자치시||조치원읍|정리|0|51|6|361104574455|0|31|0|23176|
3611025027|세종특별자치시||조치원읍|남리|0|354|0|361104574455|0|92|0|18821|
3611034036|세종특별자치시||금남면|장재리|0|355|3|361104574457|0|18|0|17206|
3611034036|세종특별자치시||금남면|장재리|0|338|1|361104574457|0|40|11|17207|
3611037021|세종특별자치시||전의면|읍내리|0|243|0|361104574459|0|20|0|17208|
3611037021|세종특별자치시||전의면|읍내리|0|227|1|361104574459|0|27|0|17209|
3611037021|세종특별자치시||전의면|읍내리|0|233|4|361104574459|0|27|0|17210|
3611031024|세종특별자치시||연기면|수산리|0|103|4|361104574462|0|32|0|28401|
3611031024|세종특별자치시||연기면|수산리|0|92|3|361104574462|0|76|11|29287|
3611031024|세종특별자치시||연기면|수산리|0|92|2|361104574462|0|76|11|29288|
3611031024|세종특별자치시||연기면|수산리|0|98|2|361104574462|0|76|15|21689|
3611025022|세종특별자치시||조치원읍|상리|0|69|22|361104574463|0|9|0|21870|
3611025026|세종특별자치시||조치원읍|명리|0|19|0|361104574463|0|35|0|17237|
3611025026|세종특별자치시||조치원읍|명리|0|24|1|361104574463|0|35|0|17238|
3611025026|세종특별자치시||조치원읍|명리|0|15|3|361104574463|0|50|6|17240|
3611025026|세종특별자치시||조치원읍|명리|0|43|4|361104574463|0|63|0|17241|
3611025026|세종특별자치시||조치원읍|명리|0|51|3|361104574463|0|66|0|30960|
3611025022|세종특별자치시||조치원읍|상리|0|31|2|361104574464|0|16|1|14|
3611025022|세종특별자치시||조치원읍|상리|0|32|0|361104574464|0|16|1|15|
3611025022|세종특별자치시||조치원읍|상리|0|51|3|361104574465|0|7|0|21190|
3611025022|세종특별자치시||조치원읍|상리|0|56|2|361104574465|0|17|0|29740|
3611025025|세종특별자치시||조치원읍|정리|0|103|2|361104574467|0|37|0|17244|
3611025025|세종특별자치시||조치원읍|정리|0|105|22|361104574467|0|46|0|17245|
3611025025|세종특별자치시||조치원읍|정리|0|110|10|361104574467|0|60|0|17246|
3611025024|세종특별자치시||조치원읍|교리|0|23|4|361104574468|0|30|1|17249|
3611025024|세종특별자치시||조치원읍|교리|0|23|8|361104574468|0|30|1|17250|
3611025027|세종특별자치시||조치원읍|남리|0|330|0|361104574469|0|129|0|69|
3611025024|세종특별자치시||조치원읍|교리|0|22|4|361104574470|0|34|14|18760|
3611025024|세종특별자치시||조치원읍|교리|0|17|3|361104574470|0|50|23|17251|
3611025024|세종특별자치시||조치원읍|교리|0|17|5|361104574470|0|50|23|17252|
3611025024|세종특별자치시||조치원읍|교리|0|7|22|361104574470|0|75|5|28800|
3611025024|세종특별자치시||조치원읍|교리|0|7|23|361104574470|0|75|5|28801|
3611025024|세종특별자치시||조치원읍|교리|0|7|4|361104574470|0|76|5|17253|
3611025021|세종특별자치시||조치원읍|원리|0|4|21|361104574471|0|7|0|19885|
3611025021|세종특별자치시||조치원읍|원리|0|4|22|361104574471|0|7|0|19886|
3611025021|세종특별자치시||조치원읍|원리|0|4|23|361104574471|0|7|0|19887|
3611025021|세종특별자치시||조치원읍|원리|0|4|24|361104574471|0|7|0|19888|
3611025021|세종특별자치시||조치원읍|원리|0|4|25|361104574471|0|13|3|19889|
3611025021|세종특별자치시||조치원읍|원리|0|4|26|361104574471|0|13|3|19890|
3611025021|세종특별자치시||조치원읍|원리|0|4|27|361104574471|0|13|3|19891|
3611025021|세종특별자치시||조치원읍|원리|0|4|29|361104574471|0|13|3|19892|
3611025021|세종특별자치시||조치원읍|원리|0|84|2|361104574473|0|6|0|22389|
3611025025|세종특별자치시||조치원읍|정리|0|8|0|361104574473|0|31|0|17254|
3611025025|세종특별자치시||조치원읍|정리|0|10|0|361104574473|0|34|0|17255|
3611025025|세종특별자치시||조치원읍|정리|0|25|2|361104574473|0|34|6|17256|
3611025025|세종특별자치시||조치원읍|정리|0|46|12|361104574473|0|53|0|23338|
3611025025|세종특별자치시||조치원읍|정리|0|44|12|361104574473|0|59|0|17258|
3611025025|세종특별자치시||조치원읍|정리|0|53|3|361104574473|0|62|0|17259|
3611025023|세종특별자치시||조치원읍|평리|0|47|11|361104574474|0|41|9|25|
3611025023|세종특별자치시||조치원읍|평리|0|52|3|361104574474|0|50|0|21994|
3611025023|세종특별자치시||조치원읍|평리|0|35|6|361104574474|0|77|4|484|
3611025034|세종특별자치시||조치원읍|서창리|0|27|5|361104574475|0|12|0|17274|
3611025034|세종특별자치시||조치원읍|서창리|0|30|11|361104574475|0|38|0|17275|
3611037028|세종특별자치시||전의면|신정리|0|125|0|361104574476|0|42|0|17276|
3611037028|세종특별자치시||전의면|신정리|0|128|0|361104574476|0|42|0|17277|
3611037028|세종특별자치시||전의면|신정리|0|125|0|361104574476|0|43|0|17278|
3611037028|세종특별자치시||전의면|신정리|0|119|1|361104574476|0|52|0|17279|
3611037028|세종특별자치시||전의면|신정리|0|120|0|361104574476|0|52|0|17280|
3611038030|세종특별자치시||전동면|송성리|0|613|3|361104574478|0|3|2|17282|
3611038021|세종특별자치시||전동면|노장리|0|111|2|361104574479|0|85|17|17289|
3611038021|세종특별자치시||전동면|노장리|0|111|4|361104574479|0|85|17|17290|
3611038021|세종특별자치시||전동면|노장리|0|335|8|361104574480|0|107|11|26822|
3611038021|세종특별자치시||전동면|노장리|0|445|0|361104574480|0|107|11|26823|
3611038021|세종특별자치시||전동면|노장리|0|687|6|361104574480|0|113|0|28020|
3611038021|세종특별자치시||전동면|노장리|0|330|7|361104574480|0|118|0|30720|
3611038021|세종특별자치시||전동면|노장리|0|328|2|361104574480|0|124|0|24460|
3611038021|세종특별자치시||전동면|노장리|0|470|13|361104574480|0|125|13|26982|
3611038021|세종특별자치시||전동면|노장리|0|327|1|361104574480|0|130|8|17291|
3611038021|세종특별자치시||전동면|노장리|0|325|1|361104574480|0|130|10|17292|
3611037027|세종특별자치시||전의면|관정리|0|51|0|361104574481|0|18|0|17293|
3611037027|세종특별자치시||전의면|관정리|0|94|1|361104574481|0|57|0|17294|
3611037027|세종특별자치시||전의면|관정리|0|105|3|361104574481|0|59|10|17295|
3611036033|세종특별자치시||연서면|봉암리|0|414|0|361104574482|0|2|0|17296|
3611036033|세종특별자치시||연서면|봉암리|0|429|0|361104574482|0|22|11|17297|
3611025030|세종특별자치시||조치원읍|죽림리|0|207|3|361104574483|0|6|0|24424|
3611025030|세종특별자치시||조치원읍|죽림리|0|207|2|361104574483|0|6|0|24425|
3611038029|세종특별자치시||전동면|미곡리|0|219|24|361104574484|0|1|0|17707|
3611038029|세종특별자치시||전동면|미곡리|0|219|25|361104574484|0|1|0|17708|
3611038027|세종특별자치시||전동면|송정리|0|104|2|361104574485|0|16|0|30520|
3611038027|세종특별자치시||전동면|송정리|0|104|1|361104574485|0|16|0|30521|
3611038027|세종특별자치시||전동면|송정리|0|77|7|361104574485|0|54|0|23138|
3611038027|세종특별자치시||전동면|송정리|0|252|0|361104574485|0|54|0|23139|
3611038027|세종특별자치시||전동면|송정리|0|253|2|361104574485|0|54|0|23140|
3611038027|세종특별자치시||전동면|송정리|0|257|1|361104574485|0|54|0|23141|
3611038027|세종특별자치시||전동면|송정리|0|251|0|361104574485|0|54|0|23142|
3611038027|세종특별자치시||전동면|송정리|0|257|4|361104574485|0|54|0|23143|
3611038027|세종특별자치시||전동면|송정리|0|253|0|361104574485|0|54|0|23144|
3611037026|세종특별자치시||전의면|유천리|0|376|1|361104574487|0|57|22|17306|
3611037026|세종특별자치시||전의면|유천리|0|376|5|361104574487|0|57|22|17307|
3611037026|세종특별자치시||전의면|유천리|0|400|1|361104574487|0|57|34|31761|
3611037026|세종특별자치시||전의면|유천리|0|371|5|361104574487|0|61|0|29460|
3611037026|세종특별자치시||전의면|유천리|0|371|1|361104574487|0|61|0|29461|
3611037026|세종특별자치시||전의면|유천리|0|372|9|361104574487|0|61|0|29462|
3611037026|세종특별자치시||전의면|유천리|0|373|2|361104574487|0|61|0|29463|
3611037026|세종특별자치시||전의면|유천리|0|372|1|361104574487|0|61|0|29464|
3611036027|세종특별자치시||연서면|청라리|0|325|3|361104574488|0|6|9|17310|
3611036027|세종특별자치시||연서면|청라리|0|314|0|361104574488|0|10|0|17311|
3611036027|세종특별자치시||연서면|청라리|0|416|0|361104574488|0|29|0|17312|
3611036027|세종특별자치시||연서면|청라리|0|396|2|361104574488|0|30|32|30265|
3611036027|세종특별자치시||연서면|청라리|0|309|0|361104574489|0|5|0|17313|
3611036027|세종특별자치시||연서면|청라리|0|343|2|361104574489|0|24|1|17314|
3611036027|세종특별자치시||연서면|청라리|0|343|3|361104574489|0|24|1|17315|
3611036027|세종특별자치시||연서면|청라리|0|503|1|361104574489|0|28|0|17316|
3611034031|세종특별자치시||금남면|영대리|0|777|3|361104574490|0|114|0|17317|
3611038023|세종특별자치시||전동면|청송리|0|430|0|361104574491|0|20|0|21509|
3611038023|세종특별자치시||전동면|청송리|0|429|7|361104574491|0|33|8|17318|
3611038023|세종특별자치시||전동면|청송리|0|429|7|361104574491|0|37|0|17319|
3611038023|세종특별자치시||전동면|청송리|0|425|6|361104574491|0|39|3|17320|
3611038023|세종특별자치시||전동면|청송리|0|328|2|361104574491|0|39|9|23359|
3611038023|세종특별자치시||전동면|청송리|0|375|6|361104574491|0|67|7|17323|
3611031023|세종특별자치시||연기면|눌왕리|0|479|1|361104574493|0|34|4|22269|
3611031023|세종특별자치시||연기면|눌왕리|0|479|2|361104574493|0|34|4|22270|
3611031023|세종특별자치시||연기면|눌왕리|0|492|2|361104574493|0|34|11|21041|
3611031023|세종특별자치시||연기면|눌왕리|0|492|3|361104574493|0|34|11|21042|
3611034035|세종특별자치시||금남면|부용리|0|502|5|361104574494|0|1|0|21043|
3611034035|세종특별자치시||금남면|부용리|0|564|18|361104574494|0|27|0|24941|
3611034035|세종특별자치시||금남면|부용리|0|532|0|361104574494|0|45|0|22230|
3611034035|세종특별자치시||금남면|부용리|0|263|1|361104574494|0|65|0|22231|
3611034034|세종특별자치시||금남면|대박리|0|323|0|361104574495|0|37|1|22232|
3611034034|세종특별자치시||금남면|대박리|0|333|0|361104574495|0|50|14|22233|
3611034034|세종특별자치시||금남면|대박리|1|41|2|361104574495|0|56|10|22234|
3611034034|세종특별자치시||금남면|대박리|0|19|1|361104574495|0|121|0|22235|
3611034026|세종특별자치시||금남면|축산리|0|310|0|361104574496|0|35|0|22236|
3611034026|세종특별자치시||금남면|축산리|0|208|4|361104574496|0|56|0|27620|
3611025028|세종특별자치시||조치원읍|침산리|0|166|173|361104574499|0|3|0|26400|
3611025028|세종특별자치시||조치원읍|침산리|0|166|129|361104574499|0|5|3|22734|
3611025028|세종특별자치시||조치원읍|침산리|0|166|246|361104574500|0|6|9|24280|
3611025028|세종특별자치시||조치원읍|침산리|0|243|3|361104574500|0|6|10|29158|
3611025028|세종특별자치시||조치원읍|침산리|0|166|98|361104574500|0|8|4|23672|
3611025028|세종특별자치시||조치원읍|침산리|0|166|245|361104574500|0|8|4|23673|
3611025028|세종특별자치시||조치원읍|침산리|0|166|62|361104574500|0|8|4|23674|
3611025028|세종특별자치시||조치원읍|침산리|0|166|84|361104574500|0|8|4|23675|
3611025028|세종특별자치시||조치원읍|침산리|0|166|8|361104574500|0|8|4|23676|
3611025028|세종특별자치시||조치원읍|침산리|0|166|8|361104574500|0|8|6|22490|
3611025028|세종특별자치시||조치원읍|침산리|0|166|12|361104574500|0|8|7|22491|
3611025028|세종특별자치시||조치원읍|침산리|0|179|1|361104574500|0|13|0|22735|
3611025028|세종특별자치시||조치원읍|침산리|0|187|0|361104574500|0|22|1|22733|
3611025028|세종특별자치시||조치원읍|침산리|0|185|3|361104574500|0|23|0|22732|
3611025028|세종특별자치시||조치원읍|침산리|0|188|0|361104574500|0|24|0|90|
3611025028|세종특별자치시||조치원읍|침산리|0|185|12|361104574500|0|28|0|22730|
3611025028|세종특별자치시||조치원읍|침산리|0|134|17|361104574501|0|2|0|22469|
3611025028|세종특별자치시||조치원읍|침산리|0|134|11|361104574501|0|2|0|22470|
3611025028|세종특별자치시||조치원읍|침산리|0|134|10|361104574501|0|2|0|22471|
3611025028|세종특별자치시||조치원읍|침산리|0|148|3|361104574501|0|11|0|22729|
3611025028|세종특별자치시||조치원읍|침산리|0|111|14|361104574503|0|6|14|22671|
3611025028|세종특별자치시||조치원읍|침산리|0|130|19|361104574503|0|6|20|77|
3611025028|세종특별자치시||조치원읍|침산리|0|164|7|361104574504|0|3|0|24561|
3611025028|세종특별자치시||조치원읍|침산리|0|147|2|361104574504|0|17|0|24567|
3611025028|세종특별자치시||조치원읍|침산리|0|194|3|361104574505|0|1|0|24843|
3611025029|세종특별자치시||조치원읍|신흥리|0|281|9|361104574509|0|12|0|21830|
3611025029|세종특별자치시||조치원읍|신흥리|0|246|12|361104574511|0|13|2|29169|
3611025029|세종특별자치시||조치원읍|신흥리|0|273|4|361104574512|0|5|0|17593|
3611025029|세종특별자치시||조치원읍|신흥리|0|289|3|361104574512|0|22|1|17592|
3611036022|세종특별자치시||연서면|쌍전리|0|191|0|361104574514|0|3|4|17589|
3611036022|세종특별자치시||연서면|쌍전리|0|192|0|361104574514|0|3|4|17590|
3611036022|세종특별자치시||연서면|쌍전리|0|193|0|361104574514|0|9|0|17586|
3611036022|세종특별자치시||연서면|쌍전리|0|76|0|361104574514|0|12|3|17584|
3611036022|세종특별자치시||연서면|쌍전리|0|77|0|361104574514|0|12|3|17585|
3611036022|세종특별자치시||연서면|쌍전리|0|87|0|361104574514|0|23|0|17581|
3611031024|세종특별자치시||연기면|수산리|0|219|8|361104574516|0|29|0|17559|
3611031024|세종특별자치시||연기면|수산리|0|219|10|361104574516|0|29|0|17560|
3611031024|세종특별자치시||연기면|수산리|0|233|7|361104574516|0|34|5|26020|
3611031024|세종특별자치시||연기면|수산리|0|240|8|361104574516|0|80|0|29290|
3611031024|세종특별자치시||연기면|수산리|0|240|5|361104574516|0|80|0|29291|
3611031024|세종특별자치시||연기면|수산리|0|240|4|361104574516|0|84|0|29289|
3611031024|세종특별자치시||연기면|수산리|0|243|1|361104574516|0|102|0|17558|
3611031024|세종특별자치시||연기면|수산리|1|141|1|361104574516|0|108|9|17557|
3611031024|세종특별자치시||연기면|수산리|0|267|1|361104574516|0|137|0|17556|
3611031024|세종특별자치시||연기면|수산리|0|186|4|361104574517|0|37|0|17555|
3611025026|세종특별자치시||조치원읍|명리|0|25|1|361104574518|0|13|0|29700|
3611025022|세종특별자치시||조치원읍|상리|0|82|1|361104574518|0|55|0|21|
3611025022|세종특별자치시||조치원읍|상리|0|96|0|361104574518|0|72|0|17552|
3611025022|세종특별자치시||조치원읍|상리|0|155|2|361104574518|0|86|3|24|
3611025022|세종특별자치시||조치원읍|상리|0|161|3|361104574518|0|91|0|24782|
3611025022|세종특별자치시||조치원읍|상리|0|156|0|361104574518|0|91|1|24783|
3611025032|세종특별자치시||조치원읍|신안리|0|145|8|361104574519|0|17|2|17550|
3611025032|세종특별자치시||조치원읍|신안리|0|136|5|361104574519|0|24|0|17545|
3611025032|세종특별자치시||조치원읍|신안리|0|138|1|361104574519|0|24|0|17546|
3611025032|세종특별자치시||조치원읍|신안리|0|136|8|361104574519|0|24|0|17547|
3611025032|세종특별자치시||조치원읍|신안리|0|136|7|361104574519|0|24|0|17548|
3611025032|세종특별자치시||조치원읍|신안리|0|136|19|361104574519|0|24|0|17549|
3611025032|세종특별자치시||조치원읍|신안리|0|136|2|361104574519|0|28|0|17543|
3611025032|세종특별자치시||조치원읍|신안리|0|152|4|361104574519|0|46|1|17542|
3611036028|세종특별자치시||연서면|기룡리|0|71|0|361104574520|0|22|7|17541|
3611036028|세종특별자치시||연서면|기룡리|0|86|1|361104574520|0|22|11|17540|
3611036028|세종특별자치시||연서면|기룡리|0|733|0|361104574520|0|66|20|17539|
3611036028|세종특별자치시||연서면|기룡리|0|195|1|361104574520|0|84|0|17537|
3611036028|세종특별자치시||연서면|기룡리|0|196|1|361104574520|0|84|0|17538|
3611037023|세종특별자치시||전의면|서정리|0|292|0|361104574521|0|1|4|318|
3611037023|세종특별자치시||전의면|서정리|0|291|3|361104574521|0|3|0|17536|
3611037023|세종특별자치시||전의면|서정리|0|294|2|361104574521|0|12|0|17535|
3611037023|세종특별자치시||전의면|서정리|0|295|2|361104574521|0|13|0|17534|
3611037023|세종특별자치시||전의면|서정리|0|300|0|361104574521|0|14|0|17532|
3611037023|세종특별자치시||전의면|서정리|0|302|4|361104574521|0|14|0|17533|
3611037023|세종특별자치시||전의면|서정리|0|295|3|361104574521|0|15|4|17529|
3611038021|세종특별자치시||전동면|노장리|0|649|4|361104574524|0|2|1|17518|
3611038021|세종특별자치시||전동면|노장리|0|706|2|361104574524|0|7|0|21170|
3611038021|세종특별자치시||전동면|노장리|0|615|6|361104574524|0|7|0|21171|
3611038021|세종특별자치시||전동면|노장리|0|588|14|361104574524|0|13|0|17516|
3611038021|세종특별자치시||전동면|노장리|0|706|2|361104574524|0|13|0|17517|
3611038021|세종특별자치시||전동면|노장리|0|588|14|361104574524|0|15|0|17515|
3611038021|세종특별자치시||전동면|노장리|0|589|2|361104574524|0|17|1|17514|
3611038021|세종특별자치시||전동면|노장리|0|589|2|361104574524|0|19|0|17513|
3611038021|세종특별자치시||전동면|노장리|0|589|4|361104574524|0|21|0|17512|
3611038021|세종특별자치시||전동면|노장리|0|590|15|361104574524|0|27|2|17511|
3611038021|세종특별자치시||전동면|노장리|0|590|8|361104574524|0|27|3|17574|
3611038021|세종특별자치시||전동면|노장리|0|590|23|361104574524|0|31|0|17509|
3611038021|세종특별자치시||전동면|노장리|0|588|1|361104574525|0|2|0|17507|
3611038021|세종특별자치시||전동면|노장리|0|592|6|361104574525|0|8|0|25044|
3611038021|세종특별자치시||전동면|노장리|0|591|0|361104574525|0|8|0|25045|
3611038021|세종특별자치시||전동면|노장리|0|592|4|361104574525|0|17|0|17506|
3611038021|세종특별자치시||전동면|노장리|0|593|5|361104574526|0|8|1|17504|
3611038021|세종특별자치시||전동면|노장리|0|593|5|361104574526|0|8|2|17503|
3611038021|세종특별자치시||전동면|노장리|0|596|3|361104574526|0|12|0|17502|
3611038021|세종특별자치시||전동면|노장리|0|585|9|361104574527|0|9|0|17501|
3611038021|세종특별자치시||전동면|노장리|0|583|11|361104574527|0|20|0|21849|
3611038021|세종특별자치시||전동면|노장리|0|366|9|361104574528|0|22|0|17499|
3611038021|세종특별자치시||전동면|노장리|0|366|3|361104574528|0|22|0|17500|
3611038024|세종특별자치시||전동면|석곡리|0|27|2|361104574529|0|64|10|17497|
3611038024|세종특별자치시||전동면|석곡리|0|27|6|361104574529|0|64|10|17498|
3611038024|세종특별자치시||전동면|석곡리|0|26|7|361104574529|0|64|20|18440|
3611038024|세종특별자치시||전동면|석곡리|0|25|2|361104574529|0|64|28|17492|
3611038024|세종특별자치시||전동면|석곡리|0|87|4|361104574529|0|117|19|22669|
3611038024|세종특별자치시||전동면|석곡리|0|90|30|361104574529|0|150|0|17491|
3611039021|세종특별자치시||소정면|소정리|1|35|5|361104574530|0|40|0|25183|
3611038029|세종특별자치시||전동면|미곡리|0|517|3|361104574531|0|40|0|21089|
3611038029|세종특별자치시||전동면|미곡리|0|30|0|361104574531|0|128|1|23472|
3611034041|세종특별자치시||금남면|영곡리|0|570|0|361104574534|0|81|5|17481|
3611034041|세종특별자치시||금남면|영곡리|0|446|7|361104574534|0|83|45|17480|
3611034041|세종특별자치시||금남면|영곡리|0|522|2|361104574534|0|108|0|17479|
3611034041|세종특별자치시||금남면|영곡리|0|524|4|361104574534|0|108|10|17478|
3611034041|세종특별자치시||금남면|영곡리|0|460|0|361104574534|0|108|16|17476|
3611034041|세종특별자치시||금남면|영곡리|0|460|5|361104574534|0|108|16|17477|
3611038027|세종특별자치시||전동면|송정리|0|127|10|361104574535|0|3|2|17466|
3611038027|세종특별자치시||전동면|송정리|0|196|1|361104574535|0|23|0|17465|
3611025028|세종특별자치시||조치원읍|침산리|0|261|8|361104574538|0|3|0|94|
3611025028|세종특별자치시||조치원읍|침산리|0|88|3|361104574540|0|16|0|27982|
3611025028|세종특별자치시||조치원읍|침산리|0|255|13|361104574545|0|36|0|17463|
3611025028|세종특별자치시||조치원읍|침산리|0|91|14|361104574547|0|7|0|19765|
3611025028|세종특별자치시||조치원읍|침산리|0|53|2|361104574547|0|7|0|19766|
3611025028|세종특별자치시||조치원읍|침산리|0|270|4|361104574549|0|8|0|19396|
3611036027|세종특별자치시||연서면|청라리|0|497|11|361104574551|0|14|0|22931|
3611036027|세종특별자치시||연서면|청라리|0|68|0|361104574551|0|19|0|17442|
3611036027|세종특별자치시||연서면|청라리|0|67|1|361104574551|0|19|0|17443|
3611036027|세종특별자치시||연서면|청라리|0|98|5|361104574551|0|24|0|22271|
3611036027|세종특별자치시||연서면|청라리|0|98|7|361104574551|0|24|0|22272|
3611034041|세종특별자치시||금남면|영곡리|0|279|1|361104574552|0|12|0|17440|
3611034041|세종특별자치시||금남면|영곡리|0|277|1|361104574552|0|15|0|17439|
3611034041|세종특별자치시||금남면|영곡리|0|320|5|361104574552|0|51|0|17437|
3611034037|세종특별자치시||금남면|호탄리|0|127|0|361104574553|0|48|26|17435|
3611034037|세종특별자치시||금남면|호탄리|0|127|1|361104574553|0|48|32|17434|
3611034037|세종특별자치시||금남면|호탄리|0|147|2|361104574553|0|49|0|17433|
3611034037|세종특별자치시||금남면|호탄리|0|150|0|361104574553|0|49|1|17432|
3611034037|세종특별자치시||금남면|호탄리|0|186|0|361104574553|0|52|4|17431|
3611034037|세종특별자치시||금남면|호탄리|0|148|0|361104574553|0|53|6|17430|
3611034037|세종특별자치시||금남면|호탄리|0|195|2|361104574553|0|63|0|17429|
3611036032|세종특별자치시||연서면|부동리|0|184|10|361104574555|0|63|0|17428|
3611036032|세종특별자치시||연서면|부동리|0|176|7|361104574555|0|90|0|17426|
3611037030|세종특별자치시||전의면|신방리|0|45|0|361104574556|0|59|0|17424|
3611037030|세종특별자치시||전의면|신방리|0|47|1|361104574556|0|79|0|17423|
3611032023|세종특별자치시||연동면|명학리|0|213|15|361104574559|0|22|17|17403|
3611032023|세종특별자치시||연동면|명학리|0|229|0|361104574559|0|22|17|17404|
3611032023|세종특별자치시||연동면|명학리|0|216|1|361104574559|0|27|0|17400|
3611036028|세종특별자치시||연서면|기룡리|0|127|0|361104574560|0|20|0|17398|
3611036028|세종특별자치시||연서면|기룡리|0|791|0|361104574560|0|38|5|258|
3611036028|세종특별자치시||연서면|기룡리|0|791|0|361104574560|0|38|7|257|
3611036028|세종특별자치시||연서면|기룡리|1|6|0|361104574560|0|40|0|17397|
3611036028|세종특별자치시||연서면|기룡리|0|134|0|361104574560|0|46|0|17396|
3611036028|세종특별자치시||연서면|기룡리|0|146|0|361104574560|0|67|0|17392|
3611036028|세종특별자치시||연서면|기룡리|0|147|0|361104574560|0|67|0|17393|
3611036028|세종특별자치시||연서면|기룡리|0|155|0|361104574560|0|67|0|17394|
3611036028|세종특별자치시||연서면|기룡리|0|164|0|361104574560|0|109|0|23335|
3611036028|세종특별자치시||연서면|기룡리|0|161|0|361104574560|0|109|0|23336|
3611036028|세종특별자치시||연서면|기룡리|0|171|0|361104574560|0|123|2|254|
3611036028|세종특별자치시||연서면|기룡리|0|172|0|361104574560|0|123|2|255|
3611036028|세종특별자치시||연서면|기룡리|0|173|2|361104574560|0|123|2|256|
3611036028|세종특별자치시||연서면|기룡리|0|169|5|361104574560|0|123|7|17390|
3611036028|세종특별자치시||연서면|기룡리|0|170|2|361104574560|0|123|7|17391|
3611036028|세종특별자치시||연서면|기룡리|0|169|3|361104574560|0|123|9|17389|
3611032021|세종특별자치시||연동면|내판리|0|514|0|361104574561|0|18|7|461|
3611032021|세종특별자치시||연동면|내판리|0|514|0|361104574561|0|18|9|17357|
3611032021|세종특별자치시||연동면|내판리|0|501|11|361104574561|0|18|9|29292|
3611032021|세종특별자치시||연동면|내판리|0|506|0|361104574561|0|28|3|17355|
3611032021|세종특별자치시||연동면|내판리|0|672|0|361104574561|0|34|0|191|
3611032021|세종특별자치시||연동면|내판리|0|452|2|361104574561|0|34|0|20916|
3611032021|세종특별자치시||연동면|내판리|0|453|1|361104574561|0|36|0|21909|
3611032021|세종특별자치시||연동면|내판리|0|449|1|361104574561|0|39|0|17353|
3611032021|세종특별자치시||연동면|내판리|0|449|3|361104574561|0|39|0|17354|
3611032021|세종특별자치시||연동면|내판리|0|467|2|361104574561|0|40|2|182|
3611032021|세종특별자치시||연동면|내판리|0|443|2|361104574561|0|48|2|17352|
3611032021|세종특별자치시||연동면|내판리|0|458|2|361104574561|0|48|6|17351|
3611032021|세종특별자치시||연동면|내판리|0|462|0|361104574561|0|48|12|17349|
3611032021|세종특별자치시||연동면|내판리|0|470|1|361104574561|0|48|12|17350|
3611032021|세종특별자치시||연동면|내판리|0|354|1|361104574561|0|51|1|23330|
3611032021|세종특별자치시||연동면|내판리|0|382|1|361104574561|0|101|0|17348|
3611032021|세종특별자치시||연동면|내판리|0|391|0|361104574561|0|113|3|17346|
3611032021|세종특별자치시||연동면|내판리|0|391|2|361104574561|0|113|3|17347|
3611032021|세종특별자치시||연동면|내판리|0|396|0|361104574561|0|113|9|179|
3611032021|세종특별자치시||연동면|내판리|0|481|1|361104574561|0|170|8|17345|
3611032021|세종특별자치시||연동면|내판리|0|503|0|361104574561|0|170|11|17344|
3611032021|세종특별자치시||연동면|내판리|0|500|20|361104574561|0|170|21|183|
3611032021|세종특별자치시||연동면|내판리|0|471|0|361104574561|0|170|22|28500|
3611032021|세종특별자치시||연동면|내판리|0|500|25|361104574561|0|186|6|24403|
3611032021|세종특별자치시||연동면|내판리|0|547|3|361104574561|0|191|2|17343|
3611032021|세종특별자치시||연동면|내판리|0|533|5|361104574561|0|197|0|24540|
3611032021|세종특별자치시||연동면|내판리|0|535|1|361104574561|0|199|0|17340|
3611032021|세종특별자치시||연동면|내판리|0|533|6|361104574561|0|199|0|17341|
3611032021|세종특별자치시||연동면|내판리|0|533|7|361104574561|0|199|0|17342|
3611032021|세종특별자치시||연동면|내판리|0|519|0|361104574561|0|200|8|21749|
3611032021|세종특별자치시||연동면|내판리|0|535|1|361104574561|0|201|0|17338|
3611032021|세종특별자치시||연동면|내판리|0|535|3|361104574561|0|203|0|17337|
3611032021|세종특별자치시||연동면|내판리|0|19|13|361104574562|0|7|1|15016|
3611032021|세종특별자치시||연동면|내판리|0|21|2|361104574562|0|8|7|15017|
3611032021|세종특별자치시||연동면|내판리|1|3|1|361104574562|0|8|7|15018|
3611032021|세종특별자치시||연동면|내판리|0|9|2|361104574562|0|20|0|15019|
3611032021|세종특별자치시||연동면|내판리|0|10|19|361104574562|0|24|23|23704|
3611032025|세종특별자치시||연동면|노송리|0|380|10|361104574562|0|24|39|29305|
3611032027|세종특별자치시||연동면|송용리|0|106|1|361104574562|0|88|0|15020|
3611034034|세종특별자치시||금남면|대박리|0|107|1|361104574564|0|5|7|15297|
3611034034|세종특별자치시||금남면|대박리|0|106|0|361104574564|0|5|7|15298|
3611025034|세종특별자치시||조치원읍|서창리|0|294|9|361104574565|0|8|0|31300|
3611025034|세종특별자치시||조치원읍|서창리|0|294|10|361104574565|0|8|0|31301|
3611037027|세종특별자치시||전의면|관정리|0|222|5|361104574566|0|8|0|20558|
3611034028|세종특별자치시||금남면|영치리|0|170|2|361104574567|0|11|0|21653|
3611038027|세종특별자치시||전동면|송정리|0|44|2|361104574569|0|14|1|16148|
3611038027|세종특별자치시||전동면|송정리|0|45|5|361104574569|0|14|1|16149|
3611038027|세종특별자치시||전동면|송정리|0|45|1|361104574569|0|14|1|16150|
3611038027|세종특별자치시||전동면|송정리|0|44|1|361104574569|0|14|1|16151|
3611038027|세종특별자치시||전동면|송정리|0|22|3|361104574569|0|14|1|16152|
3611038027|세종특별자치시||전동면|송정리|0|151|1|361104574569|0|46|3|16153|
3611038027|세종특별자치시||전동면|송정리|0|156|0|361104574569|0|48|4|16154|
3611038027|세종특별자치시||전동면|송정리|0|151|4|361104574569|0|48|4|16155|
3611038027|세종특별자치시||전동면|송정리|0|153|0|361104574569|0|54|4|16156|
3611038027|세종특별자치시||전동면|송정리|0|405|0|361104574569|0|60|5|16157|
3611038027|세종특별자치시||전동면|송정리|0|405|0|361104574569|0|81|0|16158|
3611031023|세종특별자치시||연기면|눌왕리|0|351|1|361104574572|0|12|0|16808|
3611031023|세종특별자치시||연기면|눌왕리|0|360|1|361104574572|0|12|0|16809|
3611031023|세종특별자치시||연기면|눌왕리|0|363|1|361104574572|0|21|0|16810|
3611036025|세종특별자치시||연서면|용암리|0|90|0|361104574574|0|12|0|16866|
3611036025|세종특별자치시||연서면|용암리|0|315|48|361104574574|0|12|0|16867|
3611036025|세종특별자치시||연서면|용암리|0|86|3|361104574574|0|23|0|16868|
3611036025|세종특별자치시||연서면|용암리|0|86|4|361104574574|0|26|0|16869|
3611038026|세종특별자치시||전동면|송곡리|0|149|6|361104574578|0|9|6|28289|
3611038026|세종특별자치시||전동면|송곡리|0|150|1|361104574578|0|15|0|28288|
3611036031|세종특별자치시||연서면|와촌리|0|641|1|361104574579|0|47|3|23867|
3611036031|세종특별자치시||연서면|와촌리|0|641|1|361104574579|0|47|4|23866|
3611036031|세종특별자치시||연서면|와촌리|0|624|1|361104574579|0|70|0|16064|
3611034030|세종특별자치시||금남면|황용리|0|6|2|361104574582|0|10|6|17422|
3611034030|세종특별자치시||금남면|황용리|0|458|5|361104574582|0|28|4|17420|
3611034030|세종특별자치시||금남면|황용리|0|265|2|361104574583|0|8|12|17418|
3611034030|세종특별자치시||금남면|황용리|0|265|4|361104574583|0|8|12|17419|
3611034030|세종특별자치시||금남면|황용리|0|224|4|361104574583|0|57|5|17413|
3611034030|세종특별자치시||금남면|황용리|0|224|4|361104574583|0|57|7|17412|
3611034030|세종특별자치시||금남면|황용리|0|118|2|361104574583|0|118|0|17411|
3611034035|세종특별자치시||금남면|부용리|0|89|0|361104574584|0|13|0|17005|
3611034035|세종특별자치시||금남면|부용리|0|95|0|361104574584|0|16|9|17006|
3611038025|세종특별자치시||전동면|보덕리|0|4|9|361104574585|0|60|11|28003|
3611038025|세종특별자치시||전동면|보덕리|0|2|0|361104574585|0|82|0|30320|
3611038025|세종특별자치시||전동면|보덕리|0|2|1|361104574585|0|82|0|30321|
3611038025|세종특별자치시||전동면|보덕리|0|3|3|361104574585|0|82|0|30322|
3611038025|세종특별자치시||전동면|보덕리|0|1|12|361104574585|0|88|0|18692|
3611038025|세종특별자치시||전동면|보덕리|0|246|2|361104574585|0|129|8|30680|
3611038025|세종특별자치시||전동면|보덕리|0|366|0|361104574585|0|129|8|30681|
3611038025|세종특별자치시||전동면|보덕리|0|246|0|361104574585|0|129|8|30682|
3611038025|세종특별자치시||전동면|보덕리|0|208|5|361104574585|0|129|58|14979|
3611038025|세종특별자치시||전동면|보덕리|0|207|0|361104574585|0|129|58|14980|
3611038025|세종특별자치시||전동면|보덕리|0|208|10|361104574585|0|129|58|14981|
3611038025|세종특별자치시||전동면|보덕리|0|356|45|361104574585|0|129|58|14982|
3611038025|세종특별자치시||전동면|보덕리|0|208|7|361104574585|0|129|58|14983|
3611038025|세종특별자치시||전동면|보덕리|0|208|9|361104574585|0|129|58|14984|
3611038025|세종특별자치시||전동면|보덕리|1|9|1|361104574585|0|142|0|14985|
3611038025|세종특별자치시||전동면|보덕리|1|9|4|361104574585|0|142|0|14986|
3611038025|세종특별자치시||전동면|보덕리|0|253|1|361104574585|0|148|0|14987|
3611038025|세종특별자치시||전동면|보덕리|0|265|4|361104574585|0|178|0|14988|
3611038025|세종특별자치시||전동면|보덕리|0|253|7|361104574585|0|178|0|14989|
3611038025|세종특별자치시||전동면|보덕리|0|263|6|361104574585|0|180|0|24065|
3611038025|세종특별자치시||전동면|보덕리|0|263|1|361104574585|0|182|3|14990|
3611038025|세종특별자치시||전동면|보덕리|0|272|2|361104574585|0|186|5|14991|
3611038025|세종특별자치시||전동면|보덕리|0|271|2|361104574585|0|186|5|14992|
3611038025|세종특별자치시||전동면|보덕리|0|269|11|361104574585|0|186|6|14993|
3611038025|세종특별자치시||전동면|보덕리|0|270|0|361104574585|0|186|8|14994|
3611038025|세종특별자치시||전동면|보덕리|0|269|10|361104574585|0|186|8|14995|
3611038025|세종특별자치시||전동면|보덕리|0|271|7|361104574585|0|186|8|14996|
3611038025|세종특별자치시||전동면|보덕리|0|292|7|361104574585|0|211|0|23928|
3611038025|세종특별자치시||전동면|보덕리|0|294|6|361104574585|0|211|0|23929|
3611038025|세종특별자치시||전동면|보덕리|0|292|1|361104574585|0|213|0|23069|
3611038025|세종특별자치시||전동면|보덕리|0|292|2|361104574585|0|213|0|23070|
3611038025|세종특별자치시||전동면|보덕리|0|292|3|361104574585|0|213|0|23071|
3611038025|세종특별자치시||전동면|보덕리|0|292|11|361104574585|0|213|0|23923|
3611038025|세종특별자치시||전동면|보덕리|0|327|5|361104574585|0|238|13|14997|
3611038025|세종특별자치시||전동면|보덕리|0|265|0|361104574586|0|8|0|14971|
3611038025|세종특별자치시||전동면|보덕리|0|266|1|361104574586|0|8|0|14972|
3611038025|세종특별자치시||전동면|보덕리|0|267|0|361104574586|0|9|0|14973|
3611038025|세종특별자치시||전동면|보덕리|0|268|0|361104574586|0|9|1|14974|
3611038025|세종특별자치시||전동면|보덕리|1|58|3|361104574586|0|12|0|14975|
3611038025|세종특별자치시||전동면|보덕리|1|11|1|361104574586|0|24|0|14976|
3611038025|세종특별자치시||전동면|보덕리|1|11|1|361104574586|0|26|0|14977|
3611038025|세종특별자치시||전동면|보덕리|0|155|8|361104574587|0|22|0|15953|
3611038025|세종특별자치시||전동면|보덕리|0|386|0|361104574587|0|22|0|15954|
3611038025|세종특별자치시||전동면|보덕리|0|155|3|361104574587|0|22|0|15955|
3611038025|세종특별자치시||전동면|보덕리|0|136|2|361104574587|0|67|0|23012|
3611038025|세종특별자치시||전동면|보덕리|0|116|3|361104574587|0|68|1|15956|
3611038025|세종특별자치시||전동면|보덕리|0|138|3|361104574587|0|75|7|16168|
3611038025|세종특별자치시||전동면|보덕리|0|138|3|361104574587|0|75|9|15957|
3611038025|세종특별자치시||전동면|보덕리|0|203|1|361104574587|0|159|0|15958|
3611038025|세종특별자치시||전동면|보덕리|0|201|4|361104574587|0|177|0|15959|
3611038025|세종특별자치시||전동면|보덕리|0|201|3|361104574587|0|177|0|15960|
3611038025|세종특별자치시||전동면|보덕리|0|200|1|361104574587|0|177|0|15961|
3611038025|세종특별자치시||전동면|보덕리|0|179|1|361104574588|0|19|0|15962|
3611038025|세종특별자치시||전동면|보덕리|0|179|2|361104574588|0|19|0|15963|
3611038025|세종특별자치시||전동면|보덕리|0|179|3|361104574588|0|19|0|15964|
3611038025|세종특별자치시||전동면|보덕리|0|181|0|361104574588|0|19|0|15965|
3611038025|세종특별자치시||전동면|보덕리|0|183|0|361104574588|0|23|0|18149|
3611038025|세종특별자치시||전동면|보덕리|0|185|6|361104574588|0|36|0|15966|
3611038025|세종특별자치시||전동면|보덕리|0|191|7|361104574588|0|37|0|15967|
3611038025|세종특별자치시||전동면|보덕리|0|144|5|361104574588|0|52|0|15968|
3611035026|세종특별자치시||장군면|하봉리|0|243|1|361104574594|0|18|0|7961|
3611035026|세종특별자치시||장군면|하봉리|0|442|0|361104574594|0|118|7|7983|
3611034044|세종특별자치시||금남면|국곡리|0|122|1|361104574595|0|11|0|6906|
3611034044|세종특별자치시||금남면|국곡리|0|121|0|361104574595|0|25|0|6904|
3611034044|세종특별자치시||금남면|국곡리|0|79|5|361104574595|0|81|0|27783|
3611034044|세종특별자치시||금남면|국곡리|0|68|2|361104574595|0|93|0|6884|
3611034044|세종특별자치시||금남면|국곡리|0|98|8|361104574596|0|20|1|6889|
3611034044|세종특별자치시||금남면|국곡리|0|94|4|361104574596|0|26|0|6893|
3611034044|세종특별자치시||금남면|국곡리|0|95|10|361104574596|0|26|0|6894|
3611034044|세종특별자치시||금남면|국곡리|0|98|7|361104574596|0|26|0|6895|
3611034044|세종특별자치시||금남면|국곡리|0|271|0|361104574596|0|26|0|6896|
3611034044|세종특별자치시||금남면|국곡리|0|94|1|361104574596|0|44|0|6910|
3611034044|세종특별자치시||금남면|국곡리|0|94|0|361104574596|0|44|0|6911|
3611034044|세종특별자치시||금남면|국곡리|0|227|12|361104574596|0|46|0|20953|
3611034044|세종특별자치시||금남면|국곡리|0|220|0|361104574596|0|58|0|6909|
3611035025|세종특별자치시||장군면|금암리|0|418|2|361104574597|0|13|0|8259|
3611034043|세종특별자치시||금남면|봉암리|0|184|0|361104574598|0|43|0|6883|
3611034042|세종특별자치시||금남면|성강리|1|49|37|361104574600|0|83|0|6822|
3611035023|세종특별자치시||장군면|대교리|0|575|1|361104574602|0|3|5|23636|
3611035023|세종특별자치시||장군면|대교리|0|581|1|361104574602|0|19|0|7785|
3611035023|세종특별자치시||장군면|대교리|0|597|3|361104574602|0|30|1|7793|
3611035023|세종특별자치시||장군면|대교리|0|516|11|361104574602|0|31|28|7779|
3611035023|세종특별자치시||장군면|대교리|0|596|1|361104574602|0|34|8|7792|
3611035023|세종특별자치시||장군면|대교리|0|169|11|361104574602|0|43|9|7717|
3611035023|세종특별자치시||장군면|대교리|0|716|2|361104574602|0|54|0|26040|
3611035023|세종특별자치시||장군면|대교리|0|716|3|361104574602|0|58|0|27640|
3611035023|세종특별자치시||장군면|대교리|0|145|1|361104574602|0|117|6|7712|
3611035023|세종특별자치시||장군면|대교리|0|148|7|361104574602|0|117|6|7713|
3611035023|세종특별자치시||장군면|대교리|0|637|0|361104574602|0|117|6|7714|
3611035024|세종특별자치시||장군면|봉안리|0|269|8|361104574602|0|146|0|24622|
3611035024|세종특별자치시||장군면|봉안리|0|269|9|361104574602|0|146|0|24623|
3611035024|세종특별자치시||장군면|봉안리|0|265|0|361104574602|0|146|35|25060|
3611035023|세종특별자치시||장군면|대교리|0|133|0|361104574602|0|151|0|7708|
3611035024|세종특별자치시||장군면|봉안리|0|269|13|361104574602|0|156|14|20231|
3611035024|세종특별자치시||장군면|봉안리|0|269|23|361104574602|0|156|16|20229|
3611035024|세종특별자치시||장군면|봉안리|0|269|14|361104574602|0|156|16|20230|
3611035024|세종특별자치시||장군면|봉안리|0|269|24|361104574602|0|156|18|20232|
3611035023|세종특별자치시||장군면|대교리|0|127|3|361104574602|0|183|0|18549|
3611035023|세종특별자치시||장군면|대교리|0|126|0|361104574602|0|183|0|18550|
3611035023|세종특별자치시||장군면|대교리|0|671|0|361104574604|0|21|18|7766|
3611035023|세종특별자치시||장군면|대교리|1|52|1|361104574604|0|21|18|7767|
3611035023|세종특별자치시||장군면|대교리|0|210|0|361104574605|0|7|8|7803|
3611035025|세종특별자치시||장군면|금암리|0|597|0|361104574607|0|24|0|8257|
3611035025|세종특별자치시||장군면|금암리|0|597|0|361104574607|0|26|0|8258|
3611035025|세종특별자치시||장군면|금암리|0|390|0|361104574607|0|34|0|13493|
3611035025|세종특별자치시||장군면|금암리|0|387|1|361104574607|0|36|0|8254|
3611035025|세종특별자치시||장군면|금암리|0|266|4|361104574607|0|38|0|8249|
3611035025|세종특별자치시||장군면|금암리|0|266|5|361104574607|0|38|0|8250|
3611035025|세종특별자치시||장군면|금암리|0|387|3|361104574607|0|38|0|8251|
3611035025|세종특별자치시||장군면|금암리|0|387|4|361104574607|0|38|0|8252|
3611035025|세종특별자치시||장군면|금암리|0|387|3|361104574607|0|38|2|8253|
3611035025|세종특별자치시||장군면|금암리|0|385|0|361104574607|0|56|13|8239|
3611035025|세종특별자치시||장군면|금암리|0|267|9|361104574607|0|56|15|12424|
3611035025|세종특별자치시||장군면|금암리|0|267|10|361104574607|0|56|15|12425|
3611035025|세종특별자치시||장군면|금암리|0|267|11|361104574607|0|56|15|12426|
3611035025|세종특별자치시||장군면|금암리|0|267|12|361104574607|0|56|15|12427|
3611035025|세종특별자치시||장군면|금암리|0|267|15|361104574607|0|56|15|12428|
3611035025|세종특별자치시||장군면|금암리|0|267|16|361104574607|0|56|15|12429|
3611035025|세종특별자치시||장군면|금암리|1|32|1|361104574607|0|56|29|8240|
3611035025|세종특별자치시||장군면|금암리|0|261|11|361104574607|0|84|0|8238|
3611035025|세종특별자치시||장군면|금암리|0|261|15|361104574607|0|86|0|8237|
3611035025|세종특별자치시||장군면|금암리|0|261|14|361104574607|0|88|0|8236|
3611035025|세종특별자치시||장군면|금암리|0|259|4|361104574607|0|118|0|8234|
3611035025|세종특별자치시||장군면|금암리|0|597|0|361104574607|0|118|0|8235|
3611035025|세종특별자치시||장군면|금암리|0|597|0|361104574607|0|142|0|8268|
3611035025|세종특별자치시||장군면|금암리|0|254|0|361104574607|0|142|0|8269|
3611035025|세종특별자치시||장군면|금암리|0|623|0|361104574607|0|142|0|8270|
3611035025|세종특별자치시||장군면|금암리|0|597|0|361104574607|0|147|10|8233|
3611035025|세종특별자치시||장군면|금암리|0|244|6|361104574607|0|151|0|8230|
3611035025|세종특별자치시||장군면|금암리|0|247|1|361104574607|0|151|0|8231|
3611035025|세종특별자치시||장군면|금암리|0|244|3|361104574607|0|151|0|8232|
3611035025|세종특별자치시||장군면|금암리|0|243|0|361104574607|0|161|0|8227|
3611035025|세종특별자치시||장군면|금암리|0|242|0|361104574607|0|161|0|8228|
3611035025|세종특별자치시||장군면|금암리|0|244|4|361104574607|0|161|0|8229|
3611035025|세종특별자치시||장군면|금암리|0|242|0|361104574607|0|161|1|8226|
3611035025|세종특별자치시||장군면|금암리|0|231|1|361104574607|0|186|8|18403|
3611035025|세종특별자치시||장군면|금암리|0|230|2|361104574607|0|188|0|8219|
3611035025|세종특별자치시||장군면|금암리|0|222|6|361104574607|0|198|9|8214|
3611035025|세종특별자치시||장군면|금암리|0|225|0|361104574607|0|198|9|8215|
3611035025|세종특별자치시||장군면|금암리|0|226|8|361104574607|0|198|9|8216|
3611035025|세종특별자치시||장군면|금암리|0|230|8|361104574607|0|198|9|8217|
3611035025|세종특별자치시||장군면|금암리|0|597|0|361104574607|0|198|9|8218|
3611035025|세종특별자치시||장군면|금암리|0|222|2|361104574607|0|198|11|8211|
3611035025|세종특별자치시||장군면|금암리|0|222|4|361104574607|0|198|11|8212|
3611035025|세종특별자치시||장군면|금암리|0|222|6|361104574607|0|198|11|8213|
3611035025|세종특별자치시||장군면|금암리|0|222|2|361104574607|0|198|13|8220|
3611035025|세종특별자치시||장군면|금암리|0|222|3|361104574607|0|198|13|8221|
3611035025|세종특별자치시||장군면|금암리|0|222|5|361104574607|0|198|13|8222|
3611035025|세종특별자치시||장군면|금암리|0|225|0|361104574607|0|198|13|8223|
3611035025|세종특별자치시||장군면|금암리|0|230|8|361104574607|0|198|13|8224|
3611035025|세종특별자치시||장군면|금암리|0|597|0|361104574607|0|198|13|8225|
3611035025|세종특별자치시||장군면|금암리|0|218|0|361104574607|0|205|1|8271|
3611035025|세종특별자치시||장군면|금암리|0|218|2|361104574607|0|205|1|8272|
3611035025|세종특별자치시||장군면|금암리|0|219|0|361104574607|0|205|1|8273|
3611035025|세종특별자치시||장군면|금암리|0|208|0|361104574607|0|212|0|8199|
3611035025|세종특별자치시||장군면|금암리|0|213|1|361104574607|0|213|3|8203|
3611035025|세종특별자치시||장군면|금암리|0|620|0|361104574607|0|213|3|8204|
3611035025|세종특별자치시||장군면|금암리|0|597|0|361104574607|0|213|6|8201|
3611035025|세종특별자치시||장군면|금암리|0|619|0|361104574607|0|213|6|8202|
3611035025|세종특별자치시||장군면|금암리|0|201|3|361104574607|0|213|6|20594|
3611035025|세종특별자치시||장군면|금암리|0|597|0|361104574607|0|213|9|8209|
3611035025|세종특별자치시||장군면|금암리|0|201|3|361104574607|0|213|9|20595|
3611035025|세종특별자치시||장군면|금암리|0|203|3|361104574607|0|214|3|8188|
3611035025|세종특별자치시||장군면|금암리|0|203|7|361104574607|0|214|3|8189|
3611035025|세종특별자치시||장군면|금암리|0|203|10|361104574607|0|214|3|8190|
3611035025|세종특별자치시||장군면|금암리|0|203|11|361104574607|0|214|3|8191|
3611035025|세종특별자치시||장군면|금암리|0|203|9|361104574607|0|214|5|8194|
3611035025|세종특별자치시||장군면|금암리|0|203|11|361104574607|0|214|5|8195|
3611035025|세종특별자치시||장군면|금암리|0|206|0|361104574607|0|214|5|8196|
3611035025|세종특별자치시||장군면|금암리|0|207|1|361104574607|0|214|6|8197|
3611035025|세종특별자치시||장군면|금암리|0|201|1|361104574607|0|217|2|8183|
3611035025|세종특별자치시||장군면|금암리|0|203|5|361104574607|0|217|2|8184|
3611035025|세종특별자치시||장군면|금암리|0|619|0|361104574607|0|217|2|8185|
3611035025|세종특별자치시||장군면|금암리|0|201|1|361104574607|0|219|0|8192|
3611035025|세종특별자치시||장군면|금암리|0|619|0|361104574607|0|219|0|8193|
3611035025|세종특별자치시||장군면|금암리|0|203|2|361104574607|0|220|0|8186|
3611035025|세종특별자치시||장군면|금암리|0|203|3|361104574607|0|220|0|8187|
3611035025|세종특별자치시||장군면|금암리|0|200|0|361104574607|0|223|0|8181|
3611035025|세종특별자치시||장군면|금암리|1|41|2|361104574607|0|223|0|8182|
3611035025|세종특별자치시||장군면|금암리|0|196|1|361104574607|0|224|0|12421|
3611035025|세종특별자치시||장군면|금암리|0|192|6|361104574607|0|242|0|8178|
3611035025|세종특별자치시||장군면|금암리|0|192|3|361104574607|0|242|0|8179|
3611035023|세종특별자치시||장군면|대교리|1|14|5|361104574608|0|14|0|7733|
3611035023|세종특별자치시||장군면|대교리|0|207|2|361104574608|0|21|0|13495|
3611035023|세종특별자치시||장군면|대교리|0|207|3|361104574608|0|21|0|13496|
3611034046|세종특별자치시||금남면|도남리|0|151|30|361104574609|0|77|23|19560|
3611034046|세종특별자치시||금남면|도남리|0|157|7|361104574609|0|77|96|6940|
3611034046|세종특별자치시||금남면|도남리|0|129|3|361104574609|0|92|12|6936|
3611034046|세종특별자치시||금남면|도남리|0|205|49|361104574609|0|139|39|26021|
3611034046|세종특별자치시||금남면|도남리|0|96|0|361104574610|0|2|0|18840|
3611034046|세종특별자치시||금남면|도남리|0|116|7|361104574610|0|203|0|17712|
3611034046|세종특별자치시||금남면|도남리|0|116|61|361104574610|0|203|0|17713|
3611034046|세종특별자치시||금남면|도남리|0|116|74|361104574610|0|203|0|17714|
3611035031|세종특별자치시||장군면|송학리|0|189|1|361104574611|0|23|0|8662|
3611035031|세종특별자치시||장군면|송학리|1|25|0|361104574611|0|70|14|8661|
3611035033|세종특별자치시||장군면|용암리|0|663|5|361104574612|0|41|0|26484|
3611035033|세종특별자치시||장군면|용암리|1|18|0|361104574612|0|142|0|8711|
3611035031|세종특별자치시||장군면|송학리|0|442|2|361104574613|0|19|5|8671|
3611035031|세종특별자치시||장군면|송학리|0|425|0|361104574613|0|52|0|23051|
3611035026|세종특별자치시||장군면|하봉리|0|446|0|361104574614|0|7|0|7946|
3611035026|세종특별자치시||장군면|하봉리|0|2|0|361104574614|0|7|0|7947|
3611035026|세종특별자치시||장군면|하봉리|0|445|10|361104574614|0|7|0|7948|
3611035026|세종특별자치시||장군면|하봉리|0|51|38|361104574614|0|14|3|22651|
3611035026|세종특별자치시||장군면|하봉리|0|51|12|361104574614|0|14|5|22650|
3611035021|세종특별자치시||장군면|도계리|0|276|36|361104574614|0|14|13|20195|
3611035021|세종특별자치시||장군면|도계리|0|276|50|361104574614|0|14|38|20130|
3611035026|세종특별자치시||장군면|하봉리|0|1|1|361104574614|0|32|0|7943|
3611035029|세종특별자치시||장군면|송문리|0|121|5|361104574615|0|18|11|8286|
3611035029|세종특별자치시||장군면|송문리|0|132|1|361104574615|0|28|0|8287|
3611035029|세종특별자치시||장군면|송문리|0|89|1|361104574615|0|53|0|8285|
3611035029|세종특별자치시||장군면|송문리|0|65|4|361104574615|0|64|13|8283|
3611035029|세종특별자치시||장군면|송문리|1|12|0|361104574615|0|87|0|8320|
3611035029|세종특별자치시||장군면|송문리|0|86|1|361104574616|0|10|0|8284|
3611034044|세종특별자치시||금남면|국곡리|0|70|7|361104574618|0|2|0|6885|
3611035023|세종특별자치시||장군면|대교리|0|638|17|361104574619|0|19|0|7799|
3611035023|세종특별자치시||장군면|대교리|0|638|5|361104574619|0|102|8|7774|
3611035023|세종특별자치시||장군면|대교리|0|447|1|361104574619|0|116|17|7769|
3611035023|세종특별자치시||장군면|대교리|0|447|6|361104574619|0|116|21|7770|
3611035023|세종특별자치시||장군면|대교리|0|377|7|361104574619|0|171|0|7752|
3611035023|세종특별자치시||장군면|대교리|0|354|0|361104574619|0|176|0|7745|
3611035023|세종특별자치시||장군면|대교리|0|638|25|361104574619|0|176|0|7746|
3611035023|세종특별자치시||장군면|대교리|0|667|0|361104574619|0|176|0|7747|
3611035023|세종특별자치시||장군면|대교리|0|352|2|361104574619|0|178|0|7748|
3611035023|세종특별자치시||장군면|대교리|1|46|44|361104574619|0|181|11|7744|
3611035023|세종특별자치시||장군면|대교리|1|46|44|361104574619|0|181|45|7810|
3611035023|세종특별자치시||장군면|대교리|0|312|2|361104574619|0|193|0|7736|
3611035023|세종특별자치시||장군면|대교리|0|293|1|361104574619|0|216|20|27562|
3611035023|세종특별자치시||장군면|대교리|0|293|2|361104574619|0|216|20|27563|
3611035031|세종특별자치시||장군면|송학리|0|244|0|361104574621|0|4|2|8667|
3611035031|세종특별자치시||장군면|송학리|0|243|2|361104574621|0|4|9|8668|
3611034042|세종특별자치시||금남면|성강리|0|135|1|361104574622|0|50|6|6820|
3611034042|세종특별자치시||금남면|성강리|0|52|2|361104574623|0|57|10|6816|
3611035026|세종특별자치시||장군면|하봉리|1|14|1|361104574624|0|9|7|7963|
3611035026|세종특별자치시||장군면|하봉리|0|392|0|361104574624|0|9|7|7964|
3611035026|세종특별자치시||장군면|하봉리|0|419|4|361104574624|0|33|0|7965|
3611035024|세종특별자치시||장군면|봉안리|0|207|1|361104574626|0|28|0|7828|
3611035024|세종특별자치시||장군면|봉안리|0|205|2|361104574626|0|31|0|7824|
3611035024|세종특별자치시||장군면|봉안리|0|205|3|361104574626|0|33|0|7825|
3611035024|세종특별자치시||장군면|봉안리|0|205|4|361104574626|0|33|0|7826|
3611035024|세종특별자치시||장군면|봉안리|1|27|2|361104574626|0|33|0|7827|
3611035024|세종특별자치시||장군면|봉안리|0|205|4|361104574626|0|35|0|7823|
3611035028|세종특별자치시||장군면|산학리|0|167|7|361104574627|0|42|26|24749|
3611035028|세종특별자치시||장군면|산학리|0|166|0|361104574627|0|42|26|24750|
3611035028|세종특별자치시||장군면|산학리|0|497|3|361104574627|0|42|26|24751|
3611035024|세종특별자치시||장군면|봉안리|0|413|5|361104574627|0|65|70|26241|
3611035024|세종특별자치시||장군면|봉안리|0|386|2|361104574627|0|70|0|24680|
3611035024|세종특별자치시||장군면|봉안리|0|327|10|361104574628|0|7|14|19871|
3611035024|세종특별자치시||장군면|봉안리|0|327|12|361104574628|0|7|21|19868|
3611035024|세종특별자치시||장군면|봉안리|0|326|10|361104574628|0|7|21|19869|
3611035028|세종특별자치시||장군면|산학리|0|267|11|361104574629|0|8|0|8074|
3611035028|세종특별자치시||장군면|산학리|0|474|0|361104574629|0|8|0|8075|
3611035028|세종특별자치시||장군면|산학리|0|484|0|361104574629|0|8|0|8076|
3611035028|세종특별자치시||장군면|산학리|0|272|14|361104574629|0|8|10|20546|
3611035028|세종특별자치시||장군면|산학리|0|272|9|361104574629|0|8|16|24381|
3611035028|세종특별자치시||장군면|산학리|0|330|0|361104574629|0|8|61|8069|
3611035028|세종특별자치시||장군면|산학리|0|474|0|361104574629|0|35|0|8086|
3611035028|세종특별자치시||장군면|산학리|0|315|4|361104574629|0|35|0|20547|
3611035028|세종특별자치시||장군면|산학리|1|316|5|361104574629|0|47|0|20549|
3611035028|세종특별자치시||장군면|산학리|1|316|6|361104574629|0|47|0|20551|
3611035028|세종특별자치시||장군면|산학리|0|345|8|361104574629|0|62|0|24295|
3611035028|세종특별자치시||장군면|산학리|0|346|1|361104574629|0|62|0|24296|
3611035028|세종특별자치시||장군면|산학리|0|363|3|361104574629|0|89|0|8087|
3611035028|세종특별자치시||장군면|산학리|0|382|1|361104574629|0|133|0|8090|
3611035028|세종특별자치시||장군면|산학리|0|122|0|361104574629|0|141|2|8058|
3611035025|세종특별자치시||장군면|금암리|0|192|3|361104574630|0|172|0|8175|
3611035025|세종특별자치시||장군면|금암리|0|192|5|361104574630|0|172|0|8176|
3611035025|세종특별자치시||장군면|금암리|0|597|0|361104574630|0|172|0|8177|
3611035022|세종특별자치시||장군면|평기리|0|221|3|361104574631|0|11|0|24067|
3611035022|세종특별자치시||장군면|평기리|0|224|6|361104574631|0|11|0|24068|
3611035022|세종특별자치시||장군면|평기리|0|223|7|361104574631|0|28|0|24165|
3611034046|세종특별자치시||금남면|도남리|0|12|2|361104574632|0|110|0|12479|
3611035027|세종특별자치시||장군면|은용리|0|570|2|361104574633|0|16|0|8107|
3611035027|세종특별자치시||장군면|은용리|0|36|2|361104574633|0|16|4|13701|
3611035027|세종특별자치시||장군면|은용리|0|11|6|361104574633|0|33|18|16113|
3611035027|세종특별자치시||장군면|은용리|0|144|1|361104574633|0|48|0|8112|
3611035028|세종특별자치시||장군면|산학리|0|277|0|361104574633|0|75|7|8079|
3611035028|세종특별자치시||장군면|산학리|0|281|1|361104574633|0|75|7|8080|
3611035028|세종특별자치시||장군면|산학리|0|484|0|361104574633|0|75|7|8081|
3611035028|세종특별자치시||장군면|산학리|0|503|0|361104574633|0|75|15|23843|
3611035028|세종특별자치시||장군면|산학리|0|204|3|361104574633|0|75|15|23844|
3611035028|세종특별자치시||장군면|산학리|0|204|1|361104574633|0|75|15|23845|
3611035028|세종특별자치시||장군면|산학리|0|204|6|361104574633|0|75|15|23846|
3611035028|세종특별자치시||장군면|산학리|0|502|0|361104574633|0|75|15|23847|
3611035028|세종특별자치시||장군면|산학리|0|284|2|361104574633|0|81|0|23848|
3611035028|세종특별자치시||장군면|산학리|0|283|3|361104574633|0|81|0|23849|
3611035028|세종특별자치시||장군면|산학리|0|282|0|361104574633|0|81|0|23850|
3611035028|세종특별자치시||장군면|산학리|0|283|1|361104574633|0|81|0|23851|
3611035028|세종특별자치시||장군면|산학리|0|284|8|361104574633|0|81|0|23852|
3611035028|세종특별자치시||장군면|산학리|0|284|4|361104574633|0|81|0|23853|
3611035028|세종특별자치시||장군면|산학리|0|284|2|361104574633|0|81|1|23854|
3611035028|세종특별자치시||장군면|산학리|0|474|0|361104574633|0|81|1|23855|
3611035028|세종특별자치시||장군면|산학리|0|284|5|361104574633|0|81|1|23856|
3611035028|세종특별자치시||장군면|산학리|0|284|9|361104574633|0|81|1|23857|
3611035028|세종특별자치시||장군면|산학리|0|282|0|361104574633|0|81|1|23858|
3611035028|세종특별자치시||장군면|산학리|0|189|6|361104574633|0|91|17|23842|
3611035028|세종특별자치시||장군면|산학리|0|194|4|361104574633|0|91|18|8067|
3611035028|세종특별자치시||장군면|산학리|0|144|2|361104574633|0|139|0|8062|
3611035028|세종특별자치시||장군면|산학리|0|139|6|361104574633|0|229|0|23841|
3611034042|세종특별자치시||금남면|성강리|0|470|0|361104574635|0|72|0|6831|
3611034042|세종특별자치시||금남면|성강리|0|365|1|361104574635|0|254|0|6825|
3611035034|세종특별자치시||장군면|태산리|0|142|3|361104574636|0|134|0|8723|
3611035034|세종특별자치시||장군면|태산리|0|48|1|361104574636|0|134|0|8724|
3611035034|세종특별자치시||장군면|태산리|1|10|0|361104574636|0|148|16|23599|
3611035034|세종특별자치시||장군면|태산리|0|75|0|361104574636|0|148|16|23600|
3611035028|세종특별자치시||장군면|산학리|0|397|2|361104574637|0|39|0|8091|
3611035028|세종특별자치시||장군면|산학리|0|397|3|361104574637|0|39|0|8092|
3611035024|세종특별자치시||장군면|봉안리|0|389|6|361104574638|0|3|0|7845|
3611035024|세종특별자치시||장군면|봉안리|0|176|16|361104574638|0|17|11|20165|
3611035024|세종특별자치시||장군면|봉안리|0|176|17|361104574638|0|17|11|20166|
3611035024|세종특별자치시||장군면|봉안리|0|94|2|361104574638|0|97|0|7814|
3611035024|세종특별자치시||장군면|봉안리|0|92|0|361104574638|0|111|3|7813|
3611035024|세종특별자치시||장군면|봉안리|0|97|1|361104574638|0|114|0|25027|
3611035024|세종특별자치시||장군면|봉안리|0|480|0|361104574638|0|114|0|25028|
3611035024|세종특별자치시||장군면|봉안리|0|91|1|361104574638|0|115|0|25024|
3611035024|세종특별자치시||장군면|봉안리|0|91|3|361104574638|0|115|0|25025|
3611035024|세종특별자치시||장군면|봉안리|0|91|7|361104574638|0|115|0|25026|
3611035024|세종특별자치시||장군면|봉안리|0|87|2|361104574638|0|121|5|23831|
3611035024|세종특별자치시||장군면|봉안리|1|48|4|361104574638|0|125|22|7818|
3611035024|세종특별자치시||장군면|봉안리|0|110|5|361104574638|0|133|0|23836|
3611035024|세종특별자치시||장군면|봉안리|0|100|2|361104574638|0|136|0|21571|
3611035024|세종특별자치시||장군면|봉안리|0|118|1|361104574638|0|147|15|7819|
3611035024|세종특별자치시||장군면|봉안리|0|138|2|361104574638|0|229|0|7820|
3611035032|세종특별자치시||장군면|용현리|1|38|1|361104574639|0|38|0|8680|
3611035029|세종특별자치시||장군면|송문리|0|47|2|361104574641|0|39|5|8281|
3611035029|세종특별자치시||장군면|송문리|0|47|1|361104574641|0|39|7|8279|
3611035029|세종특별자치시||장군면|송문리|0|587|2|361104574641|0|111|0|8277|
3611035022|세종특별자치시||장군면|평기리|0|181|1|361104574643|0|20|11|7684|
3611035029|세종특별자치시||장군면|송문리|0|304|2|361104574643|0|95|0|8291|
3611035029|세종특별자치시||장군면|송문리|0|367|1|361104574643|0|113|1|8301|
3611035029|세종특별자치시||장군면|송문리|0|377|5|361104574643|0|118|1|8302|
3611035029|세종특별자치시||장군면|송문리|0|377|6|361104574643|0|118|1|8303|
3611035029|세종특별자치시||장군면|송문리|0|379|5|361104574643|0|118|1|8304|
3611035029|세종특별자치시||장군면|송문리|0|378|8|361104574643|0|118|33|8305|
3611035029|세종특별자치시||장군면|송문리|0|378|16|361104574643|0|118|33|8306|
3611035029|세종특별자치시||장군면|송문리|0|378|15|361104574643|0|132|4|8307|
3611035029|세종특별자치시||장군면|송문리|0|360|1|361104574643|0|148|0|24342|
3611035029|세종특별자치시||장군면|송문리|0|361|1|361104574643|0|150|0|24341|
3611035024|세종특별자치시||장군면|봉안리|0|451|0|361104574645|0|11|3|7852|
3611035024|세종특별자치시||장군면|봉안리|0|289|2|361104574645|0|48|0|7839|
3611035024|세종특별자치시||장군면|봉안리|1|6|1|361104574645|0|48|0|7840|
3611035021|세종특별자치시||장군면|도계리|0|46|1|361104574646|0|9|5|7525|
3611035021|세종특별자치시||장군면|도계리|0|224|12|361104574646|0|9|8|7617|
3611035021|세종특별자치시||장군면|도계리|0|224|0|361104574646|0|13|0|7616|
3611035021|세종특별자치시||장군면|도계리|0|196|5|361104574646|0|32|0|19754|
3611035021|세종특별자치시||장군면|도계리|0|229|1|361104574646|0|50|0|7618|
3611035023|세종특별자치시||장군면|대교리|0|43|0|361104574647|0|5|0|7689|
3611035023|세종특별자치시||장군면|대교리|0|243|1|361104574647|0|31|0|21654|
3611035028|세종특별자치시||장군면|산학리|0|22|2|361104574649|0|33|0|26060|
3611035028|세종특별자치시||장군면|산학리|0|24|1|361104574649|0|34|0|24404|
3611035028|세종특별자치시||장군면|산학리|0|64|0|361104574649|0|80|0|8053|
3611035028|세종특별자치시||장군면|산학리|0|443|1|361104574649|0|124|0|8093|
3611035023|세종특별자치시||장군면|대교리|0|394|0|361104574650|0|35|0|22189|
3611035023|세종특별자치시||장군면|대교리|0|402|0|361104574650|0|35|0|22190|
3611035023|세종특별자치시||장군면|대교리|0|400|0|361104574650|0|37|0|7762|
3611035025|세종특별자치시||장군면|금암리|0|468|6|361104574651|0|15|0|8260|
3611035025|세종특별자치시||장군면|금암리|0|466|1|361104574651|0|15|0|8261|
3611035025|세종특별자치시||장군면|금암리|0|532|0|361104574651|0|133|0|8262|
3611035025|세종특별자치시||장군면|금암리|0|534|0|361104574651|0|133|0|8263|
3611035025|세종특별자치시||장군면|금암리|0|543|2|361104574651|0|139|0|22961|
3611035025|세종특별자치시||장군면|금암리|0|552|0|361104574651|0|141|6|8265|
3611035025|세종특별자치시||장군면|금암리|0|550|0|361104574651|0|141|8|8264|
3611035025|세종특별자치시||장군면|금암리|0|552|0|361104574651|0|143|3|8266|
3611035025|세종특별자치시||장군면|금암리|0|556|0|361104574651|0|143|3|8267|
3611035032|세종특별자치시||장군면|용현리|0|72|1|361104574653|0|26|4|8677|
3611035032|세종특별자치시||장군면|용현리|0|72|2|361104574653|0|26|4|8678|
3611035032|세종특별자치시||장군면|용현리|0|74|0|361104574653|0|26|4|8679|
3611035032|세종특별자치시||장군면|용현리|0|103|0|361104574653|0|26|16|13239|
3611035032|세종특별자치시||장군면|용현리|0|101|0|361104574653|0|26|16|13240|
3611034045|세종특별자치시||금남면|원봉리|1|62|1|361104574654|0|66|0|6925|
3611034045|세종특별자치시||금남면|원봉리|0|470|6|361104574654|0|85|0|20541|
3611034045|세종특별자치시||금남면|원봉리|1|14|17|361104574654|0|100|0|6926|
3611034045|세종특별자치시||금남면|원봉리|0|476|3|361104574654|0|100|6|6935|
3611034045|세종특별자치시||금남면|원봉리|0|476|5|361104574654|0|108|0|6931|
3611034045|세종특별자치시||금남면|원봉리|0|476|6|361104574654|0|108|0|6932|
3611034045|세종특별자치시||금남면|원봉리|0|93|6|361104574655|0|80|0|6916|
3611034045|세종특별자치시||금남면|원봉리|1|28|0|361104574655|0|112|0|6918|
3611034045|세종특별자치시||금남면|원봉리|1|19|4|361104574657|0|53|0|20542|
3611034045|세종특별자치시||금남면|원봉리|0|348|0|361104574657|0|65|8|12538|
3611035024|세종특별자치시||장군면|봉안리|0|316|3|361104574659|0|3|0|17960|
3611035024|세종특별자치시||장군면|봉안리|0|315|3|361104574659|0|7|0|7843|
3611035024|세종특별자치시||장군면|봉안리|0|315|6|361104574659|0|7|0|7844|
3611035024|세종특별자치시||장군면|봉안리|0|216|16|361104574659|0|38|31|21252|
3611035024|세종특별자치시||장군면|봉안리|0|246|2|361104574659|0|81|10|7833|
3611035024|세종특별자치시||장군면|봉안리|0|249|3|361104574659|0|81|17|29229|
3611035024|세종특별자치시||장군면|봉안리|0|506|1|361104574659|0|113|0|7832|
3611035024|세종특별자치시||장군면|봉안리|0|232|3|361104574659|0|115|1|7831|
3611035024|세종특별자치시||장군면|봉안리|0|240|7|361104574659|0|119|3|7866|
3611035024|세종특별자치시||장군면|봉안리|0|595|0|361104574659|0|125|1|7867|
3611035024|세종특별자치시||장군면|봉안리|0|574|0|361104574659|0|137|0|7864|
3611035024|세종특별자치시||장군면|봉안리|0|40|2|361104574659|0|173|0|21691|
3611035024|세종특별자치시||장군면|봉안리|0|40|5|361104574659|0|175|1|31720|
3611035024|세종특별자치시||장군면|봉안리|0|201|30|361104574659|0|178|0|20026|
3611035027|세종특별자치시||장군면|은용리|0|108|8|361104574660|0|28|0|21269|
3611035027|세종특별자치시||장군면|은용리|0|139|1|361104574660|0|76|0|8111|
3611035027|세종특별자치시||장군면|은용리|0|132|1|361104574660|0|77|3|8108|
3611035027|세종특별자치시||장군면|은용리|0|131|1|361104574660|0|77|3|8109|
3611035027|세종특별자치시||장군면|은용리|0|520|0|361104574660|0|77|3|8110|
3611035027|세종특별자치시||장군면|은용리|0|257|0|361104574660|0|238|0|8122|
3611035027|세종특별자치시||장군면|은용리|1|4|1|361104574660|0|246|0|8116|
3611035027|세종특별자치시||장군면|은용리|0|216|4|361104574660|0|251|36|8117|
3611035027|세종특별자치시||장군면|은용리|1|53|0|361104574661|0|10|0|8131|
3611035027|세종특별자치시||장군면|은용리|0|437|6|361104574661|0|16|2|8125|
3611035027|세종특별자치시||장군면|은용리|0|437|6|361104574661|0|16|4|8124|
3611035027|세종특별자치시||장군면|은용리|0|435|0|361104574661|0|16|8|23837|
3611035027|세종특별자치시||장군면|은용리|0|437|2|361104574661|0|16|8|23838|
3611035027|세종특별자치시||장군면|은용리|0|553|0|361104574661|0|16|8|23839|
3611035027|세종특별자치시||장군면|은용리|0|436|1|361104574661|0|16|8|23840|
3611035027|세종특별자치시||장군면|은용리|0|419|2|361104574661|0|71|0|8123|
3611035027|세종특별자치시||장군면|은용리|0|498|0|361104574661|0|96|20|8126|
3611035027|세종특별자치시||장군면|은용리|0|511|0|361104574661|0|126|0|22449|
3611035027|세종특별자치시||장군면|은용리|1|38|5|361104574661|0|198|0|8132|
3611035027|세종특별자치시||장군면|은용리|0|400|6|361104574661|0|225|0|20894|
3611035027|세종특별자치시||장군면|은용리|1|38|19|361104574661|0|225|0|20895|
3611035027|세종특별자치시||장군면|은용리|0|400|8|361104574661|0|225|0|20896|
3611035021|세종특별자치시||장군면|도계리|0|156|3|361104574664|0|6|0|7556|
3611035021|세종특별자치시||장군면|도계리|0|84|8|361104574664|0|9|0|7531|
3611035021|세종특별자치시||장군면|도계리|0|163|9|361104574664|0|10|0|7587|
3611035021|세종특별자치시||장군면|도계리|0|52|5|361104574664|0|11|1|7589|
3611035021|세종특별자치시||장군면|도계리|0|163|13|361104574664|0|17|0|7526|
3611035021|세종특별자치시||장군면|도계리|0|359|27|361104574664|0|30|7|7523|
3611035021|세종특별자치시||장군면|도계리|0|41|2|361104574664|0|46|0|7524|
3611035021|세종특별자치시||장군면|도계리|0|81|11|361104574664|0|63|0|7530|
3611035027|세종특별자치시||장군면|은용리|0|1|6|361104574664|0|75|28|8103|
3611035021|세종특별자치시||장군면|도계리|0|13|4|361104574664|0|76|18|7520|
3611035027|세종특별자치시||장군면|은용리|0|61|0|361104574664|0|78|32|26740|
3611035026|세종특별자치시||장군면|하봉리|1|7|16|361104574665|0|10|20|7980|
3611035025|세종특별자치시||장군면|금암리|0|314|42|361104574666|0|7|0|8241|
3611035025|세종특별자치시||장군면|금암리|0|302|28|361104574667|0|100|0|26840|
3611035025|세종특별자치시||장군면|금암리|0|302|29|361104574667|0|100|0|26841|
3611035025|세종특별자치시||장군면|금암리|0|302|38|361104574667|0|100|0|26842|
3611035025|세종특별자치시||장군면|금암리|0|302|70|361104574667|0|100|0|26843|
3611035025|세종특별자치시||장군면|금암리|0|300|7|361104574667|0|125|33|21212|
3611035023|세종특별자치시||장군면|대교리|0|195|10|361104574668|0|9|14|27520|
3611035023|세종특별자치시||장군면|대교리|0|190|1|361104574668|0|9|18|7718|
3611035023|세종특별자치시||장군면|대교리|0|643|2|361104574668|0|9|18|7719|
3611035023|세종특별자치시||장군면|대교리|0|699|0|361104574668|0|60|6|7693|
3611035023|세종특별자치시||장군면|대교리|1|6|11|361104574668|0|60|6|20543|
3611035025|세종특별자치시||장군면|금암리|0|109|0|361104574669|0|31|2|20992|
3611035025|세종특별자치시||장군면|금암리|0|357|0|361104574670|0|15|12|8248|
3611035025|세종특별자치시||장군면|금암리|0|334|2|361104574670|0|24|0|13484|
3611035025|세종특별자치시||장군면|금암리|0|334|5|361104574670|0|24|0|13485|
3611035025|세종특별자치시||장군면|금암리|0|606|3|361104574670|0|35|1|8242|
3611035025|세종특별자치시||장군면|금암리|1|31|1|361104574670|0|35|1|8243|
3611035025|세종특별자치시||장군면|금암리|0|333|1|361104574670|0|38|14|8245|
3611035025|세종특별자치시||장군면|금암리|0|325|0|361104574670|0|48|0|17230|
3611034045|세종특별자치시||금남면|원봉리|0|92|1|361104574671|0|7|0|6914|
3611035030|세종특별자치시||장군면|송정리|0|534|0|361104574672|0|3|0|8647|
3611035029|세종특별자치시||장군면|송문리|0|355|6|361104574673|0|39|0|8310|
3611035029|세종특별자치시||장군면|송문리|0|404|2|361104574673|0|47|0|8309|
3611035030|세종특별자치시||장군면|송정리|0|508|10|361104574674|0|84|13|27900|
3611034043|세종특별자치시||금남면|봉암리|0|214|0|361104574675|0|15|0|23792|
3611034043|세종특별자치시||금남면|봉암리|0|215|1|361104574675|0|15|0|23793|
3611034043|세종특별자치시||금남면|봉암리|0|216|0|361104574675|0|15|0|23794|
3611034043|세종특별자치시||금남면|봉암리|0|215|0|361104574675|0|15|0|23795|
3611034043|세종특별자치시||금남면|봉암리|0|165|0|361104574675|0|15|0|23796|
3611034043|세종특별자치시||금남면|봉암리|0|163|1|361104574675|0|15|0|23797|
3611034043|세종특별자치시||금남면|봉암리|0|163|2|361104574675|0|15|0|23798|
3611034043|세종특별자치시||금남면|봉암리|0|214|23|361104574675|0|15|0|23799|
3611034043|세종특별자치시||금남면|봉암리|0|151|3|361104574675|0|15|0|23800|
3611034043|세종특별자치시||금남면|봉암리|0|156|1|361104574675|0|15|0|23801|
3611034043|세종특별자치시||금남면|봉암리|0|160|0|361104574675|0|47|1|6880|
3611034043|세종특별자치시||금남면|봉암리|0|80|0|361104574675|0|56|0|6872|
3611034043|세종특별자치시||금남면|봉암리|0|73|1|361104574675|0|76|0|6871|
3611035021|세종특별자치시||장군면|도계리|0|151|36|361104574677|0|11|3|19181|
3611035021|세종특별자치시||장군면|도계리|0|160|21|361104574677|0|12|8|7570|
3611035021|세종특별자치시||장군면|도계리|0|160|11|361104574677|0|12|8|7571|
3611035021|세종특별자치시||장군면|도계리|0|160|41|361104574677|0|12|12|7569|
3611035021|세종특별자치시||장군면|도계리|0|160|30|361104574677|0|12|16|7575|
3611035021|세종특별자치시||장군면|도계리|0|160|31|361104574677|0|12|16|7576|
3611035021|세종특별자치시||장군면|도계리|0|160|34|361104574677|0|12|16|7577|
3611035021|세종특별자치시||장군면|도계리|0|160|35|361104574677|0|12|16|7578|
3611035021|세종특별자치시||장군면|도계리|0|359|27|361104574677|0|12|16|7579|
3611035021|세종특별자치시||장군면|도계리|0|161|8|361104574677|0|12|17|7583|
3611035026|세종특별자치시||장군면|하봉리|0|446|0|361104574677|0|13|10|7945|
3611035021|세종특별자치시||장군면|도계리|0|149|2|361104574677|0|17|0|7539|
3611035021|세종특별자치시||장군면|도계리|0|272|2|361104574677|0|53|0|7630|
3611035021|세종특별자치시||장군면|도계리|0|325|7|361104574677|0|64|42|7637|
3611035021|세종특별자치시||장군면|도계리|0|281|0|361104574677|0|74|0|7633|
3611035021|세종특별자치시||장군면|도계리|0|285|1|361104574677|0|74|0|7634|
3611035021|세종특별자치시||장군면|도계리|0|364|0|361104574677|0|74|0|7635|
3611034044|세종특별자치시||금남면|국곡리|0|119|10|361104574678|0|39|0|6898|
3611034044|세종특별자치시||금남면|국곡리|0|119|9|361104574678|0|39|0|6899|
3611034044|세종특별자치시||금남면|국곡리|0|112|3|361104574678|0|50|0|6897|
3611034044|세종특별자치시||금남면|국곡리|0|145|0|361104574678|0|60|0|6908|
3611034044|세종특별자치시||금남면|국곡리|0|105|1|361104574678|0|84|0|27820|
3611034044|세종특별자치시||금남면|국곡리|0|106|1|361104574678|0|84|0|27821|
3611034044|세종특별자치시||금남면|국곡리|0|107|1|361104574678|0|84|0|27822|
3611034044|세종특별자치시||금남면|국곡리|0|107|2|361104574678|0|84|0|27823|
3611034044|세종특별자치시||금남면|국곡리|0|206|0|361104574678|0|115|0|12657|
3611034044|세종특별자치시||금남면|국곡리|0|207|2|361104574678|0|117|0|12658|
3611034044|세종특별자치시||금남면|국곡리|0|207|2|361104574678|0|119|0|12659|
3611034044|세종특별자치시||금남면|국곡리|0|207|2|361104574678|0|120|0|12738|
3611034044|세종특별자치시||금남면|국곡리|0|205|1|361104574678|0|120|0|12739|
3611034044|세종특별자치시||금남면|국곡리|0|207|11|361104574678|0|121|0|12660|
3611034044|세종특별자치시||금남면|국곡리|0|207|11|361104574678|0|123|0|12661|
3611034044|세종특별자치시||금남면|국곡리|0|207|11|361104574678|0|125|0|12662|
3611034044|세종특별자치시||금남면|국곡리|0|207|11|361104574678|0|125|1|12663|
3611034044|세종특별자치시||금남면|국곡리|0|207|11|361104574678|0|127|0|12664|
3611034044|세종특별자치시||금남면|국곡리|0|207|11|361104574678|0|127|1|12665|
3611034044|세종특별자치시||금남면|국곡리|0|207|10|361104574678|0|129|0|12666|
3611034044|세종특별자치시||금남면|국곡리|0|207|10|361104574678|0|129|1|12667|
3611035023|세종특별자치시||장군면|대교리|0|270|5|361104574681|0|58|8|7735|
3611035025|세종특별자치시||장군면|금암리|0|431|0|361104574682|0|25|0|8275|
3611035025|세종특별자치시||장군면|금암리|1|32|10|361104574682|0|25|0|8276|
3611035023|세종특별자치시||장군면|대교리|0|561|2|361104574684|0|30|0|7781|
3611035023|세종특별자치시||장군면|대교리|0|561|5|361104574684|0|32|0|7780|
3611035022|세종특별자치시||장군면|평기리|0|287|38|361104574684|0|108|33|31480|
3611035022|세종특별자치시||장군면|평기리|0|287|13|361104574684|0|108|33|31481|
3611035022|세종특별자치시||장군면|평기리|0|287|20|361104574684|0|108|33|31482|
3611035022|세종특별자치시||장군면|평기리|0|287|28|361104574684|0|108|33|31483|
3611035022|세종특별자치시||장군면|평기리|0|288|1|361104574684|0|114|0|7672|
3611035022|세종특별자치시||장군면|평기리|0|213|10|361104574684|0|140|1|7656|
3611035022|세종특별자치시||장군면|평기리|0|212|2|361104574684|0|140|9|7653|
3611035022|세종특별자치시||장군면|평기리|0|211|20|361104574684|0|158|5|7652|
3611035022|세종특별자치시||장군면|평기리|0|155|0|361104574684|0|172|18|7645|
3611035022|세종특별자치시||장군면|평기리|0|159|4|361104574684|0|172|25|7646|
3611035022|세종특별자치시||장군면|평기리|0|359|2|361104574684|0|172|31|7643|
3611035022|세종특별자치시||장군면|평기리|1|40|1|361104574684|0|172|47|7644|
3611035022|세종특별자치시||장군면|평기리|0|163|3|361104574684|0|180|1|7649|
3611035022|세종특별자치시||장군면|평기리|0|180|3|361104574684|0|197|0|7650|
3611035022|세종특별자치시||장군면|평기리|0|367|0|361104574684|0|200|7|7687|
3611035022|세종특별자치시||장군면|평기리|0|140|11|361104574684|0|203|0|7642|
3611035022|세종특별자치시||장군면|평기리|0|101|4|361104574684|0|292|0|7639|
3611035022|세종특별자치시||장군면|평기리|0|216|2|361104574686|0|11|0|7657|
3611035022|세종특별자치시||장군면|평기리|0|225|9|361104574686|0|60|0|7665|
3611035021|세종특별자치시||장군면|도계리|0|15|0|361104574688|0|21|13|21449|
3611035021|세종특별자치시||장군면|도계리|0|15|4|361104574688|0|21|13|21450|
3611035021|세종특별자치시||장군면|도계리|0|229|2|361104574688|0|28|15|7521|
3611035027|세종특별자치시||장군면|은용리|0|69|1|361104574688|0|45|11|8105|
3611035021|세종특별자치시||장군면|도계리|0|234|12|361104574688|0|46|0|23812|
3611035021|세종특별자치시||장군면|도계리|0|236|4|361104574688|0|52|0|7624|
3611035021|세종특별자치시||장군면|도계리|0|245|0|361104574688|0|60|0|7625|
3611035021|세종특별자치시||장군면|도계리|0|261|1|361104574688|0|104|0|7626|
3611035026|세종특별자치시||장군면|하봉리|0|68|0|361104574689|0|76|0|7971|
3611035026|세종특별자치시||장군면|하봉리|0|68|2|361104574689|0|76|0|7972|
3611035026|세종특별자치시||장군면|하봉리|0|445|17|361104574689|0|76|0|7973|
3611035026|세종특별자치시||장군면|하봉리|0|222|12|361104574689|0|130|0|7959|
3611035026|세종특별자치시||장군면|하봉리|0|222|11|361104574689|0|130|1|7958|
3611035026|세종특별자치시||장군면|하봉리|0|192|7|361104574689|0|153|7|26000|
3611035026|세종특별자치시||장군면|하봉리|0|192|8|361104574689|0|153|7|26001|
3611035026|세종특별자치시||장군면|하봉리|0|192|12|361104574689|0|153|7|26002|
3611035026|세종특별자치시||장군면|하봉리|0|192|13|361104574689|0|153|7|26003|
3611035026|세종특별자치시||장군면|하봉리|0|192|14|361104574689|0|153|7|26004|
3611035026|세종특별자치시||장군면|하봉리|0|195|17|361104574689|0|153|24|28326|
3611035026|세종특별자치시||장군면|하봉리|0|195|6|361104574689|0|153|27|24880|
3611035026|세종특별자치시||장군면|하봉리|0|195|10|361104574689|0|153|27|24881|
3611035026|세종특별자치시||장군면|하봉리|0|184|22|361104574689|0|153|35|28200|
3611035026|세종특별자치시||장군면|하봉리|0|184|35|361104574689|0|153|35|28201|
3611035026|세종특별자치시||장군면|하봉리|0|184|23|361104574689|0|153|37|28219|
3611035026|세종특별자치시||장군면|하봉리|0|184|31|361104574689|0|153|37|28220|
3611035026|세종특별자치시||장군면|하봉리|0|191|2|361104574689|0|165|0|22962|
3611035026|세종특별자치시||장군면|하봉리|0|191|3|361104574689|0|165|0|22963|
3611035026|세종특별자치시||장군면|하봉리|0|191|6|361104574689|0|165|0|22964|
3611035026|세종특별자치시||장군면|하봉리|0|226|2|361104574690|0|20|3|24293|
3611035026|세종특별자치시||장군면|하봉리|0|226|4|361104574690|0|20|3|24294|
3611035026|세종특별자치시||장군면|하봉리|0|228|0|361104574690|0|30|9|24291|
3611035023|세종특별자치시||장군면|대교리|0|581|7|361104574691|0|8|0|7787|
3611035028|세종특별자치시||장군면|산학리|1|1|1|361104574693|0|17|0|8082|
3611035031|세종특별자치시||장군면|송학리|0|210|1|361104574695|0|5|4|8663|
3611034045|세종특별자치시||금남면|원봉리|0|575|16|361104574696|0|26|7|28327|
3611034045|세종특별자치시||금남면|원봉리|0|575|17|361104574696|0|26|19|24860|
3611034045|세종특별자치시||금남면|원봉리|0|549|15|361104574696|0|58|8|18520|
3611035022|세종특별자치시||장군면|평기리|0|239|3|361104574698|0|12|0|7667|
3611035022|세종특별자치시||장군면|평기리|0|252|1|361104574698|0|22|0|7669|
3611035022|세종특별자치시||장군면|평기리|0|258|1|361104574698|0|38|0|7670|
3611033024|세종특별자치시||부강면|갈산리|0|41|0|361104574699|0|22|0|9999|
3611033024|세종특별자치시||부강면|갈산리|0|43|1|361104574699|0|22|0|10000|
3611033024|세종특별자치시||부강면|갈산리|0|63|0|361104574699|0|42|0|10001|
3611033024|세종특별자치시||부강면|갈산리|0|68|0|361104574699|0|57|4|25225|
3611033024|세종특별자치시||부강면|갈산리|0|449|0|361104574699|0|60|37|10004|
3611033024|세종특별자치시||부강면|갈산리|0|100|2|361104574699|0|64|0|22789|
3611033024|세종특별자치시||부강면|갈산리|0|253|2|361104574700|0|21|0|10005|
3611033024|세종특별자치시||부강면|갈산리|0|235|6|361104574700|0|28|11|10006|
3611033024|세종특별자치시||부강면|갈산리|0|462|0|361104574700|0|28|11|10007|
3611033024|세종특별자치시||부강면|갈산리|0|458|9|361104574700|0|28|18|10008|
3611033024|세종특별자치시||부강면|갈산리|0|235|4|361104574700|0|28|25|10009|
3611033024|세종특별자치시||부강면|갈산리|0|234|3|361104574700|0|28|28|14634|
3611033024|세종특별자치시||부강면|갈산리|0|235|10|361104574700|0|28|31|10012|
3611033024|세종특별자치시||부강면|갈산리|0|235|9|361104574700|0|28|31|10013|
3611033024|세종특별자치시||부강면|갈산리|0|248|2|361104574700|0|33|0|10014|
3611033024|세종특별자치시||부강면|갈산리|0|462|0|361104574700|0|33|0|10015|
3611033024|세종특별자치시||부강면|갈산리|0|248|4|361104574700|0|35|0|10017|
3611033024|세종특별자치시||부강면|갈산리|0|235|4|361104574700|0|36|0|10018|
3611033024|세종특별자치시||부강면|갈산리|0|250|0|361104574700|0|37|1|10019|
3611033024|세종특별자치시||부강면|갈산리|0|244|3|361104574700|0|37|9|10020|
3611033024|세종특별자치시||부강면|갈산리|0|235|2|361104574700|0|38|0|10022|
3611033024|세종특별자치시||부강면|갈산리|0|236|2|361104574700|0|38|0|10023|
3611033024|세종특별자치시||부강면|갈산리|0|237|0|361104574700|0|43|4|10024|
3611033024|세종특별자치시||부강면|갈산리|0|224|2|361104574700|0|47|12|10026|
3611033024|세종특별자치시||부강면|갈산리|0|211|3|361104574700|0|63|0|10029|
3611033024|세종특별자치시||부강면|갈산리|0|424|1|361104574701|0|14|0|10032|
3611033024|세종특별자치시||부강면|갈산리|0|425|0|361104574701|0|14|0|10033|
3611033024|세종특별자치시||부강면|갈산리|0|426|0|361104574701|0|22|0|26772|
3611033024|세종특별자치시||부강면|갈산리|0|432|2|361104574701|0|37|0|10034|
3611033024|세종특별자치시||부강면|갈산리|0|434|0|361104574701|0|41|1|10037|
3611033024|세종특별자치시||부강면|갈산리|0|447|4|361104574701|0|88|0|10042|
3611033021|세종특별자치시||부강면|부강리|0|756|4|361104574702|0|6|6|10498|
3611033021|세종특별자치시||부강면|부강리|0|723|3|361104574702|0|6|11|10499|
3611033021|세종특별자치시||부강면|부강리|0|716|0|361104574702|0|12|15|10500|
3611033021|세종특별자치시||부강면|부강리|0|727|0|361104574702|0|12|16|10501|
3611033021|세종특별자치시||부강면|부강리|0|1157|0|361104574702|0|12|20|10502|
3611033021|세종특별자치시||부강면|부강리|0|720|0|361104574702|0|14|0|10503|
3611033021|세종특별자치시||부강면|부강리|0|716|0|361104574702|0|16|23|10506|
3611033021|세종특별자치시||부강면|부강리|0|713|0|361104574702|0|16|27|10507|
3611033021|세종특별자치시||부강면|부강리|0|709|1|361104574702|0|18|0|4245|
3611033021|세종특별자치시||부강면|부강리|0|774|7|361104574702|0|33|0|10508|
3611033028|세종특별자치시||부강면|금호리|0|355|1|361104574703|0|14|12|10050|
3611033028|세종특별자치시||부강면|금호리|0|368|1|361104574703|0|14|19|10051|
3611033028|세종특별자치시||부강면|금호리|1|46|6|361104574703|0|14|36|10053|
3611033028|세종특별자치시||부강면|금호리|0|825|0|361104574703|0|22|0|10054|
3611033028|세종특별자치시||부강면|금호리|0|368|1|361104574703|0|24|8|10057|
3611033028|세종특별자치시||부강면|금호리|0|360|5|361104574703|0|24|25|10059|
3611033028|세종특별자치시||부강면|금호리|0|360|2|361104574703|0|24|29|10060|
3611033028|세종특별자치시||부강면|금호리|0|825|0|361104574703|0|24|29|10061|
3611033028|세종특별자치시||부강면|금호리|0|360|1|361104574703|0|24|37|10063|
3611033028|세종특별자치시||부강면|금호리|0|360|6|361104574703|0|24|37|10064|
3611033028|세종특별자치시||부강면|금호리|0|825|0|361104574703|0|24|37|10065|
3611033028|세종특별자치시||부강면|금호리|1|46|1|361104574703|0|24|43|10066|
3611033028|세종특별자치시||부강면|금호리|0|378|5|361104574703|0|25|4|10067|
3611033028|세종특별자치시||부강면|금호리|0|378|6|361104574703|0|25|4|10068|
3611033028|세종특별자치시||부강면|금호리|0|444|1|361104574703|0|25|4|10069|
3611033028|세종특별자치시||부강면|금호리|0|378|4|361104574703|0|25|6|10070|
3611033028|세종특별자치시||부강면|금호리|0|382|1|361104574703|0|25|14|23431|
3611033028|세종특별자치시||부강면|금호리|0|373|1|361104574703|0|26|0|10071|
3611033028|세종특별자치시||부강면|금호리|0|821|0|361104574703|0|32|0|10072|
3611033028|세종특별자치시||부강면|금호리|0|454|0|361104574703|0|41|1|10073|
3611033028|세종특별자치시||부강면|금호리|0|452|2|361104574703|0|43|0|10074|
3611033028|세종특별자치시||부강면|금호리|0|453|0|361104574703|0|43|0|10075|
3611033028|세종특별자치시||부강면|금호리|0|821|0|361104574703|0|43|0|10076|
3611033028|세종특별자치시||부강면|금호리|0|847|0|361104574704|0|1|0|10078|
3611033028|세종특별자치시||부강면|금호리|0|741|1|361104574704|0|4|0|24587|
3611033028|세종특별자치시||부강면|금호리|0|847|0|361104574704|0|15|8|4594|
3611033028|세종특별자치시||부강면|금호리|0|710|6|361104574704|0|15|10|26960|
3611033028|세종특별자치시||부강면|금호리|0|712|1|361104574704|0|15|14|10082|
3611033028|세종특별자치시||부강면|금호리|0|847|0|361104574704|0|15|14|10083|
3611033028|세종특별자치시||부강면|금호리|0|710|1|361104574704|0|15|20|10084|
3611033028|세종특별자치시||부강면|금호리|0|847|0|361104574704|0|15|20|10085|
3611033028|세종특별자치시||부강면|금호리|0|722|1|361104574704|0|23|21|10086|
3611033028|세종특별자치시||부강면|금호리|0|735|4|361104574704|0|24|7|10087|
3611033028|세종특별자치시||부강면|금호리|0|735|5|361104574704|0|24|11|22958|
3611033028|세종특별자치시||부강면|금호리|0|735|7|361104574704|0|24|11|22959|
3611033028|세종특별자치시||부강면|금호리|0|608|3|361104574704|0|51|12|10092|
3611033028|세종특별자치시||부강면|금호리|0|606|0|361104574704|0|51|21|10093|
3611033028|세종특별자치시||부강면|금호리|0|256|0|361104574704|0|63|0|31220|
3611033028|세종특별자치시||부강면|금호리|0|255|3|361104574704|0|74|12|10094|
3611033028|세종특별자치시||부강면|금호리|0|840|0|361104574705|0|39|16|10095|
3611033028|세종특별자치시||부강면|금호리|0|662|0|361104574705|0|39|21|10097|
3611033028|세종특별자치시||부강면|금호리|0|657|0|361104574705|0|39|36|27680|
3611033028|세종특별자치시||부강면|금호리|0|646|0|361104574705|0|55|25|10098|
3611033028|세종특별자치시||부강면|금호리|0|234|3|361104574705|0|55|34|26780|
3611033028|세종특별자치시||부강면|금호리|0|239|1|361104574705|0|55|34|26781|
3611033028|세종특별자치시||부강면|금호리|0|236|2|361104574705|0|55|35|10101|
3611033028|세종특별자치시||부강면|금호리|0|648|0|361104574705|0|55|35|10102|
3611033028|세종특별자치시||부강면|금호리|0|236|2|361104574705|0|55|37|10104|
3611033028|세종특별자치시||부강면|금호리|0|236|1|361104574705|0|55|39|10105|
3611033028|세종특별자치시||부강면|금호리|0|215|2|361104574705|0|79|47|14942|
3611033028|세종특별자치시||부강면|금호리|0|164|5|361104574706|0|10|15|769|
3611033028|세종특별자치시||부강면|금호리|0|184|0|361104574706|0|10|15|770|
3611033028|세종특별자치시||부강면|금호리|0|816|0|361104574706|0|10|15|771|
3611033028|세종특별자치시||부강면|금호리|0|185|0|361104574706|0|10|15|772|
3611033028|세종특별자치시||부강면|금호리|0|137|0|361104574706|0|26|11|29720|
3611033028|세종특별자치시||부강면|금호리|0|816|0|361104574706|0|26|12|10111|
3611033028|세종특별자치시||부강면|금호리|0|164|3|361104574706|0|26|28|10112|
3611033028|세종특별자치시||부강면|금호리|0|816|0|361104574706|0|26|28|10113|
3611033028|세종특별자치시||부강면|금호리|0|816|0|361104574706|0|26|33|10115|
3611033028|세종특별자치시||부강면|금호리|0|139|0|361104574706|0|28|3|10116|
3611033028|세종특별자치시||부강면|금호리|0|137|0|361104574706|0|28|13|10117|
3611033021|세종특별자치시||부강면|부강리|0|41|2|361104574707|0|8|0|10509|
3611033021|세종특별자치시||부강면|부강리|0|42|0|361104574707|0|8|0|10510|
3611033021|세종특별자치시||부강면|부강리|0|41|1|361104574707|0|10|2|10512|
3611033021|세종특별자치시||부강면|부강리|0|58|0|361104574707|0|13|6|10513|
3611033021|세종특별자치시||부강면|부강리|0|1143|0|361104574707|0|13|6|10514|
3611033021|세종특별자치시||부강면|부강리|0|36|7|361104574707|0|16|1|10516|
3611033021|세종특별자치시||부강면|부강리|0|56|1|361104574707|0|17|0|10517|
3611033021|세종특별자치시||부강면|부강리|0|62|1|361104574707|0|17|6|10518|
3611033027|세종특별자치시||부강면|노호리|0|153|0|361104574708|0|37|0|17700|
3611033027|세종특별자치시||부강면|노호리|0|167|0|361104574708|0|37|0|17701|
3611033027|세종특별자치시||부강면|노호리|0|167|2|361104574708|0|37|0|17702|
3611033027|세종특별자치시||부강면|노호리|0|149|4|361104574708|0|37|0|17703|
3611033027|세종특별자치시||부강면|노호리|0|151|0|361104574708|0|39|0|17704|
3611033027|세종특별자치시||부강면|노호리|0|149|1|361104574708|0|39|0|17705|
3611033027|세종특별자치시||부강면|노호리|1|60|0|361104574708|0|39|0|17706|
3611033027|세종특별자치시||부강면|노호리|0|195|4|361104574708|0|62|2|10148|
3611033027|세종특별자치시||부강면|노호리|0|197|1|361104574708|0|62|3|10149|
3611033027|세종특별자치시||부강면|노호리|0|197|2|361104574708|0|62|5|10152|
3611033027|세종특별자치시||부강면|노호리|0|198|2|361104574708|0|62|5|10153|
3611033027|세종특별자치시||부강면|노호리|0|198|2|361104574708|0|68|0|10158|
3611033027|세종특별자치시||부강면|노호리|1|66|21|361104574708|0|69|6|23778|
3611033027|세종특별자치시||부강면|노호리|0|202|11|361104574708|0|69|6|23781|
3611033027|세종특별자치시||부강면|노호리|0|433|0|361104574708|0|83|0|10167|
3611033027|세종특별자치시||부강면|노호리|0|190|1|361104574708|0|84|0|20753|
3611033027|세종특별자치시||부강면|노호리|0|189|5|361104574708|0|88|9|10172|
3611033027|세종특별자치시||부강면|노호리|0|190|0|361104574708|0|88|12|21409|
3611033027|세종특별자치시||부강면|노호리|1|71|0|361104574708|0|89|8|10175|
3611033027|세종특별자치시||부강면|노호리|1|202|5|361104574708|0|89|8|20537|
3611033027|세종특별자치시||부강면|노호리|1|73|3|361104574708|0|94|6|27700|
3611033027|세종특별자치시||부강면|노호리|1|73|4|361104574708|0|94|6|27701|
3611033026|세종특별자치시||부강면|등곡리|0|351|4|361104574709|0|5|16|22249|
3611033026|세종특별자치시||부강면|등곡리|0|351|7|361104574709|0|5|20|21469|
3611033021|세종특별자치시||부강면|부강리|0|673|6|361104574709|0|5|35|27676|
3611033026|세종특별자치시||부강면|등곡리|0|350|0|361104574709|0|5|35|27677|
3611033026|세종특별자치시||부강면|등곡리|0|350|22|361104574709|0|5|35|27678|
3611033026|세종특별자치시||부강면|등곡리|0|350|23|361104574709|0|5|35|27679|
3611033026|세종특별자치시||부강면|등곡리|0|622|0|361104574709|0|25|0|28740|
3611033026|세종특별자치시||부강면|등곡리|0|350|18|361104574709|0|25|0|28741|
3611033026|세종특별자치시||부강면|등곡리|0|350|4|361104574709|0|25|0|28742|
3611033026|세종특별자치시||부강면|등곡리|0|351|5|361104574709|0|25|0|28743|
3611033026|세종특별자치시||부강면|등곡리|0|351|6|361104574709|0|25|0|28744|
3611033026|세종특별자치시||부강면|등곡리|0|351|1|361104574709|0|25|0|28745|
3611033026|세종특별자치시||부강면|등곡리|0|353|0|361104574709|0|25|0|28746|
3611033026|세종특별자치시||부강면|등곡리|0|354|0|361104574709|0|25|0|28747|
3611033026|세종특별자치시||부강면|등곡리|0|350|13|361104574709|0|25|0|28748|
3611033026|세종특별자치시||부강면|등곡리|0|357|0|361104574709|0|25|0|28749|
3611033026|세종특별자치시||부강면|등곡리|0|420|0|361104574709|0|122|7|10282|
3611033026|세종특별자치시||부강면|등곡리|0|427|0|361104574709|0|122|24|10286|
3611033026|세종특별자치시||부강면|등곡리|0|421|7|361104574709|0|130|13|10288|
3611033026|세종특별자치시||부강면|등곡리|0|326|1|361104574709|0|139|3|773|
3611033026|세종특별자치시||부강면|등곡리|0|327|0|361104574709|0|139|8|10341|
3611033026|세종특별자치시||부강면|등곡리|0|299|0|361104574709|0|145|0|20125|
3611033026|세종특별자치시||부강면|등곡리|0|313|0|361104574709|0|160|20|10343|
3611033026|세종특별자치시||부강면|등곡리|0|311|1|361104574709|0|160|24|10344|
3611033026|세종특별자치시||부강면|등곡리|0|282|0|361104574709|0|160|35|10345|
3611033026|세종특별자치시||부강면|등곡리|0|607|0|361104574709|0|160|41|10346|
3611033026|세종특별자치시||부강면|등곡리|1|20|8|361104574709|0|174|0|10348|
3611033026|세종특별자치시||부강면|등곡리|0|272|1|361104574709|0|174|17|10350|
3611033026|세종특별자치시||부강면|등곡리|0|628|0|361104574710|0|4|0|10351|
3611033026|세종특별자치시||부강면|등곡리|0|410|1|361104574710|0|9|0|10352|
3611033026|세종특별자치시||부강면|등곡리|0|411|0|361104574710|0|9|0|10353|
3611033026|세종특별자치시||부강면|등곡리|0|629|1|361104574710|0|9|0|10354|
3611033026|세종특별자치시||부강면|등곡리|0|395|0|361104574710|0|13|0|10355|
3611033026|세종특별자치시||부강면|등곡리|0|630|0|361104574710|0|13|0|10356|
3611033026|세종특별자치시||부강면|등곡리|0|396|2|361104574710|0|21|0|10357|
3611033026|세종특별자치시||부강면|등곡리|0|367|5|361104574710|0|22|0|18104|
3611033026|세종특별자치시||부강면|등곡리|0|369|1|361104574710|0|22|0|18105|
3611033026|세종특별자치시||부강면|등곡리|0|369|2|361104574710|0|22|0|18106|
3611033026|세종특별자치시||부강면|등곡리|0|370|1|361104574710|0|22|0|18107|
3611033026|세종특별자치시||부강면|등곡리|0|371|1|361104574710|0|24|0|10367|
3611033026|세종특별자치시||부강면|등곡리|0|567|3|361104574710|0|29|0|10368|
3611033026|세종특별자치시||부강면|등곡리|0|630|0|361104574710|0|30|4|10369|
3611033026|세종특별자치시||부강면|등곡리|0|567|2|361104574710|0|33|5|10371|
3611033026|세종특별자치시||부강면|등곡리|0|567|3|361104574710|0|33|5|10372|
3611033026|세종특별자치시||부강면|등곡리|0|398|0|361104574710|0|33|17|10374|
3611033026|세종특별자치시||부강면|등곡리|0|400|1|361104574710|0|33|34|10376|
3611033026|세종특별자치시||부강면|등곡리|0|400|24|361104574710|0|33|35|26155|
3611033026|세종특별자치시||부강면|등곡리|0|400|25|361104574710|0|33|35|26156|
3611033026|세종특별자치시||부강면|등곡리|0|400|44|361104574710|0|33|39|26150|
3611033026|세종특별자치시||부강면|등곡리|0|400|31|361104574710|0|33|39|26151|
3611033026|세종특별자치시||부강면|등곡리|0|400|26|361104574710|0|33|39|26152|
3611033026|세종특별자치시||부강면|등곡리|0|404|0|361104574710|0|33|54|26800|
3611033026|세종특별자치시||부강면|등곡리|0|405|0|361104574710|0|33|56|10379|
3611033026|세종특별자치시||부강면|등곡리|0|403|1|361104574710|0|33|57|29481|
3611033026|세종특별자치시||부강면|등곡리|0|403|0|361104574710|0|33|65|26162|
3611033026|세종특별자치시||부강면|등곡리|0|402|0|361104574710|0|33|65|26163|
3611033026|세종특별자치시||부강면|등곡리|0|630|29|361104574710|0|33|65|26164|
3611033026|세종특별자치시||부강면|등곡리|0|406|1|361104574710|0|33|83|28879|
3611033026|세종특별자치시||부강면|등곡리|0|406|2|361104574710|0|33|83|28880|
3611033026|세종특별자치시||부강면|등곡리|0|406|1|361104574710|0|33|85|28877|
3611033026|세종특별자치시||부강면|등곡리|0|406|2|361104574710|0|33|85|28878|
3611033026|세종특별자치시||부강면|등곡리|0|406|0|361104574710|0|33|92|10383|
3611033026|세종특별자치시||부강면|등곡리|0|400|1|361104574710|0|36|0|18109|
3611033026|세종특별자치시||부강면|등곡리|0|565|0|361104574710|0|44|0|10384|
3611033026|세종특별자치시||부강면|등곡리|1|140|0|361104574710|0|50|0|10388|
3611033026|세종특별자치시||부강면|등곡리|1|145|4|361104574710|0|51|0|24345|
3611033026|세종특별자치시||부강면|등곡리|0|564|0|361104574710|0|51|0|24346|
3611033026|세종특별자치시||부강면|등곡리|0|630|34|361104574710|0|59|1|26782|
3611033026|세종특별자치시||부강면|등곡리|0|630|31|361104574710|0|59|2|26783|
3611033026|세종특별자치시||부강면|등곡리|1|139|1|361104574710|0|60|0|23765|
3611033026|세종특별자치시||부강면|등곡리|0|560|3|361104574710|0|60|0|23766|
3611033026|세종특별자치시||부강면|등곡리|1|139|5|361104574710|0|60|0|23767|
3611033026|세종특별자치시||부강면|등곡리|0|560|4|361104574710|0|60|0|23768|
3611033026|세종특별자치시||부강면|등곡리|0|560|2|361104574710|0|60|0|23769|
3611033026|세종특별자치시||부강면|등곡리|0|560|1|361104574710|0|60|0|23770|
3611033025|세종특별자치시||부강면|문곡리|0|611|5|361104574711|0|50|3|10449|
3611033025|세종특별자치시||부강면|문곡리|0|613|1|361104574711|0|50|5|10450|
3611033025|세종특별자치시||부강면|문곡리|0|598|0|361104574711|0|50|25|10451|
3611033025|세종특별자치시||부강면|문곡리|0|1023|0|361104574711|0|50|42|10452|
3611033025|세종특별자치시||부강면|문곡리|0|633|1|361104574711|0|57|11|10453|
3611033025|세종특별자치시||부강면|문곡리|0|1144|0|361104574711|0|57|21|10455|
3611033025|세종특별자치시||부강면|문곡리|0|606|0|361104574711|0|64|0|10456|
3611033025|세종특별자치시||부강면|문곡리|0|596|0|361104574711|0|68|11|10457|
3611033025|세종특별자치시||부강면|문곡리|1|187|0|361104574711|0|68|15|10458|
3611033025|세종특별자치시||부강면|문곡리|0|603|0|361104574711|0|68|16|10459|
3611033025|세종특별자치시||부강면|문곡리|0|582|0|361104574711|0|69|0|10460|
3611033025|세종특별자치시||부강면|문곡리|0|590|1|361104574711|0|76|4|10461|
3611033025|세종특별자치시||부강면|문곡리|0|587|1|361104574711|0|76|10|10462|
3611033025|세종특별자치시||부강면|문곡리|0|359|0|361104574712|0|53|9|10463|
3611033025|세종특별자치시||부강면|문곡리|1|66|0|361104574712|0|53|19|10464|
3611033025|세종특별자치시||부강면|문곡리|0|342|0|361104574712|0|57|0|10465|
3611033025|세종특별자치시||부강면|문곡리|0|344|0|361104574712|0|64|0|10466|
3611033025|세종특별자치시||부강면|문곡리|0|1100|9|361104574712|0|67|0|10467|
3611033025|세종특별자치시||부강면|문곡리|0|293|0|361104574712|0|77|1|10468|
3611033025|세종특별자치시||부강면|문곡리|1|159|1|361104574713|0|5|0|10469|
3611033025|세종특별자치시||부강면|문곡리|0|1092|0|361104574713|0|9|0|10470|
3611033025|세종특별자치시||부강면|문곡리|0|889|1|361104574713|0|47|7|10471|
3611033025|세종특별자치시||부강면|문곡리|0|1149|0|361104574713|0|57|0|10472|
3611033025|세종특별자치시||부강면|문곡리|0|889|8|361104574713|0|57|1|10473|
3611033025|세종특별자치시||부강면|문곡리|0|1149|0|361104574713|0|59|0|10474|
3611033025|세종특별자치시||부강면|문곡리|0|848|3|361104574714|0|51|0|10476|
3611033025|세종특별자치시||부강면|문곡리|1|133|0|361104574714|0|60|11|10477|
3611033025|세종특별자치시||부강면|문곡리|0|823|1|361104574714|0|114|0|10478|
3611033021|세종특별자치시||부강면|부강리|0|407|1|361104574715|0|1|1|10526|
3611033021|세종특별자치시||부강면|부강리|0|414|1|361104574715|0|10|0|10527|
3611033021|세종특별자치시||부강면|부강리|0|452|4|361104574715|0|30|0|10528|
3611033021|세종특별자치시||부강면|부강리|0|443|5|361104574716|0|9|0|18121|
3611033021|세종특별자치시||부강면|부강리|0|442|10|361104574716|0|13|0|10529|
3611033021|세종특별자치시||부강면|부강리|0|448|0|361104574716|0|17|0|22829|
3611033021|세종특별자치시||부강면|부강리|0|962|3|361104574717|0|3|12|10531|
3611033021|세종특별자치시||부강면|부강리|0|962|7|361104574717|0|3|12|10532|
3611033021|세종특별자치시||부강면|부강리|0|499|1|361104574717|0|20|17|10533|
3611033021|세종특별자치시||부강면|부강리|0|498|3|361104574717|0|28|0|22871|
3611033021|세종특별자치시||부강면|부강리|0|425|9|361104574717|0|29|13|10535|
3611033021|세종특별자치시||부강면|부강리|0|439|11|361104574718|0|4|0|21969|
3611033021|세종특별자치시||부강면|부강리|0|439|13|361104574718|0|5|1|10537|
3611033021|세종특별자치시||부강면|부강리|0|128|0|361104574718|0|6|0|10538|
3611033021|세종특별자치시||부강면|부강리|0|461|10|361104574718|0|10|0|18122|
3611033021|세종특별자치시||부강면|부강리|0|460|6|361104574718|0|10|0|18123|
3611033021|세종특별자치시||부강면|부강리|0|461|9|361104574718|0|12|0|10540|
3611033021|세종특별자치시||부강면|부강리|0|461|7|361104574718|0|14|0|10541|
3611033021|세종특별자치시||부강면|부강리|0|1146|1|361104574718|0|19|0|10542|
3611033021|세종특별자치시||부강면|부강리|0|1146|1|361104574718|0|29|0|10543|
3611033021|세종특별자치시||부강면|부강리|0|464|23|361104574719|0|11|0|22110|
3611033021|세종특별자치시||부강면|부강리|0|464|20|361104574719|0|21|0|10546|
3611033021|세종특별자치시||부강면|부강리|0|119|0|361104574719|0|26|0|18400|
3611033021|세종특별자치시||부강면|부강리|0|120|3|361104574719|0|26|0|18401|
3611033021|세종특별자치시||부강면|부강리|0|121|0|361104574719|0|26|0|18402|
3611033021|세종특별자치시||부강면|부강리|0|109|0|361104574719|0|30|0|10549|
3611033021|세종특별자치시||부강면|부강리|0|110|0|361104574719|0|30|0|10550|
3611033021|세종특별자치시||부강면|부강리|0|112|3|361104574719|0|30|4|10551|
3611033021|세종특별자치시||부강면|부강리|0|125|3|361104574719|0|31|3|10553|
3611033021|세종특별자치시||부강면|부강리|0|127|1|361104574719|0|35|5|10554|
3611033021|세종특별자치시||부강면|부강리|0|994|2|361104574720|0|24|0|10581|
3611033021|세종특별자치시||부강면|부강리|0|1007|11|361104574720|0|33|1|18111|
3611033021|세종특별자치시||부강면|부강리|0|1008|3|361104574720|0|33|1|18114|
3611033021|세종특별자치시||부강면|부강리|0|1008|10|361104574720|0|33|1|18117|
3611033021|세종특별자치시||부강면|부강리|0|1008|1|361104574720|0|33|1|18120|
3611033021|세종특별자치시||부강면|부강리|0|989|6|361104574720|0|38|0|722|
3611033021|세종특별자치시||부강면|부강리|0|990|4|361104574720|0|38|0|723|
3611033021|세종특별자치시||부강면|부강리|0|990|5|361104574720|0|38|0|724|
3611033021|세종특별자치시||부강면|부강리|0|990|6|361104574720|0|38|0|725|
3611033021|세종특별자치시||부강면|부강리|0|990|8|361104574720|0|38|0|726|
3611033021|세종특별자치시||부강면|부강리|0|990|9|361104574720|0|38|0|727|
3611033021|세종특별자치시||부강면|부강리|0|1018|7|361104574720|0|39|6|10582|
3611033021|세종특별자치시||부강면|부강리|0|988|5|361104574720|0|42|0|10585|
3611033021|세종특별자치시||부강면|부강리|0|988|6|361104574720|0|42|0|10586|
3611033021|세종특별자치시||부강면|부강리|0|988|8|361104574720|0|42|0|10587|
3611033021|세종특별자치시||부강면|부강리|0|988|9|361104574720|0|42|0|10588|
3611033021|세종특별자치시||부강면|부강리|0|988|10|361104574720|0|42|0|10589|
3611033021|세종특별자치시||부강면|부강리|0|988|12|361104574720|0|42|0|10590|
3611033021|세종특별자치시||부강면|부강리|0|988|14|361104574720|0|42|0|10591|
3611033021|세종특별자치시||부강면|부강리|0|988|15|361104574720|0|42|0|10592|
3611033021|세종특별자치시||부강면|부강리|0|984|4|361104574720|0|47|2|17661|
3611033021|세종특별자치시||부강면|부강리|0|984|7|361104574720|0|49|0|17715|
3611033021|세종특별자치시||부강면|부강리|0|975|8|361104574720|0|56|16|10595|
3611033021|세종특별자치시||부강면|부강리|0|1178|4|361104574720|0|56|20|10596|
3611033021|세종특별자치시||부강면|부강리|0|975|12|361104574720|0|56|32|10600|
3611033021|세종특별자치시||부강면|부강리|0|409|4|361104574720|0|72|2|10603|
3611033021|세종특별자치시||부강면|부강리|0|518|17|361104574721|0|7|0|10640|
3611033021|세종특별자치시||부강면|부강리|0|518|6|361104574721|0|9|0|10641|
3611033021|세종특별자치시||부강면|부강리|0|1146|1|361104574721|0|12|0|10642|
3611033021|세종특별자치시||부강면|부강리|0|485|1|361104574721|0|13|0|10643|
3611033021|세종특별자치시||부강면|부강리|0|484|2|361104574721|0|14|0|10644|
3611033021|세종특별자치시||부강면|부강리|0|434|20|361104574721|0|23|0|10646|
3611033021|세종특별자치시||부강면|부강리|0|468|0|361104574721|0|24|0|10647|
3611033021|세종특별자치시||부강면|부강리|0|436|2|361104574721|0|27|0|20629|
3611033021|세종특별자치시||부강면|부강리|0|466|5|361104574721|0|28|5|18124|
3611033021|세종특별자치시||부강면|부강리|0|438|19|361104574721|0|33|0|10648|
3611033021|세종특별자치시||부강면|부강리|0|438|1|361104574721|0|35|0|10649|
3611033021|세종특별자치시||부강면|부강리|0|408|5|361104574721|0|55|0|10650|
3611033021|세종특별자치시||부강면|부강리|0|407|1|361104574721|0|59|0|10651|
3611033021|세종특별자치시||부강면|부강리|0|408|3|361104574721|0|59|0|10652|
3611033023|세종특별자치시||부강면|산수리|0|231|3|361104574722|0|51|12|10808|
3611033023|세종특별자치시||부강면|산수리|0|237|1|361104574722|0|51|13|10810|
3611033023|세종특별자치시||부강면|산수리|1|21|3|361104574722|0|52|15|10812|
3611033023|세종특별자치시||부강면|산수리|0|217|4|361104574722|0|52|15|10813|
3611033023|세종특별자치시||부강면|산수리|0|226|2|361104574722|0|59|1|10816|
3611033023|세종특별자치시||부강면|산수리|0|219|7|361104574722|0|61|10|10821|
3611033023|세종특별자치시||부강면|산수리|0|243|2|361104574722|0|61|36|10825|
3611033023|세종특별자치시||부강면|산수리|0|106|1|361104574723|0|11|0|10829|
3611033023|세종특별자치시||부강면|산수리|1|47|6|361104574723|0|19|6|24286|
3611033023|세종특별자치시||부강면|산수리|0|102|1|361104574723|0|19|6|24287|
3611033023|세종특별자치시||부강면|산수리|0|102|10|361104574723|0|19|6|24288|
3611033023|세종특별자치시||부강면|산수리|0|102|7|361104574723|0|19|6|24289|
3611033023|세종특별자치시||부강면|산수리|0|102|8|361104574723|0|19|6|24290|
3611033023|세종특별자치시||부강면|산수리|0|339|1|361104574723|0|39|3|10840|
3611033023|세종특별자치시||부강면|산수리|0|95|3|361104574723|0|39|8|802|
3611033023|세종특별자치시||부강면|산수리|0|79|2|361104574723|0|48|0|801|
3611033023|세종특별자치시||부강면|산수리|0|47|3|361104574723|0|61|0|10846|
3611033023|세종특별자치시||부강면|산수리|0|121|0|361104574724|0|14|0|10847|
3611033023|세종특별자치시||부강면|산수리|0|345|0|361104574724|0|14|0|10848|
3611033023|세종특별자치시||부강면|산수리|0|131|1|361104574724|0|61|0|23746|
3611033023|세종특별자치시||부강면|산수리|0|132|1|361104574724|0|61|0|23747|
3611033023|세종특별자치시||부강면|산수리|0|349|0|361104574724|0|61|0|23748|
3611033023|세종특별자치시||부강면|산수리|0|133|0|361104574724|0|65|0|10853|
3611033021|세종특별자치시||부강면|부강리|0|530|8|361104574725|0|6|1|10661|
3611033021|세종특별자치시||부강면|부강리|0|117|2|361104574725|0|16|0|10662|
3611033021|세종특별자치시||부강면|부강리|0|464|9|361104574725|0|26|1|10663|
3611033021|세종특별자치시||부강면|부강리|0|463|12|361104574725|0|28|0|10664|
3611033021|세종특별자치시||부강면|부강리|0|463|13|361104574725|0|28|0|10665|
3611033021|세종특별자치시||부강면|부강리|0|480|0|361104574726|0|17|0|10666|
3611033021|세종특별자치시||부강면|부강리|0|457|8|361104574726|0|36|0|18082|
3611033021|세종특별자치시||부강면|부강리|0|458|5|361104574726|0|36|0|18083|
3611033021|세종특별자치시||부강면|부강리|0|446|14|361104574726|0|40|0|10670|
3611033021|세종특별자치시||부강면|부강리|0|115|0|361104574727|0|5|0|10671|
3611033021|세종특별자치시||부강면|부강리|0|112|3|361104574727|0|8|1|10672|
3611033021|세종특별자치시||부강면|부강리|0|108|0|361104574727|0|10|1|10673|
3611033021|세종특별자치시||부강면|부강리|0|123|12|361104574727|0|16|0|10674|
3611033021|세종특별자치시||부강면|부강리|0|124|3|361104574727|0|26|1|10677|
3611033021|세종특별자치시||부강면|부강리|0|124|5|361104574727|0|26|1|10678|
3611033021|세종특별자치시||부강면|부강리|0|456|11|361104574727|0|26|1|10679|
3611033021|세종특별자치시||부강면|부강리|0|453|4|361104574727|0|32|0|10681|
3611033021|세종특별자치시||부강면|부강리|0|453|5|361104574727|0|34|0|10682|
3611033021|세종특별자치시||부강면|부강리|0|1052|0|361104574728|0|23|3|10683|
3611033021|세종특별자치시||부강면|부강리|0|399|1|361104574728|0|23|30|22911|
3611033021|세종특별자치시||부강면|부강리|0|399|4|361104574728|0|23|30|22912|
3611033021|세종특별자치시||부강면|부강리|0|380|0|361104574728|0|23|40|10688|
3611033021|세종특별자치시||부강면|부강리|0|383|0|361104574728|0|23|40|10689|
3611033021|세종특별자치시||부강면|부강리|0|1169|0|361104574728|0|23|40|10690|
3611033021|세종특별자치시||부강면|부강리|0|401|236|361104574728|0|43|3|20592|
3611033021|세종특별자치시||부강면|부강리|0|392|2|361104574728|0|43|7|10697|
3611033021|세종특별자치시||부강면|부강리|0|391|0|361104574728|0|43|15|10698|
3611033021|세종특별자치시||부강면|부강리|0|366|1|361104574728|0|43|24|10700|
3611033021|세종특별자치시||부강면|부강리|0|367|1|361104574728|0|43|24|10701|
3611033021|세종특별자치시||부강면|부강리|0|1169|0|361104574728|0|43|24|10702|
3611033021|세종특별자치시||부강면|부강리|0|370|0|361104574728|0|43|30|10704|
3611033021|세종특별자치시||부강면|부강리|0|372|2|361104574728|0|43|36|10705|
3611033021|세종특별자치시||부강면|부강리|0|386|0|361104574728|0|43|39|10707|
3611033021|세종특별자치시||부강면|부강리|0|1169|0|361104574728|0|43|45|10709|
3611033021|세종특별자치시||부강면|부강리|0|364|5|361104574728|0|51|7|10711|
3611033021|세종특별자치시||부강면|부강리|0|1169|0|361104574728|0|51|13|10713|
3611033021|세종특별자치시||부강면|부강리|0|371|0|361104574728|0|51|19|10715|
3611033021|세종특별자치시||부강면|부강리|0|339|1|361104574728|0|51|44|10724|
3611033021|세종특별자치시||부강면|부강리|0|360|0|361104574728|0|55|0|10727|
3611033021|세종특별자치시||부강면|부강리|0|343|0|361104574728|0|67|0|10729|
3611033021|세종특별자치시||부강면|부강리|0|1169|0|361104574728|0|67|0|10730|
3611033021|세종특별자치시||부강면|부강리|0|335|2|361104574728|0|67|22|10735|
3611033021|세종특별자치시||부강면|부강리|1|16|8|361104574728|0|67|29|10737|
3611033021|세종특별자치시||부강면|부강리|0|317|1|361104574728|0|67|50|10738|
3611033021|세종특별자치시||부강면|부강리|0|335|1|361104574728|0|67|52|10739|
3611033021|세종특별자치시||부강면|부강리|0|350|4|361104574728|0|71|0|10741|
3611033021|세종특별자치시||부강면|부강리|0|1169|0|361104574728|0|71|0|10742|
3611033021|세종특별자치시||부강면|부강리|0|350|4|361104574728|0|73|0|10743|
3611033021|세종특별자치시||부강면|부강리|0|332|0|361104574728|0|75|10|10747|
3611033021|세종특별자치시||부강면|부강리|0|329|2|361104574728|0|75|12|10748|
3611033021|세종특별자치시||부강면|부강리|0|333|3|361104574728|0|75|22|10750|
3611033021|세종특별자치시||부강면|부강리|0|330|3|361104574728|0|77|0|10752|
3611033021|세종특별자치시||부강면|부강리|0|329|3|361104574728|0|81|0|10754|
3611033021|세종특별자치시||부강면|부강리|0|330|2|361104574728|0|81|0|10755|
3611033021|세종특별자치시||부강면|부강리|0|476|8|361104574729|0|17|0|25840|
3611033021|세종특별자치시||부강면|부강리|0|530|16|361104574729|0|24|5|10781|
3611033021|세종특별자치시||부강면|부강리|0|113|8|361104574729|0|27|0|10784|
3611033021|세종특별자치시||부강면|부강리|0|1182|0|361104574729|0|27|0|10785|
3611033022|세종특별자치시||부강면|행산리|0|367|0|361104574730|0|43|0|11049|
3611033022|세종특별자치시||부강면|행산리|0|382|0|361104574730|0|54|4|11051|
3611033022|세종특별자치시||부강면|행산리|0|384|1|361104574730|0|54|5|28750|
3611033022|세종특별자치시||부강면|행산리|0|422|0|361104574730|0|54|5|28751|
3611033022|세종특별자치시||부강면|행산리|0|395|4|361104574730|0|109|0|11053|
3611033022|세종특별자치시||부강면|행산리|1|40|3|361104574730|0|140|0|11056|
3611033022|세종특별자치시||부강면|행산리|0|360|0|361104574730|0|140|0|11057|
3611033022|세종특별자치시||부강면|행산리|1|39|0|361104574730|0|140|0|29400|
3611033022|세종특별자치시||부강면|행산리|0|356|1|361104574730|0|159|2|26480|
3611033022|세종특별자치시||부강면|행산리|0|357|0|361104574730|0|159|2|26481|
3611033022|세종특별자치시||부강면|행산리|0|358|0|361104574730|0|159|2|26482|
3611033022|세종특별자치시||부강면|행산리|0|359|0|361104574730|0|159|2|26483|
3611033022|세종특별자치시||부강면|행산리|0|259|3|361104574731|0|17|0|11077|
3611033022|세종특별자치시||부강면|행산리|0|269|9|361104574731|0|24|2|11079|
3611033022|세종특별자치시||부강면|행산리|1|26|8|361104574731|0|24|12|11081|
3611033022|세종특별자치시||부강면|행산리|0|318|1|361104574731|0|30|54|11084|
3611033022|세종특별자치시||부강면|행산리|0|315|0|361104574731|0|30|64|11087|
3611033022|세종특별자치시||부강면|행산리|0|314|2|361104574731|0|30|82|31620|
3611033022|세종특별자치시||부강면|행산리|0|301|1|361104574731|0|30|88|11092|
3611011400|세종특별자치시||도담동||0|451|0|361104574748|0|16|11|23957|
3611011300|세종특별자치시||아름동||0|1048|0|361104574759|0|5|0|23512|
3611011900|세종특별자치시||세종동||0|734|16|361104852246|0|3|4|20651|
3611010100|세종특별자치시||반곡동||0|791|76|361104853189|0|21|0|28900|
3611010100|세종특별자치시||반곡동||0|824|15|361104853189|0|21|0|28901|
3611010100|세종특별자치시||반곡동||0|46|9|361104853189|0|21|0|28902|
3611010100|세종특별자치시||반곡동||0|46|10|361104853189|0|21|0|28903|
3611010100|세종특별자치시||반곡동||0|824|16|361104853189|0|21|0|28904|
3611010100|세종특별자치시||반곡동||0|43|1|361104853189|0|21|0|28905|
3611010100|세종특별자치시||반곡동||0|42|24|361104853189|0|21|0|28907|
3611010100|세종특별자치시||반곡동||0|42|25|361104853189|0|21|0|28908|
3611010100|세종특별자치시||반곡동||0|42|26|361104853189|0|21|0|28909|
3611010100|세종특별자치시||반곡동||0|816|32|361104853189|0|21|0|28910|
3611010100|세종특별자치시||반곡동||0|176|1|361104853189|0|21|0|28911|
3611010100|세종특별자치시||반곡동||0|797|5|361104853189|0|21|0|28912|
3611010100|세종특별자치시||반곡동||0|176|2|361104853189|0|21|0|28913|
3611010100|세종특별자치시||반곡동||0|42|30|361104853189|0|21|0|28914|
3611010100|세종특별자치시||반곡동||0|179|3|361104853190|0|12|0|30100|
3611011200|세종특별자치시||고운동||0|1594|0|361104853203|0|10|0|23531|
3611035023|세종특별자치시||장군면|대교리|0|338|27|361104853307|0|21|0|19580|
3611035023|세종특별자치시||장군면|대교리|0|338|13|361104853307|0|21|0|19581|
3611035023|세종특별자치시||장군면|대교리|0|335|10|361104853307|0|29|0|17882|
3611035023|세종특별자치시||장군면|대교리|0|335|61|361104853307|0|37|1|19394|
3611035023|세종특별자치시||장군면|대교리|0|335|63|361104853307|0|37|1|19395|
3611035023|세종특별자치시||장군면|대교리|0|335|26|361104853307|0|55|0|18641|
3611036026|세종특별자치시||연서면|쌍류리|0|610|7|361104853345|0|32|0|19393|
3611032028|세종특별자치시||연동면|합강리|1|487|5|361104853376|0|35|0|31500|
3611032028|세종특별자치시||연동면|합강리|1|8|1|361104853376|0|35|0|31501|
3611033023|세종특별자치시||부강면|산수리|0|500|2|361104853672|0|47|8|22872|
3611034041|세종특별자치시||금남면|영곡리|0|106|50|361104853781|0|36|0|22960|
3611034041|세종특별자치시||금남면|영곡리|0|106|4|361104853781|0|43|0|22790|
3611035021|세종특별자치시||장군면|도계리|0|282|18|361104854086|0|11|0|23533|
3611035021|세종특별자치시||장군면|도계리|0|282|18|361104854086|0|13|7|23534|
3611035026|세종특별자치시||장군면|하봉리|0|62|2|361104854818|0|38|9|20890|
3611035026|세종특별자치시||장군면|하봉리|0|448|0|361104854818|0|40|0|7969|
3611035026|세종특별자치시||장군면|하봉리|0|64|2|361104854818|0|40|0|7970|
3611035024|세종특별자치시||장군면|봉안리|0|4|30|361104855338|0|33|2|23638|
3611035024|세종특별자치시||장군면|봉안리|0|4|30|361104855338|0|33|7|23952|
3611035024|세종특별자치시||장군면|봉안리|0|4|30|361104855338|0|33|9|23951|
3611039022|세종특별자치시||소정면|운당리|0|246|4|361104856611|0|38|0|16928|
3611039022|세종특별자치시||소정면|운당리|0|267|0|361104856613|0|16|0|16933|
3611039022|세종특별자치시||소정면|운당리|0|251|2|361104856614|0|4|0|16930|
3611039022|세종특별자치시||소정면|운당리|0|191|7|361104856615|0|2|0|16935|
3611039022|세종특별자치시||소정면|운당리|0|266|2|361104856615|0|26|0|16934|
3611039022|세종특별자치시||소정면|운당리|0|271|3|361104856617|0|18|0|16937|
3611039022|세종특별자치시||소정면|운당리|0|126|22|361104856619|0|37|0|25760|
3611035023|세종특별자치시||장군면|대교리|0|79|99|361104856625|0|15|0|23400|
3611035024|세종특별자치시||장군면|봉안리|0|22|0|361104856642|0|8|0|23589|
3611037035|세종특별자치시||전의면|다방리|0|368|1|361104857422|0|6|0|16473|
3611037035|세종특별자치시||전의면|다방리|0|378|1|361104857422|0|23|0|24426|
3611035023|세종특별자치시||장군면|대교리|0|79|4|361104857722|0|14|0|24694|
3611035023|세종특별자치시||장군면|대교리|0|232|5|361104857723|0|14|0|24681|
3611025030|세종특별자치시||조치원읍|죽림리|0|355|9|361104857726|0|6|0|26681|
3611035023|세종특별자치시||장군면|대교리|1|33|2|361104857867|0|19|0|7807|
3611035023|세종특별자치시||장군면|대교리|0|481|3|361104857867|0|26|0|7775|
3611034032|세종특별자치시||금남면|달전리|0|228|4|361104857873|0|15|0|16249|
3611034031|세종특별자치시||금남면|영대리|0|584|2|361104857883|0|18|3|14780|
3611034031|세종특별자치시||금남면|영대리|0|584|2|361104857883|0|18|5|14779|
3611034031|세종특별자치시||금남면|영대리|0|157|0|361104857889|0|50|0|14781|
3611037023|세종특별자치시||전의면|서정리|0|213|0|361104858072|0|24|0|30620|
3611037023|세종특별자치시||전의면|서정리|0|396|18|361104858073|0|83|0|25081|
3611037023|세종특별자치시||전의면|서정리|0|396|7|361104858073|0|83|0|25082|
3611037023|세종특별자치시||전의면|서정리|0|396|10|361104858073|0|84|0|25083|
3611037023|세종특별자치시||전의면|서정리|0|396|1|361104858073|0|85|0|25080|
3611010100|세종특별자치시||반곡동||0|948|0|361104858081|0|12|0|30080|
3611025029|세종특별자치시||조치원읍|신흥리|0|322|4|361104858241|0|2|4|17597|
3611025029|세종특별자치시||조치원읍|신흥리|0|286|1|361104858241|0|10|0|116|
3611034032|세종특별자치시||금남면|달전리|0|223|1|361104858258|0|6|0|24998|
3611034032|세종특별자치시||금남면|달전리|0|699|66|361104858258|0|6|0|24999|
3611034032|세종특별자치시||금남면|달전리|0|736|0|361104858258|0|6|0|25000|
3611034032|세종특별자치시||금남면|달전리|1|24|1|361104858259|0|111|0|16251|
3611025030|세종특별자치시||조치원읍|죽림리|0|245|6|361104858547|0|60|0|29820|
3611035023|세종특별자치시||장군면|대교리|0|514|6|361104858566|0|2|0|26762|
3611035023|세종특별자치시||장군면|대교리|0|113|22|361104858566|0|2|0|26763|
3611035023|세종특별자치시||장군면|대교리|0|113|10|361104858566|0|2|0|26764|
3611035023|세종특별자치시||장군면|대교리|0|515|19|361104858566|0|2|0|26765|
3611035023|세종특별자치시||장군면|대교리|0|515|8|361104858566|0|2|0|26766|
3611035023|세종특별자치시||장군면|대교리|0|515|15|361104858566|0|2|0|26767|
3611035023|세종특별자치시||장군면|대교리|0|515|16|361104858566|0|2|0|26768|
3611035023|세종특별자치시||장군면|대교리|0|515|10|361104858566|0|2|0|26769|
3611035023|세종특별자치시||장군면|대교리|0|514|8|361104858566|0|2|0|26770|
3611035023|세종특별자치시||장군면|대교리|0|514|9|361104858566|0|2|0|26771|
3611025034|세종특별자치시||조치원읍|서창리|0|133|29|361104858792|0|8|0|14422|
3611036021|세종특별자치시||연서면|월하리|0|990|16|361104859117|0|5|0|15656|
3611036021|세종특별자치시||연서면|월하리|0|994|0|361104859117|0|12|1|15658|
3611038027|세종특별자치시||전동면|송정리|0|401|0|361104859981|0|9|0|31685|
3611038027|세종특별자치시||전동면|송정리|0|401|5|361104859981|0|9|0|31686|
3611038027|세종특별자치시||전동면|송정리|0|401|35|361104859981|0|9|0|31687|
3611038027|세종특별자치시||전동면|송정리|0|401|37|361104859981|0|9|0|31688|
3611038027|세종특별자치시||전동면|송정리|0|401|38|361104859981|0|9|0|31689|
3611031024|세종특별자치시||연기면|수산리|0|136|1|361104860759|0|9|1|15644|
3611031024|세종특별자치시||연기면|수산리|0|128|3|361104860759|0|9|15|15645|
3611031024|세종특별자치시||연기면|수산리|0|128|4|361104860759|0|9|15|15646|
3611031024|세종특별자치시||연기면|수산리|0|129|2|361104860759|0|9|15|15647|
3611031024|세종특별자치시||연기면|수산리|1|43|0|361104860759|0|35|81|268|
3611038024|세종특별자치시||전동면|석곡리|0|34|9|361104861537|0|1278|0|31120|
3611038024|세종특별자치시||전동면|석곡리|0|34|10|361104861537|0|1278|0|31121|
3611038024|세종특별자치시||전동면|석곡리|0|36|13|361104861537|0|1278|0|31122|
3611038024|세종특별자치시||전동면|석곡리|0|79|1|361104861537|0|1278|0|31123|
3611038024|세종특별자치시||전동면|석곡리|0|79|2|361104861537|0|1278|0|31124|
3611038024|세종특별자치시||전동면|석곡리|0|376|1|361104861537|0|1278|0|31125|
3611038024|세종특별자치시||전동면|석곡리|0|376|2|361104861537|0|1278|0|31126|
3611038024|세종특별자치시||전동면|석곡리|0|376|3|361104861537|0|1278|0|31127|
3611038024|세종특별자치시||전동면|석곡리|0|377|1|361104861537|0|1278|0|31128|
3611038024|세종특별자치시||전동면|석곡리|0|377|2|361104861537|0|1278|0|31129|
3611035033|세종특별자치시||장군면|용암리|0|678|26|361104863935|0|34|0|17113|
3611035033|세종특별자치시||장군면|용암리|0|454|0|361104863937|0|59|0|8713|
